b 1
b 2
b 3
b 4
b 5
b 6
b 7
b 8
b 9
b 10
b 11
b 12
b 13
b 14
b 15
b 16
b 17
b 18
b 19
b 20
b 21
b 22
b 23
b 24
b 25
b 26
b 27
b 28
b 29
b 30
b 31
b 32
b 33
b 34
b 35
b 36
b 37
b 38
b 39
b 40
b 41
b 42
b 43
b 44
b 45
b 46
b 47
b 48
b 49
b 50
b 51
b 52
b 53
b 54
b 55
b 56
b 57
b 58
b 59
b 60
b 61
b 62
b 63
b 64
b 65
b 66
b 67
b 68
b 69
b 70
b 71
b 72
b 73
b 74
b 75
b 76
b 77
b 78
b 79
b 80
b 81
b 82
b 83
b 84
b 85
b 86
b 87
b 88
b 89
b 90
b 91
b 92
b 93
b 94
b 95
b 96
b 97
b 98
b 99
b 100
b 101
b 102
b 103
b 104
b 105
b 106
b 107
b 108
b 109
b 110
b 111
b 112
b 113
b 114
b 115
b 116
b 117
b 118
b 119
b 120
b 121
b 122
b 123
b 124
b 125
b 126
b 127
b 128
b 129
b 130
b 131
b 132
b 133
b 134
b 135
b 136
b 137
b 138
b 139
b 140
b 141
b 142
b 143
b 144
b 145
b 146
b 147
b 148
b 149
b 150
b 151
b 152
b 153
b 154
b 155
b 156
b 157
b 158
b 159
b 160
b 161
b 162
b 163
b 164
b 165
b 166
b 167
b 168
b 169
b 170
b 171
b 172
b 173
b 174
b 175
b 176
b 177
b 178
b 179
b 180
b 181
b 182
b 183
b 184
b 185
b 186
b 187
b 188
b 189
b 190
b 191
b 192
b 193
b 194
b 195
b 196
b 197
b 198
b 199
b 200
b 201
b 202
b 203
b 204
b 205
b 206
b 207
b 208
b 209
b 210
b 211
b 212
b 213
b 214
b 215
b 216
b 217
b 218
b 219
b 220
b 221
b 222
b 223
b 224
b 225
b 226
b 227
b 228
b 229
b 230
b 231
b 232
b 233
b 234
b 235
b 236
b 237
b 238
b 239
b 240
b 241
b 242
b 243
b 244
b 245
b 246
b 247
b 248
b 249
b 250
b 251
b 252
b 253
b 254
b 255
b 256
b 257
b 258
b 259
b 260
b 261
b 262
b 263
b 264
b 265
b 266
b 267
b 268
b 269
b 270
b 271
b 272
b 273
b 274
b 275
b 276
b 277
b 278
b 279
b 280
b 281
b 282
b 283
b 284
b 285
b 286
b 287
b 288
b 289
b 290
b 291
b 292
b 293
b 294
b 295
b 296
b 297
b 298
b 299
b 300
b 301
b 302
b 303
b 304
b 305
b 306
b 307
b 308
b 309
b 310
b 311
b 312
b 313
b 314
b 315
b 316
b 317
b 318
b 319
b 320
b 321
b 322
b 323
b 324
b 325
b 326
b 327
b 328
b 329
b 330
b 331
b 332
b 333
b 334
b 335
b 336
b 337
b 338
b 339
b 340
b 341
b 342
b 343
b 344
b 345
b 346
b 347
b 348
b 349
b 350
b 351
b 352
b 353
b 354
b 355
b 356
b 357
b 358
b 359
b 360
b 361
b 362
b 363
b 364
b 365
b 366
b 367
b 368
b 369
b 370
b 371
b 372
b 373
b 374
b 375
b 376
b 377
b 378
b 379
b 380
b 381
b 382
b 383
b 384
b 385
b 386
b 387
b 388
b 389
b 390
b 391
b 392
b 393
b 394
b 395
b 396
b 397
b 398
b 399
b 400
b 401
b 402
b 403
b 404
b 405
b 406
b 407
b 408
b 409
b 410
b 411
b 412
b 413
b 414
b 415
b 416
b 417
b 418
b 419
b 420
b 421
b 422
b 423
b 424
b 425
b 426
b 427
b 428
b 429
b 430
b 431
b 432
b 433
b 434
b 435
b 436
b 437
b 438
b 439
b 440
b 441
b 442
b 443
b 444
b 445
b 446
b 447
b 448
b 449
b 450
b 451
b 452
b 453
b 454
b 455
b 456
b 457
b 458
b 459
b 460
b 461
b 462
b 463
b 464
b 465
b 466
b 467
b 468
b 469
b 470
b 471
b 472
b 473
b 474
b 475
b 476
b 477
b 478
b 479
b 480
b 481
b 482
b 483
b 484
b 485
b 486
b 487
b 488
b 489
b 490
b 491
b 492
b 493
b 494
b 495
b 496
b 497
b 498
b 499
b 500
b 501
b 502
b 503
b 504
b 505
b 506
b 507
b 508
b 509
b 510
b 511
b 512
b 513
b 514
b 515
b 516
b 517
b 518
b 519
b 520
b 521
b 522
b 523
b 524
b 525
b 526
b 527
b 528
b 529
b 530
b 531
b 532
b 533
b 534
b 535
b 536
b 537
b 538
b 539
b 540
b 541
b 542
b 543
b 544
b 545
b 546
b 547
b 548
b 549
b 550
b 551
b 552
b 553
b 554
b 555
b 556
b 557
b 558
b 559
b 560
b 561
b 562
b 563
b 564
b 565
b 566
b 567
b 568
b 569
b 570
b 571
b 572
b 573
b 574
b 575
b 576
b 577
b 578
b 579
b 580
b 581
b 582
b 583
b 584
b 585
b 586
b 587
b 588
b 589
b 590
b 591
b 592
b 593
b 594
b 595
b 596
b 597
b 598
b 599
b 600
b 601
b 602
b 603
b 604
b 605
b 606
b 607
b 608
b 609
b 610
b 611
b 612
b 613
b 614
b 615
b 616
b 617
b 618
b 619
b 620
b 621
b 622
b 623
b 624
b 625
b 626
b 627
b 628
b 629
b 630
b 631
b 632
b 633
b 634
b 635
b 636
b 637
b 638
b 639
b 640
b 641
b 642
b 643
b 644
b 645
b 646
b 647
b 648
b 649
b 650
b 651
b 652
b 653
b 654
b 655
b 656
b 657
b 658
b 659
b 660
b 661
b 662
b 663
b 664
b 665
b 666
b 667
b 668
b 669
b 670
b 671
b 672
b 673
b 674
b 675
b 676
b 677
b 678
b 679
b 680
b 681
b 682
b 683
b 684
b 685
b 686
b 687
b 688
b 689
b 690
b 691
b 692
b 693
b 694
b 695
b 696
b 697
b 698
b 699
b 700
b 701
b 702
b 703
b 704
b 705
b 706
b 707
b 708
b 709
b 710
b 711
b 712
b 713
b 714
b 715
b 716
b 717
b 718
b 719
b 720
b 721
b 722
b 723
b 724
b 725
b 726
b 727
b 728
b 729
b 730
b 731
b 732
b 733
b 734
b 735
b 736
b 737
b 738
b 739
b 740
b 741
b 742
b 743
b 744
b 745
b 746
b 747
b 748
b 749
b 750
b 751
b 752
b 753
b 754
b 755
b 756
b 757
b 758
b 759
b 760
b 761
b 762
b 763
b 764
b 765
b 766
b 767
b 768
b 769
b 770
b 771
b 772
b 773
b 774
b 775
b 776
b 777
b 778
b 779
b 780
b 781
b 782
b 783
b 784
b 785
b 786
b 787
b 788
b 789
b 790
b 791
b 792
b 793
b 794
b 795
b 796
b 797
b 798
b 799
b 800
b 801
b 802
b 803
b 804
b 805
b 806
b 807
b 808
b 809
b 810
b 811
b 812
b 813
b 814
b 815
b 816
d 1 1
d 1 2
d 1 3
d 1 4
d 1 5
d 1 6
d 1 7
d 1 8
b 817
b 818
b 819
b 820
b 821
b 822
b 823
b 824
d 1 9
d 1 10
d 1 11
d 1 12
d 1 13
d 1 14
d 1 15
d 1 16
d 1 17
d 1 18
d 1 19
d 1 20
d 1 21
d 1 22
d 1 23
d 1 24
d 1 25
d 1 26
d 1 27
d 1 28
d 1 29
d 1 30
d 1 31
d 1 32
d 1 33
d 1 34
d 1 35
d 1 36
d 1 37
d 1 38
d 1 39
d 1 40
b 825
b 826
b 827
b 828
b 829
b 830
b 831
b 832
b 833
b 834
b 835
b 836
b 837
b 838
b 839
b 840
b 841
b 842
b 843
b 844
b 845
b 846
b 847
b 848
b 849
b 850
b 851
b 852
b 853
b 854
b 855
b 856
d 1 41
d 1 42
d 1 43
d 1 44
d 1 45
d 1 46
d 1 47
d 1 48
d 1 49
d 1 50
d 1 51
d 1 52
d 1 53
d 1 54
d 1 55
d 1 56
d 1 57
d 1 58
d 1 59
d 1 60
d 1 61
d 1 62
d 1 63
d 1 64
d 1 65
d 1 66
d 1 67
d 1 68
d 1 69
d 1 70
d 1 71
d 1 72
d 1 73
d 1 74
d 1 75
d 1 76
d 1 77
d 1 78
d 1 79
d 1 80
d 1 81
d 1 82
d 1 83
d 1 84
d 1 85
d 1 86
d 1 87
d 1 88
d 1 89
d 1 90
d 1 91
d 1 92
d 1 93
d 1 94
d 1 95
d 1 96
d 1 97
d 1 98
d 1 99
d 1 100
d 1 101
d 1 102
d 1 103
d 1 104
d 1 105
d 1 106
d 1 107
d 1 108
d 1 109
d 1 110
d 1 111
d 1 112
d 1 113
d 1 114
d 1 115
d 1 116
d 1 117
d 1 118
d 1 119
d 1 120
d 1 121
d 1 122
d 1 123
d 1 124
d 1 125
d 1 126
d 1 127
d 1 128
d 1 129
d 1 130
d 1 131
d 1 132
d 1 133
d 1 134
d 1 135
d 1 136
d 1 137
d 1 138
d 1 139
d 1 140
d 1 141
d 1 142
d 1 143
d 1 144
d 1 145
d 1 146
d 1 147
d 1 148
d 1 149
d 1 150
d 1 151
d 1 152
d 1 153
d 1 154
d 1 155
d 1 156
d 1 157
d 1 158
d 1 159
d 1 160
d 1 161
d 1 162
d 1 163
d 1 164
d 1 165
d 1 166
d 1 167
d 1 168
d 1 169
d 1 170
d 1 171
d 1 172
d 1 173
d 1 174
d 1 175
d 1 176
d 1 177
d 1 178
d 1 179
d 1 180
d 1 181
d 1 182
d 1 183
d 1 184
d 1 185
d 1 186
d 1 187
d 1 188
d 1 189
d 1 190
d 1 191
d 1 192
d 1 193
d 1 194
d 1 195
d 1 196
d 1 197
d 1 198
d 1 199
d 1 200
d 1 201
d 1 202
d 1 203
d 1 204
d 1 205
d 1 206
d 1 207
d 1 208
b 857
b 858
b 859
b 860
b 861
b 862
b 863
b 864
b 865
b 866
b 867
b 868
b 869
b 870
b 871
b 872
b 873
b 874
b 875
b 876
b 877
b 878
b 879
b 880
b 881
b 882
b 883
b 884
b 885
b 886
b 887
b 888
b 889
b 890
b 891
b 892
b 893
b 894
b 895
b 896
b 897
b 898
b 899
b 900
b 901
b 902
b 903
b 904
b 905
b 906
b 907
b 908
b 909
b 910
b 911
b 912
b 913
b 914
b 915
b 916
b 917
b 918
b 919
b 920
b 921
b 922
b 923
b 924
b 925
b 926
b 927
b 928
b 929
b 930
b 931
b 932
b 933
b 934
b 935
b 936
b 937
b 938
b 939
b 940
b 941
b 942
b 943
b 944
b 945
b 946
b 947
b 948
b 949
b 950
b 951
b 952
b 953
b 954
b 955
b 956
b 957
b 958
b 959
b 960
b 961
b 962
b 963
b 964
b 965
b 966
b 967
b 968
b 969
b 970
b 971
b 972
b 973
b 974
b 975
b 976
b 977
b 978
b 979
b 980
b 981
b 982
b 983
b 984
b 985
b 986
b 987
b 988
b 989
b 990
b 991
b 992
b 993
b 994
b 995
b 996
b 997
b 998
b 999
b 1000
b 1001
b 1002
b 1003
b 1004
b 1005
b 1006
b 1007
b 1008
b 1009
b 1010
b 1011
b 1012
b 1013
b 1014
b 1015
b 1016
b 1017
b 1018
b 1019
b 1020
b 1021
b 1022
b 1023
b 1024
d 1 209
d 1 210
d 1 211
d 1 212
d 1 213
d 1 214
d 1 215
d 1 216
b 1025
b 1026
b 1027
b 1028
b 1029
b 1030
b 1031
b 1032
d 1 217
d 1 218
d 1 219
d 1 220
d 1 221
d 1 222
d 1 223
d 1 224
d 1 225
d 1 226
d 1 227
d 1 228
d 1 229
d 1 230
d 1 231
d 1 232
d 1 233
d 1 234
d 1 235
d 1 236
d 1 237
d 1 238
d 1 239
d 1 240
d 1 241
d 1 242
d 1 243
d 1 244
d 1 245
d 1 246
d 1 247
d 1 248
d 1 249
d 1 250
d 1 251
d 1 252
d 1 253
d 1 254
d 1 255
d 1 256
d 1 257
d 1 258
d 1 259
d 1 260
d 1 261
d 1 262
d 1 263
d 1 264
d 1 265
d 1 266
d 1 267
d 1 268
d 1 269
d 1 270
d 1 271
d 1 272
d 1 273
d 1 274
d 1 275
d 1 276
d 1 277
d 1 278
d 1 279
d 1 280
d 1 281
d 1 282
d 1 283
d 1 284
d 1 285
d 1 286
d 1 287
d 1 288
d 1 289
d 1 290
d 1 291
d 1 292
d 1 293
d 1 294
d 1 295
d 1 296
d 1 297
d 1 298
d 1 299
d 1 300
d 1 301
d 1 302
d 1 303
d 1 304
d 1 305
d 1 306
d 1 307
d 1 308
d 1 309
d 1 310
d 1 311
d 1 312
d 1 313
d 1 314
d 1 315
d 1 316
d 1 317
d 1 318
d 1 319
d 1 320
d 1 321
d 1 322
d 1 323
d 1 324
d 1 325
d 1 326
d 1 327
d 1 328
d 1 329
d 1 330
d 1 331
d 1 332
d 1 333
d 1 334
d 1 335
d 1 336
d 1 337
d 1 338
d 1 339
d 1 340
d 1 341
d 1 342
d 1 343
d 1 344
d 1 345
d 1 346
d 1 347
d 1 348
d 1 349
d 1 350
d 1 351
d 1 352
b 1033
b 1034
b 1035
b 1036
b 1037
b 1038
b 1039
b 1040
b 1041
b 1042
b 1043
b 1044
b 1045
b 1046
b 1047
b 1048
b 1049
b 1050
b 1051
b 1052
b 1053
b 1054
b 1055
b 1056
b 1057
b 1058
b 1059
b 1060
b 1061
b 1062
b 1063
b 1064
b 1065
b 1066
b 1067
b 1068
b 1069
b 1070
b 1071
b 1072
b 1073
b 1074
b 1075
b 1076
b 1077
b 1078
b 1079
b 1080
b 1081
b 1082
b 1083
b 1084
b 1085
b 1086
b 1087
b 1088
b 1089
b 1090
b 1091
b 1092
b 1093
b 1094
b 1095
b 1096
b 1097
b 1098
b 1099
b 1100
b 1101
b 1102
b 1103
b 1104
b 1105
b 1106
b 1107
b 1108
b 1109
b 1110
b 1111
b 1112
b 1113
b 1114
b 1115
b 1116
b 1117
b 1118
b 1119
b 1120
b 1121
b 1122
b 1123
b 1124
b 1125
b 1126
b 1127
b 1128
b 1129
b 1130
b 1131
b 1132
b 1133
b 1134
b 1135
b 1136
b 1137
b 1138
b 1139
b 1140
b 1141
b 1142
b 1143
b 1144
b 1145
b 1146
b 1147
b 1148
b 1149
b 1150
b 1151
b 1152
b 1153
b 1154
b 1155
b 1156
b 1157
b 1158
b 1159
b 1160
b 1161
b 1162
b 1163
b 1164
b 1165
b 1166
b 1167
b 1168
d 1 353
d 1 354
d 1 355
d 1 356
d 1 357
d 1 358
d 1 359
d 1 360
b 1169
b 1170
b 1171
b 1172
b 1173
b 1174
b 1175
b 1176
d 1 361
d 1 362
d 1 363
d 1 364
d 1 365
d 1 366
d 1 367
d 1 368
d 1 369
d 1 370
d 1 371
d 1 372
d 1 373
d 1 374
d 1 375
d 1 376
d 1 377
d 1 378
d 1 379
d 1 380
d 1 381
d 1 382
d 1 383
d 1 384
d 1 385
d 1 386
d 1 387
d 1 388
d 1 389
d 1 390
d 1 391
d 1 392
d 1 393
d 1 394
d 1 395
d 1 396
d 1 397
d 1 398
d 1 399
d 1 400
d 1 401
d 1 402
d 1 403
d 1 404
d 1 405
d 1 406
d 1 407
d 1 408
d 1 409
d 1 410
d 1 411
d 1 412
d 1 413
d 1 414
d 1 415
d 1 416
d 1 417
d 1 418
d 1 419
d 1 420
d 1 421
d 1 422
d 1 423
d 1 424
d 1 425
d 1 426
d 1 427
d 1 428
d 1 429
d 1 430
d 1 431
d 1 432
d 1 433
d 1 434
d 1 435
d 1 436
d 1 437
d 1 438
d 1 439
d 1 440
d 1 441
d 1 442
d 1 443
d 1 444
d 1 445
d 1 446
d 1 447
d 1 448
d 1 449
d 1 450
d 1 451
d 1 452
d 1 453
d 1 454
d 1 455
d 1 456
d 1 457
d 1 458
d 1 459
d 1 460
d 1 461
d 1 462
d 1 463
d 1 464
d 1 465
d 1 466
d 1 467
d 1 468
d 1 469
d 1 470
d 1 471
d 1 472
d 1 473
d 1 474
d 1 475
d 1 476
d 1 477
d 1 478
d 1 479
d 1 480
d 1 481
d 1 482
d 1 483
d 1 484
d 1 485
d 1 486
d 1 487
d 1 488
d 1 489
d 1 490
d 1 491
d 1 492
d 1 493
d 1 494
d 1 495
d 1 496
d 1 497
d 1 498
d 1 499
d 1 500
d 1 501
d 1 502
d 1 503
d 1 504
d 1 505
d 1 506
d 1 507
d 1 508
d 1 509
d 1 510
d 1 511
d 1 512
d 1 513
d 1 514
d 1 515
d 1 516
d 1 517
d 1 518
d 1 519
d 1 520
d 1 521
d 1 522
d 1 523
d 1 524
d 1 525
d 1 526
d 1 527
d 1 528
d 1 529
d 1 530
d 1 531
d 1 532
d 1 533
d 1 534
d 1 535
d 1 536
d 1 537
d 1 538
d 1 539
d 1 540
d 1 541
d 1 542
d 1 543
d 1 544
d 1 545
d 1 546
d 1 547
d 1 548
d 1 549
d 1 550
d 1 551
d 1 552
d 1 553
d 1 554
d 1 555
d 1 556
d 1 557
d 1 558
d 1 559
d 1 560
d 1 561
d 1 562
d 1 563
d 1 564
d 1 565
d 1 566
d 1 567
d 1 568
d 1 569
d 1 570
d 1 571
d 1 572
d 1 573
d 1 574
d 1 575
d 1 576
d 1 577
d 1 578
d 1 579
d 1 580
d 1 581
d 1 582
d 1 583
d 1 584
d 1 585
d 1 586
d 1 587
d 1 588
d 1 589
d 1 590
d 1 591
d 1 592
d 1 593
d 1 594
d 1 595
d 1 596
d 1 597
d 1 598
d 1 599
d 1 600
b 1177
b 1178
b 1179
b 1180
b 1181
b 1182
b 1183
b 1184
b 1185
b 1186
b 1187
b 1188
b 1189
b 1190
b 1191
b 1192
b 1193
b 1194
b 1195
b 1196
b 1197
b 1198
b 1199
b 1200
b 1201
b 1202
b 1203
b 1204
b 1205
b 1206
b 1207
b 1208
b 1209
b 1210
b 1211
b 1212
b 1213
b 1214
b 1215
b 1216
b 1217
b 1218
b 1219
b 1220
b 1221
b 1222
b 1223
b 1224
b 1225
b 1226
b 1227
b 1228
b 1229
b 1230
b 1231
b 1232
b 1233
b 1234
b 1235
b 1236
b 1237
b 1238
b 1239
b 1240
b 1241
b 1242
b 1243
b 1244
b 1245
b 1246
b 1247
b 1248
b 1249
b 1250
b 1251
b 1252
b 1253
b 1254
b 1255
b 1256
b 1257
b 1258
b 1259
b 1260
b 1261
b 1262
b 1263
b 1264
b 1265
b 1266
b 1267
b 1268
b 1269
b 1270
b 1271
b 1272
b 1273
b 1274
b 1275
b 1276
b 1277
b 1278
b 1279
b 1280
b 1281
b 1282
b 1283
b 1284
b 1285
b 1286
b 1287
b 1288
b 1289
b 1290
b 1291
b 1292
b 1293
b 1294
b 1295
b 1296
b 1297
b 1298
b 1299
b 1300
b 1301
b 1302
b 1303
b 1304
b 1305
b 1306
b 1307
b 1308
b 1309
b 1310
b 1311
b 1312
b 1313
b 1314
b 1315
b 1316
b 1317
b 1318
b 1319
b 1320
b 1321
b 1322
b 1323
b 1324
b 1325
b 1326
b 1327
b 1328
b 1329
b 1330
b 1331
b 1332
b 1333
b 1334
b 1335
b 1336
b 1337
b 1338
b 1339
b 1340
b 1341
b 1342
b 1343
b 1344
b 1345
b 1346
b 1347
b 1348
b 1349
b 1350
b 1351
b 1352
b 1353
b 1354
b 1355
b 1356
b 1357
b 1358
b 1359
b 1360
b 1361
b 1362
b 1363
b 1364
b 1365
b 1366
b 1367
b 1368
b 1369
b 1370
b 1371
b 1372
b 1373
b 1374
b 1375
b 1376
b 1377
b 1378
b 1379
b 1380
b 1381
b 1382
b 1383
b 1384
b 1385
b 1386
b 1387
b 1388
b 1389
b 1390
b 1391
b 1392
b 1393
b 1394
b 1395
b 1396
b 1397
b 1398
b 1399
b 1400
b 1401
b 1402
b 1403
b 1404
b 1405
b 1406
b 1407
b 1408
b 1409
b 1410
b 1411
b 1412
b 1413
b 1414
b 1415
b 1416
d 1 601
d 1 602
d 1 603
d 1 604
d 1 605
d 1 606
d 1 607
d 1 608
d 1 609
d 1 610
d 1 611
d 1 612
d 1 613
d 1 614
d 1 615
d 1 616
d 1 617
d 1 618
d 1 619
d 1 620
d 1 621
d 1 622
d 1 623
d 1 624
d 1 625
d 1 626
d 1 627
d 1 628
d 1 629
d 1 630
d 1 631
d 1 632
d 1 633
d 1 634
d 1 635
d 1 636
d 1 637
d 1 638
d 1 639
d 1 640
d 1 641
d 1 642
d 1 643
d 1 644
d 1 645
d 1 646
d 1 647
d 1 648
d 1 649
d 1 650
d 1 651
d 1 652
d 1 653
d 1 654
d 1 655
d 1 656
d 1 657
d 1 658
d 1 659
d 1 660
d 1 661
d 1 662
d 1 663
d 1 664
d 1 665
d 1 666
d 1 667
d 1 668
d 1 669
d 1 670
d 1 671
d 1 672
d 1 673
d 1 674
d 1 675
d 1 676
d 1 677
d 1 678
d 1 679
d 1 680
d 1 681
d 1 682
d 1 683
d 1 684
d 1 685
d 1 686
d 1 687
d 1 688
d 1 689
d 1 690
d 1 691
d 1 692
d 1 693
d 1 694
d 1 695
d 1 696
d 1 697
d 1 698
d 1 699
d 1 700
d 1 701
d 1 702
d 1 703
d 1 704
d 1 705
d 1 706
d 1 707
d 1 708
d 1 709
d 1 710
d 1 711
d 1 712
d 1 713
d 1 714
d 1 715
d 1 716
d 1 717
d 1 718
d 1 719
d 1 720
d 1 721
d 1 722
d 1 723
d 1 724
d 1 725
d 1 726
d 1 727
d 1 728
d 1 729
d 1 730
d 1 731
d 1 732
d 1 733
d 1 734
d 1 735
d 1 736
d 1 737
d 1 738
d 1 739
d 1 740
d 1 741
d 1 742
d 1 743
d 1 744
d 1 745
d 1 746
d 1 747
d 1 748
d 1 749
d 1 750
d 1 751
d 1 752
d 1 753
d 1 754
d 1 755
d 1 756
d 1 757
d 1 758
d 1 759
d 1 760
d 1 761
d 1 762
d 1 763
d 1 764
d 1 765
d 1 766
d 1 767
d 1 768
d 1 769
d 1 770
d 1 771
d 1 772
d 1 773
d 1 774
d 1 775
d 1 776
d 1 777
d 1 778
d 1 779
d 1 780
d 1 781
d 1 782
d 1 783
d 1 784
d 1 785
d 1 786
d 1 787
d 1 788
d 1 789
d 1 790
d 1 791
d 1 792
d 1 793
d 1 794
d 1 795
d 1 796
d 1 797
d 1 798
d 1 799
d 1 800
d 1 801
d 1 802
d 1 803
d 1 804
d 1 805
d 1 806
d 1 807
d 1 808
d 1 809
d 1 810
d 1 811
d 1 812
d 1 813
d 1 814
d 1 815
d 1 816
d 1 817
d 1 818
d 1 819
d 1 820
d 1 821
d 1 822
d 1 823
d 1 824
d 1 825
d 1 826
d 1 827
d 1 828
d 1 829
d 1 830
d 1 831
d 1 832
d 1 833
d 1 834
d 1 835
d 1 836
d 1 837
d 1 838
d 1 839
d 1 840
d 1 841
d 1 842
d 1 843
d 1 844
d 1 845
d 1 846
d 1 847
d 1 848
d 1 849
d 1 850
d 1 851
d 1 852
d 1 853
d 1 854
d 1 855
d 1 856
d 1 857
d 1 858
d 1 859
d 1 860
d 1 861
d 1 862
d 1 863
d 1 864
d 1 865
d 1 866
d 1 867
d 1 868
d 1 869
d 1 870
d 1 871
d 1 872
d 1 873
d 1 874
d 1 875
d 1 876
d 1 877
d 1 878
d 1 879
d 1 880
b 1417
b 1418
b 1419
b 1420
b 1421
b 1422
b 1423
b 1424
b 1425
b 1426
b 1427
b 1428
b 1429
b 1430
b 1431
b 1432
b 1433
b 1434
b 1435
b 1436
b 1437
b 1438
b 1439
b 1440
b 1441
b 1442
b 1443
b 1444
b 1445
b 1446
b 1447
b 1448
b 1449
b 1450
b 1451
b 1452
b 1453
b 1454
b 1455
b 1456
b 1457
b 1458
b 1459
b 1460
b 1461
b 1462
b 1463
b 1464
b 1465
b 1466
b 1467
b 1468
b 1469
b 1470
b 1471
b 1472
b 1473
b 1474
b 1475
b 1476
b 1477
b 1478
b 1479
b 1480
b 1481
b 1482
b 1483
b 1484
b 1485
b 1486
b 1487
b 1488
b 1489
b 1490
b 1491
b 1492
b 1493
b 1494
b 1495
b 1496
b 1497
b 1498
b 1499
b 1500
b 1501
b 1502
b 1503
b 1504
b 1505
b 1506
b 1507
b 1508
b 1509
b 1510
b 1511
b 1512
b 1513
b 1514
b 1515
b 1516
b 1517
b 1518
b 1519
b 1520
b 1521
b 1522
b 1523
b 1524
b 1525
b 1526
b 1527
b 1528
b 1529
b 1530
b 1531
b 1532
b 1533
b 1534
b 1535
b 1536
b 1537
b 1538
b 1539
b 1540
b 1541
b 1542
b 1543
b 1544
b 1545
b 1546
b 1547
b 1548
b 1549
b 1550
b 1551
b 1552
b 1553
b 1554
b 1555
b 1556
b 1557
b 1558
b 1559
b 1560
b 1561
b 1562
b 1563
b 1564
b 1565
b 1566
b 1567
b 1568
b 1569
b 1570
b 1571
b 1572
b 1573
b 1574
b 1575
b 1576
b 1577
b 1578
b 1579
b 1580
b 1581
b 1582
b 1583
b 1584
b 1585
b 1586
b 1587
b 1588
b 1589
b 1590
b 1591
b 1592
b 1593
b 1594
b 1595
b 1596
b 1597
b 1598
b 1599
b 1600
b 1601
b 1602
b 1603
b 1604
b 1605
b 1606
b 1607
b 1608
b 1609
b 1610
b 1611
b 1612
b 1613
b 1614
b 1615
b 1616
b 1617
b 1618
b 1619
b 1620
b 1621
b 1622
b 1623
b 1624
b 1625
b 1626
b 1627
b 1628
b 1629
b 1630
b 1631
b 1632
b 1633
b 1634
b 1635
b 1636
b 1637
b 1638
b 1639
b 1640
b 1641
b 1642
b 1643
b 1644
b 1645
b 1646
b 1647
b 1648
b 1649
b 1650
b 1651
b 1652
b 1653
b 1654
b 1655
b 1656
b 1657
b 1658
b 1659
b 1660
b 1661
b 1662
b 1663
b 1664
b 1665
b 1666
b 1667
b 1668
b 1669
b 1670
b 1671
b 1672
b 1673
b 1674
b 1675
b 1676
b 1677
b 1678
b 1679
b 1680
b 1681
b 1682
b 1683
b 1684
b 1685
b 1686
b 1687
b 1688
b 1689
b 1690
b 1691
b 1692
b 1693
b 1694
b 1695
b 1696
d 1 881
d 1 882
d 1 883
d 1 884
d 1 885
d 1 886
d 1 887
d 1 888
d 1 889
d 1 890
d 1 891
d 1 892
d 1 893
d 1 894
d 1 895
d 1 896
d 1 897
d 1 898
d 1 899
d 1 900
d 1 901
d 1 902
d 1 903
d 1 904
d 1 905
d 1 906
d 1 907
d 1 908
d 1 909
d 1 910
d 1 911
d 1 912
d 1 913
d 1 914
d 1 915
d 1 916
d 1 917
d 1 918
d 1 919
d 1 920
d 1 921
d 1 922
d 1 923
d 1 924
d 1 925
d 1 926
d 1 927
d 1 928
d 1 929
d 1 930
d 1 931
d 1 932
d 1 933
d 1 934
d 1 935
d 1 936
d 1 937
d 1 938
d 1 939
d 1 940
d 1 941
d 1 942
d 1 943
d 1 944
d 1 945
d 1 946
d 1 947
d 1 948
d 1 949
d 1 950
d 1 951
d 1 952
d 1 953
d 1 954
d 1 955
d 1 956
d 1 957
d 1 958
d 1 959
d 1 960
d 1 961
d 1 962
d 1 963
d 1 964
d 1 965
d 1 966
d 1 967
d 1 968
d 1 969
d 1 970
d 1 971
d 1 972
d 1 973
d 1 974
d 1 975
d 1 976
d 1 977
d 1 978
d 1 979
d 1 980
d 1 981
d 1 982
d 1 983
d 1 984
d 1 985
d 1 986
d 1 987
d 1 988
d 1 989
d 1 990
d 1 991
d 1 992
d 1 993
d 1 994
d 1 995
d 1 996
d 1 997
d 1 998
d 1 999
d 1 1000
d 1 1001
d 1 1002
d 1 1003
d 1 1004
d 1 1005
d 1 1006
d 1 1007
d 1 1008
d 1 1009
d 1 1010
d 1 1011
d 1 1012
d 1 1013
d 1 1014
d 1 1015
d 1 1016
d 1 1017
d 1 1018
d 1 1019
d 1 1020
d 1 1021
d 1 1022
d 1 1023
d 1 1024
b 1697
b 1698
b 1699
b 1700
b 1701
b 1702
b 1703
b 1704
b 1705
b 1706
b 1707
b 1708
b 1709
b 1710
b 1711
b 1712
b 1713
b 1714
b 1715
b 1716
b 1717
b 1718
b 1719
b 1720
b 1721
b 1722
b 1723
b 1724
b 1725
b 1726
b 1727
b 1728
b 1729
b 1730
b 1731
b 1732
b 1733
b 1734
b 1735
b 1736
b 1737
b 1738
b 1739
b 1740
b 1741
b 1742
b 1743
b 1744
b 1745
b 1746
b 1747
b 1748
b 1749
b 1750
b 1751
b 1752
b 1753
b 1754
b 1755
b 1756
b 1757
b 1758
b 1759
b 1760
b 1761
b 1762
b 1763
b 1764
b 1765
b 1766
b 1767
b 1768
b 1769
b 1770
b 1771
b 1772
b 1773
b 1774
b 1775
b 1776
b 1777
b 1778
b 1779
b 1780
b 1781
b 1782
b 1783
b 1784
b 1785
b 1786
b 1787
b 1788
b 1789
b 1790
b 1791
b 1792
b 1793
b 1794
b 1795
b 1796
b 1797
b 1798
b 1799
b 1800
b 1801
b 1802
b 1803
b 1804
b 1805
b 1806
b 1807
b 1808
b 1809
b 1810
b 1811
b 1812
b 1813
b 1814
b 1815
b 1816
b 1817
b 1818
b 1819
b 1820
b 1821
b 1822
b 1823
b 1824
b 1825
b 1826
b 1827
b 1828
b 1829
b 1830
b 1831
b 1832
b 1833
b 1834
b 1835
b 1836
b 1837
b 1838
b 1839
b 1840
d 1 1025
d 1 1026
d 1 1027
d 1 1028
d 1 1029
d 1 1030
d 1 1031
d 1 1032
d 1 1033
d 1 1034
d 1 1035
d 1 1036
d 1 1037
d 1 1038
d 1 1039
d 1 1040
d 1 1041
d 1 1042
d 1 1043
d 1 1044
d 1 1045
d 1 1046
d 1 1047
d 1 1048
d 1 1049
d 1 1050
d 1 1051
d 1 1052
d 1 1053
d 1 1054
d 1 1055
d 1 1056
d 1 1057
d 1 1058
d 1 1059
d 1 1060
d 1 1061
d 1 1062
d 1 1063
d 1 1064
d 1 1065
d 1 1066
d 1 1067
d 1 1068
d 1 1069
d 1 1070
d 1 1071
d 1 1072
d 1 1073
d 1 1074
d 1 1075
d 1 1076
d 1 1077
d 1 1078
d 1 1079
d 1 1080
d 1 1081
d 1 1082
d 1 1083
d 1 1084
d 1 1085
d 1 1086
d 1 1087
d 1 1088
d 1 1089
d 1 1090
d 1 1091
d 1 1092
d 1 1093
d 1 1094
d 1 1095
d 1 1096
d 1 1097
d 1 1098
d 1 1099
d 1 1100
d 1 1101
d 1 1102
d 1 1103
d 1 1104
d 1 1105
d 1 1106
d 1 1107
d 1 1108
d 1 1109
d 1 1110
d 1 1111
d 1 1112
d 1 1113
d 1 1114
d 1 1115
d 1 1116
d 1 1117
d 1 1118
d 1 1119
d 1 1120
d 1 1121
d 1 1122
d 1 1123
d 1 1124
d 1 1125
d 1 1126
d 1 1127
d 1 1128
d 1 1129
d 1 1130
d 1 1131
d 1 1132
d 1 1133
d 1 1134
d 1 1135
d 1 1136
d 1 1137
d 1 1138
d 1 1139
d 1 1140
d 1 1141
d 1 1142
d 1 1143
d 1 1144
d 1 1145
d 1 1146
d 1 1147
d 1 1148
d 1 1149
d 1 1150
d 1 1151
d 1 1152
d 1 1153
d 1 1154
d 1 1155
d 1 1156
d 1 1157
d 1 1158
d 1 1159
d 1 1160
d 1 1161
d 1 1162
d 1 1163
d 1 1164
d 1 1165
d 1 1166
d 1 1167
d 1 1168
d 1 1169
d 1 1170
d 1 1171
d 1 1172
d 1 1173
d 1 1174
d 1 1175
d 1 1176
d 1 1177
d 1 1178
d 1 1179
d 1 1180
d 1 1181
d 1 1182
d 1 1183
d 1 1184
d 1 1185
d 1 1186
d 1 1187
d 1 1188
d 1 1189
d 1 1190
d 1 1191
d 1 1192
d 1 1193
d 1 1194
d 1 1195
d 1 1196
d 1 1197
d 1 1198
d 1 1199
d 1 1200
d 1 1201
d 1 1202
d 1 1203
d 1 1204
d 1 1205
d 1 1206
d 1 1207
d 1 1208
b 1841
b 1842
b 1843
b 1844
b 1845
b 1846
b 1847
b 1848
b 1849
b 1850
b 1851
b 1852
b 1853
b 1854
b 1855
b 1856
b 1857
b 1858
b 1859
b 1860
b 1861
b 1862
b 1863
b 1864
b 1865
b 1866
b 1867
b 1868
b 1869
b 1870
b 1871
b 1872
b 1873
b 1874
b 1875
b 1876
b 1877
b 1878
b 1879
b 1880
b 1881
b 1882
b 1883
b 1884
b 1885
b 1886
b 1887
b 1888
b 1889
b 1890
b 1891
b 1892
b 1893
b 1894
b 1895
b 1896
b 1897
b 1898
b 1899
b 1900
b 1901
b 1902
b 1903
b 1904
b 1905
b 1906
b 1907
b 1908
b 1909
b 1910
b 1911
b 1912
b 1913
b 1914
b 1915
b 1916
b 1917
b 1918
b 1919
b 1920
b 1921
b 1922
b 1923
b 1924
b 1925
b 1926
b 1927
b 1928
b 1929
b 1930
b 1931
b 1932
b 1933
b 1934
b 1935
b 1936
b 1937
b 1938
b 1939
b 1940
b 1941
b 1942
b 1943
b 1944
b 1945
b 1946
b 1947
b 1948
b 1949
b 1950
b 1951
b 1952
b 1953
b 1954
b 1955
b 1956
b 1957
b 1958
b 1959
b 1960
b 1961
b 1962
b 1963
b 1964
b 1965
b 1966
b 1967
b 1968
b 1969
b 1970
b 1971
b 1972
b 1973
b 1974
b 1975
b 1976
b 1977
b 1978
b 1979
b 1980
b 1981
b 1982
b 1983
b 1984
b 1985
b 1986
b 1987
b 1988
b 1989
b 1990
b 1991
b 1992
b 1993
b 1994
b 1995
b 1996
b 1997
b 1998
b 1999
b 2000
b 2001
b 2002
b 2003
b 2004
b 2005
b 2006
b 2007
b 2008
b 2009
b 2010
b 2011
b 2012
b 2013
b 2014
b 2015
b 2016
b 2017
b 2018
b 2019
b 2020
b 2021
b 2022
b 2023
b 2024
d 1 1209
d 1 1210
d 1 1211
d 1 1212
d 1 1213
d 1 1214
d 1 1215
d 1 1216
d 1 1217
d 1 1218
d 1 1219
d 1 1220
d 1 1221
d 1 1222
d 1 1223
d 1 1224
d 1 1225
d 1 1226
d 1 1227
d 1 1228
d 1 1229
d 1 1230
d 1 1231
d 1 1232
d 1 1233
d 1 1234
d 1 1235
d 1 1236
d 1 1237
d 1 1238
d 1 1239
d 1 1240
d 1 1241
d 1 1242
d 1 1243
d 1 1244
d 1 1245
d 1 1246
d 1 1247
d 1 1248
d 1 1249
d 1 1250
d 1 1251
d 1 1252
d 1 1253
d 1 1254
d 1 1255
d 1 1256
d 1 1257
d 1 1258
d 1 1259
d 1 1260
d 1 1261
d 1 1262
d 1 1263
d 1 1264
d 1 1265
d 1 1266
d 1 1267
d 1 1268
d 1 1269
d 1 1270
d 1 1271
d 1 1272
d 1 1273
d 1 1274
d 1 1275
d 1 1276
d 1 1277
d 1 1278
d 1 1279
d 1 1280
d 1 1281
d 1 1282
d 1 1283
d 1 1284
d 1 1285
d 1 1286
d 1 1287
d 1 1288
d 1 1289
d 1 1290
d 1 1291
d 1 1292
d 1 1293
d 1 1294
d 1 1295
d 1 1296
b 2025
b 2026
b 2027
b 2028
b 2029
b 2030
b 2031
b 2032
b 2033
b 2034
b 2035
b 2036
b 2037
b 2038
b 2039
b 2040
b 2041
b 2042
b 2043
b 2044
b 2045
b 2046
b 2047
b 2048
b 2049
b 2050
b 2051
b 2052
b 2053
b 2054
b 2055
b 2056
b 2057
b 2058
b 2059
b 2060
b 2061
b 2062
b 2063
b 2064
b 2065
b 2066
b 2067
b 2068
b 2069
b 2070
b 2071
b 2072
b 2073
b 2074
b 2075
b 2076
b 2077
b 2078
b 2079
b 2080
b 2081
b 2082
b 2083
b 2084
b 2085
b 2086
b 2087
b 2088
b 2089
b 2090
b 2091
b 2092
b 2093
b 2094
b 2095
b 2096
b 2097
b 2098
b 2099
b 2100
b 2101
b 2102
b 2103
b 2104
b 2105
b 2106
b 2107
b 2108
b 2109
b 2110
b 2111
b 2112
d 1 1297
d 1 1298
d 1 1299
d 1 1300
d 1 1301
d 1 1302
d 1 1303
d 1 1304
d 1 1305
d 1 1306
d 1 1307
d 1 1308
d 1 1309
d 1 1310
d 1 1311
d 1 1312
d 1 1313
d 1 1314
d 1 1315
d 1 1316
d 1 1317
d 1 1318
d 1 1319
d 1 1320
d 1 1321
d 1 1322
d 1 1323
d 1 1324
d 1 1325
d 1 1326
d 1 1327
d 1 1328
d 1 1329
d 1 1330
d 1 1331
d 1 1332
d 1 1333
d 1 1334
d 1 1335
d 1 1336
d 1 1337
d 1 1338
d 1 1339
d 1 1340
d 1 1341
d 1 1342
d 1 1343
d 1 1344
d 1 1345
d 1 1346
d 1 1347
d 1 1348
d 1 1349
d 1 1350
d 1 1351
d 1 1352
d 1 1353
d 1 1354
d 1 1355
d 1 1356
d 1 1357
d 1 1358
d 1 1359
d 1 1360
d 1 1361
d 1 1362
d 1 1363
d 1 1364
d 1 1365
d 1 1366
d 1 1367
d 1 1368
d 1 1369
d 1 1370
d 1 1371
d 1 1372
d 1 1373
d 1 1374
d 1 1375
d 1 1376
d 1 1377
d 1 1378
d 1 1379
d 1 1380
d 1 1381
d 1 1382
d 1 1383
d 1 1384
d 1 1385
d 1 1386
d 1 1387
d 1 1388
d 1 1389
d 1 1390
d 1 1391
d 1 1392
d 1 1393
d 1 1394
d 1 1395
d 1 1396
d 1 1397
d 1 1398
d 1 1399
d 1 1400
d 1 1401
d 1 1402
d 1 1403
d 1 1404
d 1 1405
d 1 1406
d 1 1407
d 1 1408
d 1 1409
d 1 1410
d 1 1411
d 1 1412
d 1 1413
d 1 1414
d 1 1415
d 1 1416
d 1 1417
d 1 1418
d 1 1419
d 1 1420
d 1 1421
d 1 1422
d 1 1423
d 1 1424
d 1 1425
d 1 1426
d 1 1427
d 1 1428
d 1 1429
d 1 1430
d 1 1431
d 1 1432
d 1 1433
d 1 1434
d 1 1435
d 1 1436
d 1 1437
d 1 1438
d 1 1439
d 1 1440
d 1 1441
d 1 1442
d 1 1443
d 1 1444
d 1 1445
d 1 1446
d 1 1447
d 1 1448
d 1 1449
d 1 1450
d 1 1451
d 1 1452
d 1 1453
d 1 1454
d 1 1455
d 1 1456
d 1 1457
d 1 1458
d 1 1459
d 1 1460
d 1 1461
d 1 1462
d 1 1463
d 1 1464
d 1 1465
d 1 1466
d 1 1467
d 1 1468
d 1 1469
d 1 1470
d 1 1471
d 1 1472
d 1 1473
d 1 1474
d 1 1475
d 1 1476
d 1 1477
d 1 1478
d 1 1479
d 1 1480
d 1 1481
d 1 1482
d 1 1483
d 1 1484
d 1 1485
d 1 1486
d 1 1487
d 1 1488
d 1 1489
d 1 1490
d 1 1491
d 1 1492
d 1 1493
d 1 1494
d 1 1495
d 1 1496
d 1 1497
d 1 1498
d 1 1499
d 1 1500
d 1 1501
d 1 1502
d 1 1503
d 1 1504
d 1 1505
d 1 1506
d 1 1507
d 1 1508
d 1 1509
d 1 1510
d 1 1511
d 1 1512
d 1 1513
d 1 1514
d 1 1515
d 1 1516
d 1 1517
d 1 1518
d 1 1519
d 1 1520
d 1 1521
d 1 1522
d 1 1523
d 1 1524
d 1 1525
d 1 1526
d 1 1527
d 1 1528
d 1 1529
d 1 1530
d 1 1531
d 1 1532
d 1 1533
d 1 1534
d 1 1535
d 1 1536
d 1 1537
d 1 1538
d 1 1539
d 1 1540
d 1 1541
d 1 1542
d 1 1543
d 1 1544
d 1 1545
d 1 1546
d 1 1547
d 1 1548
d 1 1549
d 1 1550
d 1 1551
d 1 1552
d 1 1553
d 1 1554
d 1 1555
d 1 1556
d 1 1557
d 1 1558
d 1 1559
d 1 1560
d 1 1561
d 1 1562
d 1 1563
d 1 1564
d 1 1565
d 1 1566
d 1 1567
d 1 1568
d 1 1569
d 1 1570
d 1 1571
d 1 1572
d 1 1573
d 1 1574
d 1 1575
d 1 1576
d 1 1577
d 1 1578
d 1 1579
d 1 1580
d 1 1581
d 1 1582
d 1 1583
d 1 1584
d 1 1585
d 1 1586
d 1 1587
d 1 1588
d 1 1589
d 1 1590
d 1 1591
d 1 1592
d 1 1593
d 1 1594
d 1 1595
d 1 1596
d 1 1597
d 1 1598
d 1 1599
d 1 1600
d 1 1601
d 1 1602
d 1 1603
d 1 1604
d 1 1605
d 1 1606
d 1 1607
d 1 1608
d 1 1609
d 1 1610
d 1 1611
d 1 1612
d 1 1613
d 1 1614
d 1 1615
d 1 1616
d 1 1617
d 1 1618
d 1 1619
d 1 1620
d 1 1621
d 1 1622
d 1 1623
d 1 1624
d 1 1625
d 1 1626
d 1 1627
d 1 1628
d 1 1629
d 1 1630
d 1 1631
d 1 1632
d 1 1633
d 1 1634
d 1 1635
d 1 1636
d 1 1637
d 1 1638
d 1 1639
d 1 1640
d 1 1641
d 1 1642
d 1 1643
d 1 1644
d 1 1645
d 1 1646
d 1 1647
d 1 1648
d 1 1649
d 1 1650
d 1 1651
d 1 1652
d 1 1653
d 1 1654
d 1 1655
d 1 1656
d 1 1657
d 1 1658
d 1 1659
d 1 1660
d 1 1661
d 1 1662
d 1 1663
d 1 1664
d 1 1665
d 1 1666
d 1 1667
d 1 1668
d 1 1669
d 1 1670
d 1 1671
d 1 1672
d 1 1673
d 1 1674
d 1 1675
d 1 1676
d 1 1677
d 1 1678
d 1 1679
d 1 1680
d 1 1681
d 1 1682
d 1 1683
d 1 1684
d 1 1685
d 1 1686
d 1 1687
d 1 1688
d 1 1689
d 1 1690
d 1 1691
d 1 1692
d 1 1693
d 1 1694
d 1 1695
d 1 1696
d 1 1697
d 1 1698
d 1 1699
d 1 1700
d 1 1701
d 1 1702
d 1 1703
d 1 1704
d 1 1705
d 1 1706
d 1 1707
d 1 1708
d 1 1709
d 1 1710
d 1 1711
d 1 1712
d 1 1713
d 1 1714
d 1 1715
d 1 1716
d 1 1717
d 1 1718
d 1 1719
d 1 1720
d 1 1721
d 1 1722
d 1 1723
d 1 1724
d 1 1725
d 1 1726
d 1 1727
d 1 1728
d 1 1729
d 1 1730
d 1 1731
d 1 1732
d 1 1733
d 1 1734
d 1 1735
d 1 1736
d 1 1737
d 1 1738
d 1 1739
d 1 1740
d 1 1741
d 1 1742
d 1 1743
d 1 1744
d 1 1745
d 1 1746
d 1 1747
d 1 1748
d 1 1749
d 1 1750
d 1 1751
d 1 1752
d 1 1753
d 1 1754
d 1 1755
d 1 1756
d 1 1757
d 1 1758
d 1 1759
d 1 1760
d 1 1761
d 1 1762
d 1 1763
d 1 1764
d 1 1765
d 1 1766
d 1 1767
d 1 1768
d 1 1769
d 1 1770
d 1 1771
d 1 1772
d 1 1773
d 1 1774
d 1 1775
d 1 1776
d 1 1777
d 1 1778
d 1 1779
d 1 1780
d 1 1781
d 1 1782
d 1 1783
d 1 1784
d 1 1785
d 1 1786
d 1 1787
d 1 1788
d 1 1789
d 1 1790
d 1 1791
d 1 1792
d 1 1793
d 1 1794
d 1 1795
d 1 1796
d 1 1797
d 1 1798
d 1 1799
d 1 1800
d 1 1801
d 1 1802
d 1 1803
d 1 1804
d 1 1805
d 1 1806
d 1 1807
d 1 1808
d 1 1809
d 1 1810
d 1 1811
d 1 1812
d 1 1813
d 1 1814
d 1 1815
d 1 1816
d 1 1817
d 1 1818
d 1 1819
d 1 1820
d 1 1821
d 1 1822
d 1 1823
d 1 1824
d 1 1825
d 1 1826
d 1 1827
d 1 1828
d 1 1829
d 1 1830
d 1 1831
d 1 1832
d 1 1833
d 1 1834
d 1 1835
d 1 1836
d 1 1837
d 1 1838
d 1 1839
d 1 1840
d 1 1841
d 1 1842
d 1 1843
d 1 1844
d 1 1845
d 1 1846
d 1 1847
d 1 1848
d 1 1849
d 1 1850
d 1 1851
d 1 1852
d 1 1853
d 1 1854
d 1 1855
d 1 1856
d 1 1857
d 1 1858
d 1 1859
d 1 1860
d 1 1861
d 1 1862
d 1 1863
d 1 1864
d 1 1865
d 1 1866
d 1 1867
d 1 1868
d 1 1869
d 1 1870
d 1 1871
d 1 1872
b 2113
b 2114
b 2115
b 2116
b 2117
b 2118
b 2119
b 2120
b 2121
b 2122
b 2123
b 2124
b 2125
b 2126
b 2127
b 2128
b 2129
b 2130
b 2131
b 2132
b 2133
b 2134
b 2135
b 2136
b 2137
b 2138
b 2139
b 2140
b 2141
b 2142
b 2143
b 2144
b 2145
b 2146
b 2147
b 2148
b 2149
b 2150
b 2151
b 2152
b 2153
b 2154
b 2155
b 2156
b 2157
b 2158
b 2159
b 2160
b 2161
b 2162
b 2163
b 2164
b 2165
b 2166
b 2167
b 2168
b 2169
b 2170
b 2171
b 2172
b 2173
b 2174
b 2175
b 2176
b 2177
b 2178
b 2179
b 2180
b 2181
b 2182
b 2183
b 2184
b 2185
b 2186
b 2187
b 2188
b 2189
b 2190
b 2191
b 2192
b 2193
b 2194
b 2195
b 2196
b 2197
b 2198
b 2199
b 2200
b 2201
b 2202
b 2203
b 2204
b 2205
b 2206
b 2207
b 2208
b 2209
b 2210
b 2211
b 2212
b 2213
b 2214
b 2215
b 2216
b 2217
b 2218
b 2219
b 2220
b 2221
b 2222
b 2223
b 2224
b 2225
b 2226
b 2227
b 2228
b 2229
b 2230
b 2231
b 2232
b 2233
b 2234
b 2235
b 2236
b 2237
b 2238
b 2239
b 2240
b 2241
b 2242
b 2243
b 2244
b 2245
b 2246
b 2247
b 2248
b 2249
b 2250
b 2251
b 2252
b 2253
b 2254
b 2255
b 2256
b 2257
b 2258
b 2259
b 2260
b 2261
b 2262
b 2263
b 2264
b 2265
b 2266
b 2267
b 2268
b 2269
b 2270
b 2271
b 2272
b 2273
b 2274
b 2275
b 2276
b 2277
b 2278
b 2279
b 2280
b 2281
b 2282
b 2283
b 2284
b 2285
b 2286
b 2287
b 2288
b 2289
b 2290
b 2291
b 2292
b 2293
b 2294
b 2295
b 2296
b 2297
b 2298
b 2299
b 2300
b 2301
b 2302
b 2303
b 2304
b 2305
b 2306
b 2307
b 2308
b 2309
b 2310
b 2311
b 2312
b 2313
b 2314
b 2315
b 2316
b 2317
b 2318
b 2319
b 2320
b 2321
b 2322
b 2323
b 2324
b 2325
b 2326
b 2327
b 2328
b 2329
b 2330
b 2331
b 2332
b 2333
b 2334
b 2335
b 2336
b 2337
b 2338
b 2339
b 2340
b 2341
b 2342
b 2343
b 2344
b 2345
b 2346
b 2347
b 2348
b 2349
b 2350
b 2351
b 2352
b 2353
b 2354
b 2355
b 2356
b 2357
b 2358
b 2359
b 2360
b 2361
b 2362
b 2363
b 2364
b 2365
b 2366
b 2367
b 2368
b 2369
b 2370
b 2371
b 2372
b 2373
b 2374
b 2375
b 2376
b 2377
b 2378
b 2379
b 2380
b 2381
b 2382
b 2383
b 2384
b 2385
b 2386
b 2387
b 2388
b 2389
b 2390
b 2391
b 2392
b 2393
b 2394
b 2395
b 2396
b 2397
b 2398
b 2399
b 2400
b 2401
b 2402
b 2403
b 2404
b 2405
b 2406
b 2407
b 2408
b 2409
b 2410
b 2411
b 2412
b 2413
b 2414
b 2415
b 2416
b 2417
b 2418
b 2419
b 2420
b 2421
b 2422
b 2423
b 2424
b 2425
b 2426
b 2427
b 2428
b 2429
b 2430
b 2431
b 2432
b 2433
b 2434
b 2435
b 2436
b 2437
b 2438
b 2439
b 2440
b 2441
b 2442
b 2443
b 2444
b 2445
b 2446
b 2447
b 2448
b 2449
b 2450
b 2451
b 2452
b 2453
b 2454
b 2455
b 2456
b 2457
b 2458
b 2459
b 2460
b 2461
b 2462
b 2463
b 2464
b 2465
b 2466
b 2467
b 2468
b 2469
b 2470
b 2471
b 2472
b 2473
b 2474
b 2475
b 2476
b 2477
b 2478
b 2479
b 2480
b 2481
b 2482
b 2483
b 2484
b 2485
b 2486
b 2487
b 2488
b 2489
b 2490
b 2491
b 2492
b 2493
b 2494
b 2495
b 2496
b 2497
b 2498
b 2499
b 2500
b 2501
b 2502
b 2503
b 2504
b 2505
b 2506
b 2507
b 2508
b 2509
b 2510
b 2511
b 2512
b 2513
b 2514
b 2515
b 2516
b 2517
b 2518
b 2519
b 2520
b 2521
b 2522
b 2523
b 2524
b 2525
b 2526
b 2527
b 2528
b 2529
b 2530
b 2531
b 2532
b 2533
b 2534
b 2535
b 2536
b 2537
b 2538
b 2539
b 2540
b 2541
b 2542
b 2543
b 2544
b 2545
b 2546
b 2547
b 2548
b 2549
b 2550
b 2551
b 2552
b 2553
b 2554
b 2555
b 2556
b 2557
b 2558
b 2559
b 2560
b 2561
b 2562
b 2563
b 2564
b 2565
b 2566
b 2567
b 2568
b 2569
b 2570
b 2571
b 2572
b 2573
b 2574
b 2575
b 2576
b 2577
b 2578
b 2579
b 2580
b 2581
b 2582
b 2583
b 2584
b 2585
b 2586
b 2587
b 2588
b 2589
b 2590
b 2591
b 2592
b 2593
b 2594
b 2595
b 2596
b 2597
b 2598
b 2599
b 2600
b 2601
b 2602
b 2603
b 2604
b 2605
b 2606
b 2607
b 2608
b 2609
b 2610
b 2611
b 2612
b 2613
b 2614
b 2615
b 2616
b 2617
b 2618
b 2619
b 2620
b 2621
b 2622
b 2623
b 2624
b 2625
b 2626
b 2627
b 2628
b 2629
b 2630
b 2631
b 2632
b 2633
b 2634
b 2635
b 2636
b 2637
b 2638
b 2639
b 2640
b 2641
b 2642
b 2643
b 2644
b 2645
b 2646
b 2647
b 2648
b 2649
b 2650
b 2651
b 2652
b 2653
b 2654
b 2655
b 2656
b 2657
b 2658
b 2659
b 2660
b 2661
b 2662
b 2663
b 2664
b 2665
b 2666
b 2667
b 2668
b 2669
b 2670
b 2671
b 2672
b 2673
b 2674
b 2675
b 2676
b 2677
b 2678
b 2679
b 2680
b 2681
b 2682
b 2683
b 2684
b 2685
b 2686
b 2687
b 2688
d 3 1
d 3 2
d 3 3
d 3 4
d 3 5
d 3 6
d 3 7
d 3 8
d 3 9
d 3 10
d 3 11
d 3 12
d 3 13
d 3 14
d 3 15
d 3 16
d 3 17
d 3 18
d 3 19
d 3 20
d 3 21
d 3 22
d 3 23
d 3 24
d 3 25
d 3 26
d 3 27
d 3 28
d 3 29
d 3 30
d 3 31
d 3 32
d 3 33
d 3 34
d 3 35
d 3 36
d 3 37
d 3 38
d 3 39
d 3 40
d 1 1873
d 1 1874
d 1 1875
d 1 1876
d 1 1877
d 1 1878
d 1 1879
d 1 1880
d 1 1881
d 1 1882
d 1 1883
d 1 1884
d 1 1885
d 1 1886
d 1 1887
d 1 1888
d 1 1889
d 1 1890
d 1 1891
d 1 1892
d 1 1893
d 1 1894
d 1 1895
d 1 1896
d 1 1897
d 1 1898
d 1 1899
d 1 1900
d 1 1901
d 1 1902
d 1 1903
d 1 1904
d 1 1905
d 1 1906
d 1 1907
d 1 1908
d 1 1909
d 1 1910
d 1 1911
d 1 1912
d 1 1913
d 1 1914
d 1 1915
d 1 1916
d 1 1917
d 1 1918
d 1 1919
d 1 1920
d 1 1921
d 1 1922
d 1 1923
d 1 1924
d 1 1925
d 1 1926
d 1 1927
d 1 1928
d 1 1929
d 1 1930
d 1 1931
d 1 1932
d 1 1933
d 1 1934
d 1 1935
d 1 1936
d 1 1937
d 1 1938
d 1 1939
d 1 1940
d 1 1941
d 1 1942
d 1 1943
d 1 1944
d 1 1945
d 1 1946
d 1 1947
d 1 1948
d 1 1949
d 1 1950
d 1 1951
d 1 1952
d 1 1953
d 1 1954
d 1 1955
d 1 1956
d 1 1957
d 1 1958
d 1 1959
d 1 1960
d 1 1961
d 1 1962
d 1 1963
d 1 1964
d 1 1965
d 1 1966
d 1 1967
d 1 1968
d 1 1969
d 1 1970
d 1 1971
d 1 1972
d 1 1973
d 1 1974
d 1 1975
d 1 1976
d 1 1977
d 1 1978
d 1 1979
d 1 1980
d 1 1981
d 1 1982
d 1 1983
d 1 1984
d 1 1985
d 1 1986
d 1 1987
d 1 1988
d 1 1989
d 1 1990
d 1 1991
d 1 1992
d 1 1993
d 1 1994
d 1 1995
d 1 1996
d 1 1997
d 1 1998
d 1 1999
d 1 2000
d 1 2001
d 1 2002
d 1 2003
d 1 2004
d 1 2005
d 1 2006
d 1 2007
d 1 2008
d 1 2009
d 1 2010
d 1 2011
d 1 2012
d 1 2013
d 1 2014
d 1 2015
d 1 2016
d 1 2017
d 1 2018
d 1 2019
d 1 2020
d 1 2021
d 1 2022
d 1 2023
d 1 2024
d 1 2025
d 1 2026
d 1 2027
d 1 2028
d 1 2029
d 1 2030
d 1 2031
d 1 2032
d 1 2033
d 1 2034
d 1 2035
d 1 2036
d 1 2037
d 1 2038
d 1 2039
d 1 2040
d 1 2041
d 1 2042
d 1 2043
d 1 2044
d 1 2045
d 1 2046
d 1 2047
d 1 2048
d 1 2049
d 1 2050
d 1 2051
d 1 2052
d 1 2053
d 1 2054
d 1 2055
d 1 2056
d 1 2057
d 1 2058
d 1 2059
d 1 2060
d 1 2061
d 1 2062
d 1 2063
d 1 2064
d 1 2065
d 1 2066
d 1 2067
d 1 2068
d 1 2069
d 1 2070
d 1 2071
d 1 2072
d 1 2073
d 1 2074
d 1 2075
d 1 2076
d 1 2077
d 1 2078
d 1 2079
d 1 2080
d 1 2081
d 1 2082
d 1 2083
d 1 2084
d 1 2085
d 1 2086
d 1 2087
d 1 2088
d 1 2089
d 1 2090
d 1 2091
d 1 2092
d 1 2093
d 1 2094
d 1 2095
d 1 2096
d 1 2097
d 1 2098
d 1 2099
d 1 2100
d 1 2101
d 1 2102
d 1 2103
d 1 2104
d 1 2105
d 1 2106
d 1 2107
d 1 2108
d 1 2109
d 1 2110
d 1 2111
d 1 2112
d 1 2113
d 1 2114
d 1 2115
d 1 2116
d 1 2117
d 1 2118
d 1 2119
d 1 2120
d 1 2121
d 1 2122
d 1 2123
d 1 2124
d 1 2125
d 1 2126
d 1 2127
d 1 2128
d 1 2129
d 1 2130
d 1 2131
d 1 2132
d 1 2133
d 1 2134
d 1 2135
d 1 2136
b 2689
b 2690
b 2691
b 2692
b 2693
b 2694
b 2695
b 2696
b 2697
b 2698
b 2699
b 2700
b 2701
b 2702
b 2703
b 2704
b 2705
b 2706
b 2707
b 2708
b 2709
b 2710
b 2711
b 2712
b 2713
b 2714
b 2715
b 2716
b 2717
b 2718
b 2719
b 2720
b 2721
b 2722
b 2723
b 2724
b 2725
b 2726
b 2727
b 2728
b 2729
b 2730
b 2731
b 2732
b 2733
b 2734
b 2735
b 2736
b 2737
b 2738
b 2739
b 2740
b 2741
b 2742
b 2743
b 2744
b 2745
b 2746
b 2747
b 2748
b 2749
b 2750
b 2751
b 2752
b 2753
b 2754
b 2755
b 2756
b 2757
b 2758
b 2759
b 2760
b 2761
b 2762
b 2763
b 2764
b 2765
b 2766
b 2767
b 2768
b 2769
b 2770
b 2771
b 2772
b 2773
b 2774
b 2775
b 2776
b 2777
b 2778
b 2779
b 2780
b 2781
b 2782
b 2783
b 2784
b 2785
b 2786
b 2787
b 2788
b 2789
b 2790
b 2791
b 2792
b 2793
b 2794
b 2795
b 2796
b 2797
b 2798
b 2799
b 2800
b 2801
b 2802
b 2803
b 2804
b 2805
b 2806
b 2807
b 2808
b 2809
b 2810
b 2811
b 2812
b 2813
b 2814
b 2815
b 2816
b 2817
b 2818
b 2819
b 2820
b 2821
b 2822
b 2823
b 2824
b 2825
b 2826
b 2827
b 2828
b 2829
b 2830
b 2831
b 2832
b 2833
b 2834
b 2835
b 2836
b 2837
b 2838
b 2839
b 2840
b 2841
b 2842
b 2843
b 2844
b 2845
b 2846
b 2847
b 2848
b 2849
b 2850
b 2851
b 2852
b 2853
b 2854
b 2855
b 2856
b 2857
b 2858
b 2859
b 2860
b 2861
b 2862
b 2863
b 2864
b 2865
b 2866
b 2867
b 2868
b 2869
b 2870
b 2871
b 2872
b 2873
b 2874
b 2875
b 2876
b 2877
b 2878
b 2879
b 2880
b 2881
b 2882
b 2883
b 2884
b 2885
b 2886
b 2887
b 2888
b 2889
b 2890
b 2891
b 2892
b 2893
b 2894
b 2895
b 2896
b 2897
b 2898
b 2899
b 2900
b 2901
b 2902
b 2903
b 2904
b 2905
b 2906
b 2907
b 2908
b 2909
b 2910
b 2911
b 2912
b 2913
b 2914
b 2915
b 2916
b 2917
b 2918
b 2919
b 2920
b 2921
b 2922
b 2923
b 2924
b 2925
b 2926
b 2927
b 2928
b 2929
b 2930
b 2931
b 2932
b 2933
b 2934
b 2935
b 2936
b 2937
b 2938
b 2939
b 2940
b 2941
b 2942
b 2943
b 2944
b 2945
b 2946
b 2947
b 2948
b 2949
b 2950
b 2951
b 2952
d 1 2137
d 1 2138
d 1 2139
d 1 2140
d 1 2141
d 1 2142
d 1 2143
d 1 2144
d 1 2145
d 1 2146
d 1 2147
d 1 2148
d 1 2149
d 1 2150
d 1 2151
d 1 2152
d 1 2153
d 1 2154
d 1 2155
d 1 2156
d 1 2157
d 1 2158
d 1 2159
d 1 2160
b 2953
b 2954
b 2955
b 2956
b 2957
b 2958
b 2959
b 2960
b 2961
b 2962
b 2963
b 2964
b 2965
b 2966
b 2967
b 2968
b 2969
b 2970
b 2971
b 2972
b 2973
b 2974
b 2975
b 2976
d 1 2161
d 1 2162
d 1 2163
d 1 2164
d 1 2165
d 1 2166
d 1 2167
d 1 2168
d 1 2169
d 1 2170
d 1 2171
d 1 2172
d 1 2173
d 1 2174
d 1 2175
d 1 2176
d 1 2177
d 1 2178
d 1 2179
d 1 2180
d 1 2181
d 1 2182
d 1 2183
d 1 2184
d 1 2185
d 1 2186
d 1 2187
d 1 2188
d 1 2189
d 1 2190
d 1 2191
d 1 2192
d 1 2193
d 1 2194
d 1 2195
d 1 2196
d 1 2197
d 1 2198
d 1 2199
d 1 2200
d 1 2201
d 1 2202
d 1 2203
d 1 2204
d 1 2205
d 1 2206
d 1 2207
d 1 2208
d 1 2209
d 1 2210
d 1 2211
d 1 2212
d 1 2213
d 1 2214
d 1 2215
d 1 2216
b 2977
b 2978
b 2979
b 2980
b 2981
b 2982
b 2983
b 2984
b 2985
b 2986
b 2987
b 2988
b 2989
b 2990
b 2991
b 2992
b 2993
b 2994
b 2995
b 2996
b 2997
b 2998
b 2999
b 3000
b 3001
b 3002
b 3003
b 3004
b 3005
b 3006
b 3007
b 3008
b 3009
b 3010
b 3011
b 3012
b 3013
b 3014
b 3015
b 3016
b 3017
b 3018
b 3019
b 3020
b 3021
b 3022
b 3023
b 3024
b 3025
b 3026
b 3027
b 3028
b 3029
b 3030
b 3031
b 3032
d 2 1
d 2 2
d 2 3
d 2 4
d 2 5
d 2 6
d 2 7
d 2 8
d 2 9
d 2 10
d 2 11
d 2 12
d 2 13
d 2 14
d 2 15
d 2 16
d 2 17
d 2 18
d 2 19
d 2 20
d 2 21
d 2 22
d 2 23
d 2 24
d 2 25
d 2 26
d 2 27
d 2 28
d 2 29
d 2 30
d 2 31
d 2 32
d 2 33
d 2 34
d 2 35
d 2 36
d 2 37
d 2 38
d 2 39
d 2 40
d 2 41
d 2 42
d 2 43
d 2 44
d 2 45
d 2 46
d 2 47
d 2 48
d 2 49
d 2 50
d 2 51
d 2 52
d 2 53
d 2 54
d 2 55
d 2 56
d 2 57
d 2 58
d 2 59
d 2 60
d 2 61
d 2 62
d 2 63
d 2 64
d 2 65
d 2 66
d 2 67
d 2 68
d 2 69
d 2 70
d 2 71
d 2 72
d 2 73
d 2 74
d 2 75
d 2 76
d 2 77
d 2 78
d 2 79
d 2 80
d 1 2217
d 1 2218
d 1 2219
d 1 2220
d 1 2221
d 1 2222
d 1 2223
d 1 2224
d 1 2225
d 1 2226
d 1 2227
d 1 2228
d 1 2229
d 1 2230
d 1 2231
d 1 2232
d 1 2233
d 1 2234
d 1 2235
d 1 2236
d 1 2237
d 1 2238
d 1 2239
d 1 2240
d 1 2241
d 1 2242
d 1 2243
d 1 2244
d 1 2245
d 1 2246
d 1 2247
d 1 2248
d 1 2249
d 1 2250
d 1 2251
d 1 2252
d 1 2253
d 1 2254
d 1 2255
d 1 2256
d 1 2257
d 1 2258
d 1 2259
d 1 2260
d 1 2261
d 1 2262
d 1 2263
d 1 2264
d 1 2265
d 1 2266
d 1 2267
d 1 2268
d 1 2269
d 1 2270
d 1 2271
d 1 2272
d 1 2273
d 1 2274
d 1 2275
d 1 2276
d 1 2277
d 1 2278
d 1 2279
d 1 2280
d 1 2281
d 1 2282
d 1 2283
d 1 2284
d 1 2285
d 1 2286
d 1 2287
d 1 2288
d 1 2289
d 1 2290
d 1 2291
d 1 2292
d 1 2293
d 1 2294
d 1 2295
d 1 2296
d 1 2297
d 1 2298
d 1 2299
d 1 2300
d 1 2301
d 1 2302
d 1 2303
d 1 2304
d 1 2305
d 1 2306
d 1 2307
d 1 2308
d 1 2309
d 1 2310
d 1 2311
d 1 2312
d 1 2313
d 1 2314
d 1 2315
d 1 2316
d 1 2317
d 1 2318
d 1 2319
d 1 2320
d 1 2321
d 1 2322
d 1 2323
d 1 2324
d 1 2325
d 1 2326
d 1 2327
d 1 2328
d 1 2329
d 1 2330
d 1 2331
d 1 2332
d 1 2333
d 1 2334
d 1 2335
d 1 2336
d 1 2337
d 1 2338
d 1 2339
d 1 2340
d 1 2341
d 1 2342
d 1 2343
d 1 2344
d 1 2345
d 1 2346
d 1 2347
d 1 2348
d 1 2349
d 1 2350
d 1 2351
d 1 2352
d 1 2353
d 1 2354
d 1 2355
d 1 2356
d 1 2357
d 1 2358
d 1 2359
d 1 2360
d 1 2361
d 1 2362
d 1 2363
d 1 2364
d 1 2365
d 1 2366
d 1 2367
d 1 2368
d 1 2369
d 1 2370
d 1 2371
d 1 2372
d 1 2373
d 1 2374
d 1 2375
d 1 2376
d 1 2377
d 1 2378
d 1 2379
d 1 2380
d 1 2381
d 1 2382
d 1 2383
d 1 2384
d 1 2385
d 1 2386
d 1 2387
d 1 2388
d 1 2389
d 1 2390
d 1 2391
d 1 2392
d 1 2393
d 1 2394
d 1 2395
d 1 2396
d 1 2397
d 1 2398
d 1 2399
d 1 2400
d 1 2401
d 1 2402
d 1 2403
d 1 2404
d 1 2405
d 1 2406
d 1 2407
d 1 2408
d 1 2409
d 1 2410
d 1 2411
d 1 2412
d 1 2413
d 1 2414
d 1 2415
d 1 2416
d 1 2417
d 1 2418
d 1 2419
d 1 2420
d 1 2421
d 1 2422
d 1 2423
d 1 2424
d 1 2425
d 1 2426
d 1 2427
d 1 2428
d 1 2429
d 1 2430
d 1 2431
d 1 2432
d 1 2433
d 1 2434
d 1 2435
d 1 2436
d 1 2437
d 1 2438
d 1 2439
d 1 2440
d 1 2441
d 1 2442
d 1 2443
d 1 2444
d 1 2445
d 1 2446
d 1 2447
d 1 2448
d 1 2449
d 1 2450
d 1 2451
d 1 2452
d 1 2453
d 1 2454
d 1 2455
d 1 2456
d 1 2457
d 1 2458
d 1 2459
d 1 2460
d 1 2461
d 1 2462
d 1 2463
d 1 2464
d 1 2465
d 1 2466
d 1 2467
d 1 2468
d 1 2469
d 1 2470
d 1 2471
d 1 2472
d 1 2473
d 1 2474
d 1 2475
d 1 2476
d 1 2477
d 1 2478
d 1 2479
d 1 2480
d 1 2481
d 1 2482
d 1 2483
d 1 2484
d 1 2485
d 1 2486
d 1 2487
d 1 2488
b 3033
b 3034
b 3035
b 3036
b 3037
b 3038
b 3039
b 3040
b 3041
b 3042
b 3043
b 3044
b 3045
b 3046
b 3047
b 3048
b 3049
b 3050
b 3051
b 3052
b 3053
b 3054
b 3055
b 3056
b 3057
b 3058
b 3059
b 3060
b 3061
b 3062
b 3063
b 3064
b 3065
b 3066
b 3067
b 3068
b 3069
b 3070
b 3071
b 3072
b 3073
b 3074
b 3075
b 3076
b 3077
b 3078
b 3079
b 3080
b 3081
b 3082
b 3083
b 3084
b 3085
b 3086
b 3087
b 3088
b 3089
b 3090
b 3091
b 3092
b 3093
b 3094
b 3095
b 3096
b 3097
b 3098
b 3099
b 3100
b 3101
b 3102
b 3103
b 3104
b 3105
b 3106
b 3107
b 3108
b 3109
b 3110
b 3111
b 3112
b 3113
b 3114
b 3115
b 3116
b 3117
b 3118
b 3119
b 3120
b 3121
b 3122
b 3123
b 3124
b 3125
b 3126
b 3127
b 3128
b 3129
b 3130
b 3131
b 3132
b 3133
b 3134
b 3135
b 3136
b 3137
b 3138
b 3139
b 3140
b 3141
b 3142
b 3143
b 3144
b 3145
b 3146
b 3147
b 3148
b 3149
b 3150
b 3151
b 3152
b 3153
b 3154
b 3155
b 3156
b 3157
b 3158
b 3159
b 3160
b 3161
b 3162
b 3163
b 3164
b 3165
b 3166
b 3167
b 3168
b 3169
b 3170
b 3171
b 3172
b 3173
b 3174
b 3175
b 3176
b 3177
b 3178
b 3179
b 3180
b 3181
b 3182
b 3183
b 3184
b 3185
b 3186
b 3187
b 3188
b 3189
b 3190
b 3191
b 3192
b 3193
b 3194
b 3195
b 3196
b 3197
b 3198
b 3199
b 3200
b 3201
b 3202
b 3203
b 3204
b 3205
b 3206
b 3207
b 3208
b 3209
b 3210
b 3211
b 3212
b 3213
b 3214
b 3215
b 3216
b 3217
b 3218
b 3219
b 3220
b 3221
b 3222
b 3223
b 3224
b 3225
b 3226
b 3227
b 3228
b 3229
b 3230
b 3231
b 3232
b 3233
b 3234
b 3235
b 3236
b 3237
b 3238
b 3239
b 3240
b 3241
b 3242
b 3243
b 3244
b 3245
b 3246
b 3247
b 3248
b 3249
b 3250
b 3251
b 3252
b 3253
b 3254
b 3255
b 3256
b 3257
b 3258
b 3259
b 3260
b 3261
b 3262
b 3263
b 3264
b 3265
b 3266
b 3267
b 3268
b 3269
b 3270
b 3271
b 3272
b 3273
b 3274
b 3275
b 3276
b 3277
b 3278
b 3279
b 3280
b 3281
b 3282
b 3283
b 3284
b 3285
b 3286
b 3287
b 3288
b 3289
b 3290
b 3291
b 3292
b 3293
b 3294
b 3295
b 3296
b 3297
b 3298
b 3299
b 3300
b 3301
b 3302
b 3303
b 3304
d 1 2489
d 1 2490
d 1 2491
d 1 2492
d 1 2493
d 1 2494
d 1 2495
d 1 2496
b 3305
b 3306
b 3307
b 3308
b 3309
b 3310
b 3311
b 3312
d 1 2497
d 1 2498
d 1 2499
d 1 2500
d 1 2501
d 1 2502
d 1 2503
d 1 2504
d 1 2505
d 1 2506
d 1 2507
d 1 2508
d 1 2509
d 1 2510
d 1 2511
d 1 2512
d 1 2513
d 1 2514
d 1 2515
d 1 2516
d 1 2517
d 1 2518
d 1 2519
d 1 2520
d 1 2521
d 1 2522
d 1 2523
d 1 2524
d 1 2525
d 1 2526
d 1 2527
d 1 2528
d 1 2529
d 1 2530
d 1 2531
d 1 2532
d 1 2533
d 1 2534
d 1 2535
d 1 2536
d 1 2537
d 1 2538
d 1 2539
d 1 2540
d 1 2541
d 1 2542
d 1 2543
d 1 2544
d 1 2545
d 1 2546
d 1 2547
d 1 2548
d 1 2549
d 1 2550
d 1 2551
d 1 2552
d 1 2553
d 1 2554
d 1 2555
d 1 2556
d 1 2557
d 1 2558
d 1 2559
d 1 2560
d 1 2561
d 1 2562
d 1 2563
d 1 2564
d 1 2565
d 1 2566
d 1 2567
d 1 2568
d 1 2569
d 1 2570
d 1 2571
d 1 2572
d 1 2573
d 1 2574
d 1 2575
d 1 2576
d 1 2577
d 1 2578
d 1 2579
d 1 2580
d 1 2581
d 1 2582
d 1 2583
d 1 2584
d 1 2585
d 1 2586
d 1 2587
d 1 2588
d 1 2589
d 1 2590
d 1 2591
d 1 2592
d 1 2593
d 1 2594
d 1 2595
d 1 2596
d 1 2597
d 1 2598
d 1 2599
d 1 2600
d 1 2601
d 1 2602
d 1 2603
d 1 2604
d 1 2605
d 1 2606
d 1 2607
d 1 2608
d 1 2609
d 1 2610
d 1 2611
d 1 2612
d 1 2613
d 1 2614
d 1 2615
d 1 2616
d 1 2617
d 1 2618
d 1 2619
d 1 2620
d 1 2621
d 1 2622
d 1 2623
d 1 2624
d 1 2625
d 1 2626
d 1 2627
d 1 2628
d 1 2629
d 1 2630
d 1 2631
d 1 2632
d 1 2633
d 1 2634
d 1 2635
d 1 2636
d 1 2637
d 1 2638
d 1 2639
d 1 2640
d 1 2641
d 1 2642
d 1 2643
d 1 2644
d 1 2645
d 1 2646
d 1 2647
d 1 2648
d 1 2649
d 1 2650
d 1 2651
d 1 2652
d 1 2653
d 1 2654
d 1 2655
d 1 2656
d 1 2657
d 1 2658
d 1 2659
d 1 2660
d 1 2661
d 1 2662
d 1 2663
d 1 2664
d 1 2665
d 1 2666
d 1 2667
d 1 2668
d 1 2669
d 1 2670
d 1 2671
d 1 2672
b 3313
b 3314
b 3315
b 3316
b 3317
b 3318
b 3319
b 3320
b 3321
b 3322
b 3323
b 3324
b 3325
b 3326
b 3327
b 3328
b 3329
b 3330
b 3331
b 3332
b 3333
b 3334
b 3335
b 3336
b 3337
b 3338
b 3339
b 3340
b 3341
b 3342
b 3343
b 3344
b 3345
b 3346
b 3347
b 3348
b 3349
b 3350
b 3351
b 3352
b 3353
b 3354
b 3355
b 3356
b 3357
b 3358
b 3359
b 3360
b 3361
b 3362
b 3363
b 3364
b 3365
b 3366
b 3367
b 3368
b 3369
b 3370
b 3371
b 3372
b 3373
b 3374
b 3375
b 3376
b 3377
b 3378
b 3379
b 3380
b 3381
b 3382
b 3383
b 3384
b 3385
b 3386
b 3387
b 3388
b 3389
b 3390
b 3391
b 3392
b 3393
b 3394
b 3395
b 3396
b 3397
b 3398
b 3399
b 3400
b 3401
b 3402
b 3403
b 3404
b 3405
b 3406
b 3407
b 3408
b 3409
b 3410
b 3411
b 3412
b 3413
b 3414
b 3415
b 3416
b 3417
b 3418
b 3419
b 3420
b 3421
b 3422
b 3423
b 3424
b 3425
b 3426
b 3427
b 3428
b 3429
b 3430
b 3431
b 3432
b 3433
b 3434
b 3435
b 3436
b 3437
b 3438
b 3439
b 3440
b 3441
b 3442
b 3443
b 3444
b 3445
b 3446
b 3447
b 3448
b 3449
b 3450
b 3451
b 3452
b 3453
b 3454
b 3455
b 3456
b 3457
b 3458
b 3459
b 3460
b 3461
b 3462
b 3463
b 3464
b 3465
b 3466
b 3467
b 3468
b 3469
b 3470
b 3471
b 3472
b 3473
b 3474
b 3475
b 3476
b 3477
b 3478
b 3479
b 3480
b 3481
b 3482
b 3483
b 3484
b 3485
b 3486
b 3487
b 3488
d 2 81
d 2 82
d 2 83
d 2 84
d 2 85
d 2 86
d 2 87
d 2 88
d 2 89
d 2 90
d 2 91
d 2 92
d 2 93
d 2 94
d 2 95
d 2 96
d 2 97
d 2 98
d 2 99
d 2 100
d 2 101
d 2 102
d 2 103
d 2 104
d 2 105
d 2 106
d 2 107
d 2 108
d 2 109
d 2 110
d 2 111
d 2 112
d 2 113
d 2 114
d 2 115
d 2 116
d 2 117
d 2 118
d 2 119
d 2 120
d 2 121
d 2 122
d 2 123
d 2 124
d 2 125
d 2 126
d 2 127
d 2 128
d 2 129
d 2 130
d 2 131
d 2 132
d 2 133
d 2 134
d 2 135
d 2 136
d 2 137
d 2 138
d 2 139
d 2 140
d 2 141
d 2 142
d 2 143
d 2 144
d 2 145
d 2 146
d 2 147
d 2 148
d 2 149
d 2 150
d 2 151
d 2 152
d 2 153
d 2 154
d 2 155
d 2 156
d 2 157
d 2 158
d 2 159
d 2 160
d 2 161
d 2 162
d 2 163
d 2 164
d 2 165
d 2 166
d 2 167
d 2 168
d 2 169
d 2 170
d 2 171
d 2 172
d 2 173
d 2 174
d 2 175
d 2 176
d 2 177
d 2 178
d 2 179
d 2 180
d 2 181
d 2 182
d 2 183
d 2 184
d 2 185
d 2 186
d 2 187
d 2 188
d 2 189
d 2 190
d 2 191
d 2 192
d 2 193
d 2 194
d 2 195
d 2 196
d 2 197
d 2 198
d 2 199
d 2 200
d 2 201
d 2 202
d 2 203
d 2 204
d 2 205
d 2 206
d 2 207
d 2 208
d 2 209
d 2 210
d 2 211
d 2 212
d 2 213
d 2 214
d 2 215
d 2 216
d 2 217
d 2 218
d 2 219
d 2 220
d 2 221
d 2 222
d 2 223
d 2 224
d 2 225
d 2 226
d 2 227
d 2 228
d 2 229
d 2 230
d 2 231
d 2 232
d 2 233
d 2 234
d 2 235
d 2 236
d 2 237
d 2 238
d 2 239
d 2 240
d 2 241
d 2 242
d 2 243
d 2 244
d 2 245
d 2 246
d 2 247
d 2 248
d 2 249
d 2 250
d 2 251
d 2 252
d 2 253
d 2 254
d 2 255
d 2 256
d 2 257
d 2 258
d 2 259
d 2 260
d 2 261
d 2 262
d 2 263
d 2 264
d 2 265
d 2 266
d 2 267
d 2 268
d 2 269
d 2 270
d 2 271
d 2 272
d 2 273
d 2 274
d 2 275
d 2 276
d 2 277
d 2 278
d 2 279
d 2 280
d 2 281
d 2 282
d 2 283
d 2 284
d 2 285
d 2 286
d 2 287
d 2 288
d 2 289
d 2 290
d 2 291
d 2 292
d 2 293
d 2 294
d 2 295
d 2 296
d 2 297
d 2 298
d 2 299
d 2 300
d 2 301
d 2 302
d 2 303
d 2 304
d 2 305
d 2 306
d 2 307
d 2 308
d 2 309
d 2 310
d 2 311
d 2 312
d 2 313
d 2 314
d 2 315
d 2 316
d 2 317
d 2 318
d 2 319
d 2 320
d 2 321
d 2 322
d 2 323
d 2 324
d 2 325
d 2 326
d 2 327
d 2 328
d 1 2673
d 1 2674
d 1 2675
d 1 2676
d 1 2677
d 1 2678
d 1 2679
d 1 2680
d 1 2681
d 1 2682
d 1 2683
d 1 2684
d 1 2685
d 1 2686
d 1 2687
d 1 2688
d 1 2689
d 1 2690
d 1 2691
d 1 2692
d 1 2693
d 1 2694
d 1 2695
d 1 2696
d 1 2697
d 1 2698
d 1 2699
d 1 2700
d 1 2701
d 1 2702
d 1 2703
d 1 2704
d 1 2705
d 1 2706
d 1 2707
d 1 2708
d 1 2709
d 1 2710
d 1 2711
d 1 2712
d 1 2713
d 1 2714
d 1 2715
d 1 2716
d 1 2717
d 1 2718
d 1 2719
d 1 2720
d 1 2721
d 1 2722
d 1 2723
d 1 2724
d 1 2725
d 1 2726
d 1 2727
d 1 2728
d 1 2729
d 1 2730
d 1 2731
d 1 2732
d 1 2733
d 1 2734
d 1 2735
d 1 2736
d 1 2737
d 1 2738
d 1 2739
d 1 2740
d 1 2741
d 1 2742
d 1 2743
d 1 2744
b 3489
b 3490
b 3491
b 3492
b 3493
b 3494
b 3495
b 3496
b 3497
b 3498
b 3499
b 3500
b 3501
b 3502
b 3503
b 3504
b 3505
b 3506
b 3507
b 3508
b 3509
b 3510
b 3511
b 3512
b 3513
b 3514
b 3515
b 3516
b 3517
b 3518
b 3519
b 3520
b 3521
b 3522
b 3523
b 3524
b 3525
b 3526
b 3527
b 3528
b 3529
b 3530
b 3531
b 3532
b 3533
b 3534
b 3535
b 3536
b 3537
b 3538
b 3539
b 3540
b 3541
b 3542
b 3543
b 3544
b 3545
b 3546
b 3547
b 3548
b 3549
b 3550
b 3551
b 3552
b 3553
b 3554
b 3555
b 3556
b 3557
b 3558
b 3559
b 3560
d 1 2745
d 1 2746
d 1 2747
d 1 2748
d 1 2749
d 1 2750
d 1 2751
d 1 2752
d 1 2753
d 1 2754
d 1 2755
d 1 2756
d 1 2757
d 1 2758
d 1 2759
d 1 2760
d 1 2761
d 1 2762
d 1 2763
d 1 2764
d 1 2765
d 1 2766
d 1 2767
d 1 2768
d 1 2769
d 1 2770
d 1 2771
d 1 2772
d 1 2773
d 1 2774
d 1 2775
d 1 2776
d 1 2777
d 1 2778
d 1 2779
d 1 2780
d 1 2781
d 1 2782
d 1 2783
d 1 2784
d 1 2785
d 1 2786
d 1 2787
d 1 2788
d 1 2789
d 1 2790
d 1 2791
d 1 2792
d 1 2793
d 1 2794
d 1 2795
d 1 2796
d 1 2797
d 1 2798
d 1 2799
d 1 2800
d 1 2801
d 1 2802
d 1 2803
d 1 2804
d 1 2805
d 1 2806
d 1 2807
d 1 2808
d 1 2809
d 1 2810
d 1 2811
d 1 2812
d 1 2813
d 1 2814
d 1 2815
d 1 2816
d 1 2817
d 1 2818
d 1 2819
d 1 2820
d 1 2821
d 1 2822
d 1 2823
d 1 2824
d 1 2825
d 1 2826
d 1 2827
d 1 2828
d 1 2829
d 1 2830
d 1 2831
d 1 2832
d 1 2833
d 1 2834
d 1 2835
d 1 2836
d 1 2837
d 1 2838
d 1 2839
d 1 2840
d 1 2841
d 1 2842
d 1 2843
d 1 2844
d 1 2845
d 1 2846
d 1 2847
d 1 2848
d 1 2849
d 1 2850
d 1 2851
d 1 2852
d 1 2853
d 1 2854
d 1 2855
d 1 2856
d 1 2857
d 1 2858
d 1 2859
d 1 2860
d 1 2861
d 1 2862
d 1 2863
d 1 2864
d 1 2865
d 1 2866
d 1 2867
d 1 2868
d 1 2869
d 1 2870
d 1 2871
d 1 2872
d 1 2873
d 1 2874
d 1 2875
d 1 2876
d 1 2877
d 1 2878
d 1 2879
d 1 2880
d 1 2881
d 1 2882
d 1 2883
d 1 2884
d 1 2885
d 1 2886
d 1 2887
d 1 2888
d 1 2889
d 1 2890
d 1 2891
d 1 2892
d 1 2893
d 1 2894
d 1 2895
d 1 2896
d 1 2897
d 1 2898
d 1 2899
d 1 2900
d 1 2901
d 1 2902
d 1 2903
d 1 2904
d 1 2905
d 1 2906
d 1 2907
d 1 2908
d 1 2909
d 1 2910
d 1 2911
d 1 2912
d 1 2913
d 1 2914
d 1 2915
d 1 2916
d 1 2917
d 1 2918
d 1 2919
d 1 2920
d 1 2921
d 1 2922
d 1 2923
d 1 2924
d 1 2925
d 1 2926
d 1 2927
d 1 2928
d 1 2929
d 1 2930
d 1 2931
d 1 2932
d 1 2933
d 1 2934
d 1 2935
d 1 2936
d 1 2937
d 1 2938
d 1 2939
d 1 2940
d 1 2941
d 1 2942
d 1 2943
d 1 2944
d 1 2945
d 1 2946
d 1 2947
d 1 2948
d 1 2949
d 1 2950
d 1 2951
d 1 2952
d 1 2953
d 1 2954
d 1 2955
d 1 2956
d 1 2957
d 1 2958
d 1 2959
d 1 2960
d 1 2961
d 1 2962
d 1 2963
d 1 2964
d 1 2965
d 1 2966
d 1 2967
d 1 2968
d 1 2969
d 1 2970
d 1 2971
d 1 2972
d 1 2973
d 1 2974
d 1 2975
d 1 2976
d 1 2977
d 1 2978
d 1 2979
d 1 2980
d 1 2981
d 1 2982
d 1 2983
d 1 2984
d 1 2985
d 1 2986
d 1 2987
d 1 2988
d 1 2989
d 1 2990
d 1 2991
d 1 2992
d 1 2993
d 1 2994
d 1 2995
d 1 2996
d 1 2997
d 1 2998
d 1 2999
d 1 3000
d 1 3001
d 1 3002
d 1 3003
d 1 3004
d 1 3005
d 1 3006
d 1 3007
d 1 3008
d 1 3009
d 1 3010
d 1 3011
d 1 3012
d 1 3013
d 1 3014
d 1 3015
d 1 3016
d 1 3017
d 1 3018
d 1 3019
d 1 3020
d 1 3021
d 1 3022
d 1 3023
d 1 3024
d 1 3025
d 1 3026
d 1 3027
d 1 3028
d 1 3029
d 1 3030
d 1 3031
d 1 3032
d 1 3033
d 1 3034
d 1 3035
d 1 3036
d 1 3037
d 1 3038
d 1 3039
d 1 3040
d 1 3041
d 1 3042
d 1 3043
d 1 3044
d 1 3045
d 1 3046
d 1 3047
d 1 3048
d 1 3049
d 1 3050
d 1 3051
d 1 3052
d 1 3053
d 1 3054
d 1 3055
d 1 3056
d 1 3057
d 1 3058
d 1 3059
d 1 3060
d 1 3061
d 1 3062
d 1 3063
d 1 3064
d 1 3065
d 1 3066
d 1 3067
d 1 3068
d 1 3069
d 1 3070
d 1 3071
d 1 3072
d 1 3073
d 1 3074
d 1 3075
d 1 3076
d 1 3077
d 1 3078
d 1 3079
d 1 3080
d 1 3081
d 1 3082
d 1 3083
d 1 3084
d 1 3085
d 1 3086
d 1 3087
d 1 3088
d 1 3089
d 1 3090
d 1 3091
d 1 3092
d 1 3093
d 1 3094
d 1 3095
d 1 3096
d 1 3097
d 1 3098
d 1 3099
d 1 3100
d 1 3101
d 1 3102
d 1 3103
d 1 3104
d 1 3105
d 1 3106
d 1 3107
d 1 3108
d 1 3109
d 1 3110
d 1 3111
d 1 3112
d 1 3113
d 1 3114
d 1 3115
d 1 3116
d 1 3117
d 1 3118
d 1 3119
d 1 3120
d 1 3121
d 1 3122
d 1 3123
d 1 3124
d 1 3125
d 1 3126
d 1 3127
d 1 3128
d 1 3129
d 1 3130
d 1 3131
d 1 3132
d 1 3133
d 1 3134
d 1 3135
d 1 3136
d 1 3137
d 1 3138
d 1 3139
d 1 3140
d 1 3141
d 1 3142
d 1 3143
d 1 3144
d 1 3145
d 1 3146
d 1 3147
d 1 3148
d 1 3149
d 1 3150
d 1 3151
d 1 3152
d 1 3153
d 1 3154
d 1 3155
d 1 3156
d 1 3157
d 1 3158
d 1 3159
d 1 3160
d 1 3161
d 1 3162
d 1 3163
d 1 3164
d 1 3165
d 1 3166
d 1 3167
d 1 3168
d 1 3169
d 1 3170
d 1 3171
d 1 3172
d 1 3173
d 1 3174
d 1 3175
d 1 3176
d 1 3177
d 1 3178
d 1 3179
d 1 3180
d 1 3181
d 1 3182
d 1 3183
d 1 3184
d 1 3185
d 1 3186
d 1 3187
d 1 3188
d 1 3189
d 1 3190
d 1 3191
d 1 3192
d 1 3193
d 1 3194
d 1 3195
d 1 3196
d 1 3197
d 1 3198
d 1 3199
d 1 3200
d 1 3201
d 1 3202
d 1 3203
d 1 3204
d 1 3205
d 1 3206
d 1 3207
d 1 3208
d 1 3209
d 1 3210
d 1 3211
d 1 3212
d 1 3213
d 1 3214
d 1 3215
d 1 3216
d 1 3217
d 1 3218
d 1 3219
d 1 3220
d 1 3221
d 1 3222
d 1 3223
d 1 3224
b 3561
b 3562
b 3563
b 3564
b 3565
b 3566
b 3567
b 3568
b 3569
b 3570
b 3571
b 3572
b 3573
b 3574
b 3575
b 3576
b 3577
b 3578
b 3579
b 3580
b 3581
b 3582
b 3583
b 3584
b 3585
b 3586
b 3587
b 3588
b 3589
b 3590
b 3591
b 3592
b 3593
b 3594
b 3595
b 3596
b 3597
b 3598
b 3599
b 3600
b 3601
b 3602
b 3603
b 3604
b 3605
b 3606
b 3607
b 3608
b 3609
b 3610
b 3611
b 3612
b 3613
b 3614
b 3615
b 3616
b 3617
b 3618
b 3619
b 3620
b 3621
b 3622
b 3623
b 3624
b 3625
b 3626
b 3627
b 3628
b 3629
b 3630
b 3631
b 3632
b 3633
b 3634
b 3635
b 3636
b 3637
b 3638
b 3639
b 3640
b 3641
b 3642
b 3643
b 3644
b 3645
b 3646
b 3647
b 3648
b 3649
b 3650
b 3651
b 3652
b 3653
b 3654
b 3655
b 3656
b 3657
b 3658
b 3659
b 3660
b 3661
b 3662
b 3663
b 3664
b 3665
b 3666
b 3667
b 3668
b 3669
b 3670
b 3671
b 3672
b 3673
b 3674
b 3675
b 3676
b 3677
b 3678
b 3679
b 3680
b 3681
b 3682
b 3683
b 3684
b 3685
b 3686
b 3687
b 3688
b 3689
b 3690
b 3691
b 3692
b 3693
b 3694
b 3695
b 3696
b 3697
b 3698
b 3699
b 3700
b 3701
b 3702
b 3703
b 3704
b 3705
b 3706
b 3707
b 3708
b 3709
b 3710
b 3711
b 3712
b 3713
b 3714
b 3715
b 3716
b 3717
b 3718
b 3719
b 3720
b 3721
b 3722
b 3723
b 3724
b 3725
b 3726
b 3727
b 3728
b 3729
b 3730
b 3731
b 3732
b 3733
b 3734
b 3735
b 3736
b 3737
b 3738
b 3739
b 3740
b 3741
b 3742
b 3743
b 3744
b 3745
b 3746
b 3747
b 3748
b 3749
b 3750
b 3751
b 3752
b 3753
b 3754
b 3755
b 3756
b 3757
b 3758
b 3759
b 3760
b 3761
b 3762
b 3763
b 3764
b 3765
b 3766
b 3767
b 3768
b 3769
b 3770
b 3771
b 3772
b 3773
b 3774
b 3775
b 3776
b 3777
b 3778
b 3779
b 3780
b 3781
b 3782
b 3783
b 3784
b 3785
b 3786
b 3787
b 3788
b 3789
b 3790
b 3791
b 3792
b 3793
b 3794
b 3795
b 3796
b 3797
b 3798
b 3799
b 3800
b 3801
b 3802
b 3803
b 3804
b 3805
b 3806
b 3807
b 3808
b 3809
b 3810
b 3811
b 3812
b 3813
b 3814
b 3815
b 3816
b 3817
b 3818
b 3819
b 3820
b 3821
b 3822
b 3823
b 3824
b 3825
b 3826
b 3827
b 3828
b 3829
b 3830
b 3831
b 3832
b 3833
b 3834
b 3835
b 3836
b 3837
b 3838
b 3839
b 3840
b 3841
b 3842
b 3843
b 3844
b 3845
b 3846
b 3847
b 3848
b 3849
b 3850
b 3851
b 3852
b 3853
b 3854
b 3855
b 3856
b 3857
b 3858
b 3859
b 3860
b 3861
b 3862
b 3863
b 3864
b 3865
b 3866
b 3867
b 3868
b 3869
b 3870
b 3871
b 3872
b 3873
b 3874
b 3875
b 3876
b 3877
b 3878
b 3879
b 3880
b 3881
b 3882
b 3883
b 3884
b 3885
b 3886
b 3887
b 3888
b 3889
b 3890
b 3891
b 3892
b 3893
b 3894
b 3895
b 3896
b 3897
b 3898
b 3899
b 3900
b 3901
b 3902
b 3903
b 3904
b 3905
b 3906
b 3907
b 3908
b 3909
b 3910
b 3911
b 3912
b 3913
b 3914
b 3915
b 3916
b 3917
b 3918
b 3919
b 3920
b 3921
b 3922
b 3923
b 3924
b 3925
b 3926
b 3927
b 3928
b 3929
b 3930
b 3931
b 3932
b 3933
b 3934
b 3935
b 3936
b 3937
b 3938
b 3939
b 3940
b 3941
b 3942
b 3943
b 3944
b 3945
b 3946
b 3947
b 3948
b 3949
b 3950
b 3951
b 3952
b 3953
b 3954
b 3955
b 3956
b 3957
b 3958
b 3959
b 3960
b 3961
b 3962
b 3963
b 3964
b 3965
b 3966
b 3967
b 3968
b 3969
b 3970
b 3971
b 3972
b 3973
b 3974
b 3975
b 3976
b 3977
b 3978
b 3979
b 3980
b 3981
b 3982
b 3983
b 3984
b 3985
b 3986
b 3987
b 3988
b 3989
b 3990
b 3991
b 3992
b 3993
b 3994
b 3995
b 3996
b 3997
b 3998
b 3999
b 4000
b 4001
b 4002
b 4003
b 4004
b 4005
b 4006
b 4007
b 4008
b 4009
b 4010
b 4011
b 4012
b 4013
b 4014
b 4015
b 4016
b 4017
b 4018
b 4019
b 4020
b 4021
b 4022
b 4023
b 4024
b 4025
b 4026
b 4027
b 4028
b 4029
b 4030
b 4031
b 4032
b 4033
b 4034
b 4035
b 4036
b 4037
b 4038
b 4039
b 4040
d 1 3225
d 1 3226
d 1 3227
d 1 3228
d 1 3229
d 1 3230
d 1 3231
d 1 3232
d 1 3233
d 1 3234
d 1 3235
d 1 3236
d 1 3237
d 1 3238
d 1 3239
d 1 3240
d 1 3241
d 1 3242
d 1 3243
d 1 3244
d 1 3245
d 1 3246
d 1 3247
d 1 3248
d 1 3249
d 1 3250
d 1 3251
d 1 3252
d 1 3253
d 1 3254
d 1 3255
d 1 3256
b 4041
b 4042
b 4043
b 4044
b 4045
b 4046
b 4047
b 4048
b 4049
b 4050
b 4051
b 4052
b 4053
b 4054
b 4055
b 4056
b 4057
b 4058
b 4059
b 4060
b 4061
b 4062
b 4063
b 4064
b 4065
b 4066
b 4067
b 4068
b 4069
b 4070
b 4071
b 4072
d 2 329
d 2 330
d 2 331
d 2 332
d 2 333
d 2 334
d 2 335
d 2 336
d 2 337
d 2 338
d 2 339
d 2 340
d 2 341
d 2 342
d 2 343
d 2 344
d 2 345
d 2 346
d 2 347
d 2 348
d 2 349
d 2 350
d 2 351
d 2 352
d 2 353
d 2 354
d 2 355
d 2 356
d 2 357
d 2 358
d 2 359
d 2 360
d 2 361
d 2 362
d 2 363
d 2 364
d 2 365
d 2 366
d 2 367
d 2 368
d 2 369
d 2 370
d 2 371
d 2 372
d 2 373
d 2 374
d 2 375
d 2 376
d 2 377
d 2 378
d 2 379
d 2 380
d 2 381
d 2 382
d 2 383
d 2 384
d 2 385
d 2 386
d 2 387
d 2 388
d 2 389
d 2 390
d 2 391
d 2 392
d 2 393
d 2 394
d 2 395
d 2 396
d 2 397
d 2 398
d 2 399
d 2 400
d 2 401
d 2 402
d 2 403
d 2 404
d 2 405
d 2 406
d 2 407
d 2 408
d 2 409
d 2 410
d 2 411
d 2 412
d 2 413
d 2 414
d 2 415
d 2 416
d 2 417
d 2 418
d 2 419
d 2 420
d 2 421
d 2 422
d 2 423
d 2 424
d 2 425
d 2 426
d 2 427
d 2 428
d 2 429
d 2 430
d 2 431
d 2 432
d 2 433
d 2 434
d 2 435
d 2 436
d 2 437
d 2 438
d 2 439
d 2 440
d 2 441
d 2 442
d 2 443
d 2 444
d 2 445
d 2 446
d 2 447
d 2 448
d 2 449
d 2 450
d 2 451
d 2 452
d 2 453
d 2 454
d 2 455
d 2 456
d 2 457
d 2 458
d 2 459
d 2 460
d 2 461
d 2 462
d 2 463
d 2 464
d 2 465
d 2 466
d 2 467
d 2 468
d 2 469
d 2 470
d 2 471
d 2 472
d 3 41
d 3 42
d 3 43
d 3 44
d 3 45
d 3 46
d 3 47
d 3 48
d 3 49
d 3 50
d 3 51
d 3 52
d 3 53
d 3 54
d 3 55
d 3 56
d 3 57
d 3 58
d 3 59
d 3 60
d 3 61
d 3 62
d 3 63
d 3 64
d 3 65
d 3 66
d 3 67
d 3 68
d 3 69
d 3 70
d 3 71
d 3 72
d 3 73
d 3 74
d 3 75
d 3 76
d 3 77
d 3 78
d 3 79
d 3 80
d 3 81
d 3 82
d 3 83
d 3 84
d 3 85
d 3 86
d 3 87
d 3 88
d 3 89
d 3 90
d 3 91
d 3 92
d 3 93
d 3 94
d 3 95
d 3 96
d 3 97
d 3 98
d 3 99
d 3 100
d 3 101
d 3 102
d 3 103
d 3 104
d 3 105
d 3 106
d 3 107
d 3 108
d 3 109
d 3 110
d 3 111
d 3 112
d 3 113
d 3 114
d 3 115
d 3 116
d 3 117
d 3 118
d 3 119
d 3 120
d 3 121
d 3 122
d 3 123
d 3 124
d 3 125
d 3 126
d 3 127
d 3 128
d 3 129
d 3 130
d 3 131
d 3 132
d 3 133
d 3 134
d 3 135
d 3 136
d 3 137
d 3 138
d 3 139
d 3 140
d 3 141
d 3 142
d 3 143
d 3 144
d 3 145
d 3 146
d 3 147
d 3 148
d 3 149
d 3 150
d 3 151
d 3 152
d 3 153
d 3 154
d 3 155
d 3 156
d 3 157
d 3 158
d 3 159
d 3 160
d 3 161
d 3 162
d 3 163
d 3 164
d 3 165
d 3 166
d 3 167
d 3 168
d 3 169
d 3 170
d 3 171
d 3 172
d 3 173
d 3 174
d 3 175
d 3 176
d 3 177
d 3 178
d 3 179
d 3 180
d 3 181
d 3 182
d 3 183
d 3 184
d 3 185
d 3 186
d 3 187
d 3 188
d 3 189
d 3 190
d 3 191
d 3 192
d 3 193
d 3 194
d 3 195
d 3 196
d 3 197
d 3 198
d 3 199
d 3 200
d 3 201
d 3 202
d 3 203
d 3 204
d 3 205
d 3 206
d 3 207
d 3 208
d 3 209
d 3 210
d 3 211
d 3 212
d 3 213
d 3 214
d 3 215
d 3 216
d 3 217
d 3 218
d 3 219
d 3 220
d 3 221
d 3 222
d 3 223
d 3 224
d 3 225
d 3 226
d 3 227
d 3 228
d 3 229
d 3 230
d 3 231
d 3 232
d 3 233
d 3 234
d 3 235
d 3 236
d 3 237
d 3 238
d 3 239
d 3 240
d 3 241
d 3 242
d 3 243
d 3 244
d 3 245
d 3 246
d 3 247
d 3 248
d 3 249
d 3 250
d 3 251
d 3 252
d 3 253
d 3 254
d 3 255
d 3 256
d 3 257
d 3 258
d 3 259
d 3 260
d 3 261
d 3 262
d 3 263
d 3 264
d 3 265
d 3 266
d 3 267
d 3 268
d 3 269
d 3 270
d 3 271
d 3 272
d 3 273
d 3 274
d 3 275
d 3 276
d 3 277
d 3 278
d 3 279
d 3 280
d 3 281
d 3 282
d 3 283
d 3 284
d 3 285
d 3 286
d 3 287
d 3 288
d 3 289
d 3 290
d 3 291
d 3 292
d 3 293
d 3 294
d 3 295
d 3 296
d 3 297
d 3 298
d 3 299
d 3 300
d 3 301
d 3 302
d 3 303
d 3 304
d 3 305
d 3 306
d 3 307
d 3 308
d 3 309
d 3 310
d 3 311
d 3 312
d 3 313
d 3 314
d 3 315
d 3 316
d 3 317
d 3 318
d 3 319
d 3 320
d 3 321
d 3 322
d 3 323
d 3 324
d 3 325
d 3 326
d 3 327
d 3 328
d 3 329
d 3 330
d 3 331
d 3 332
d 3 333
d 3 334
d 3 335
d 3 336
d 3 337
d 3 338
d 3 339
d 3 340
d 3 341
d 3 342
d 3 343
d 3 344
d 2 473
d 2 474
d 2 475
d 2 476
d 2 477
d 2 478
d 2 479
d 2 480
d 2 481
d 2 482
d 2 483
d 2 484
d 2 485
d 2 486
d 2 487
d 2 488
d 2 489
d 2 490
d 2 491
d 2 492
d 2 493
d 2 494
d 2 495
d 2 496
d 2 497
d 2 498
d 2 499
d 2 500
d 2 501
d 2 502
d 2 503
d 2 504
d 2 505
d 2 506
d 2 507
d 2 508
d 2 509
d 2 510
d 2 511
d 2 512
d 2 513
d 2 514
d 2 515
d 2 516
d 2 517
d 2 518
d 2 519
d 2 520
d 2 521
d 2 522
d 2 523
d 2 524
d 2 525
d 2 526
d 2 527
d 2 528
d 2 529
d 2 530
d 2 531
d 2 532
d 2 533
d 2 534
d 2 535
d 2 536
d 2 537
d 2 538
d 2 539
d 2 540
d 2 541
d 2 542
d 2 543
d 2 544
d 2 545
d 2 546
d 2 547
d 2 548
d 2 549
d 2 550
d 2 551
d 2 552
d 2 553
d 2 554
d 2 555
d 2 556
d 2 557
d 2 558
d 2 559
d 2 560
d 2 561
d 2 562
d 2 563
d 2 564
d 2 565
d 2 566
d 2 567
d 2 568
d 2 569
d 2 570
d 2 571
d 2 572
d 2 573
d 2 574
d 2 575
d 2 576
d 2 577
d 2 578
d 2 579
d 2 580
d 2 581
d 2 582
d 2 583
d 2 584
d 2 585
d 2 586
d 2 587
d 2 588
d 2 589
d 2 590
d 2 591
d 2 592
d 2 593
d 2 594
d 2 595
d 2 596
d 2 597
d 2 598
d 2 599
d 2 600
d 2 601
d 2 602
d 2 603
d 2 604
d 2 605
d 2 606
d 2 607
d 2 608
d 2 609
d 2 610
d 2 611
d 2 612
d 2 613
d 2 614
d 2 615
d 2 616
d 2 617
d 2 618
d 2 619
d 2 620
d 2 621
d 2 622
d 2 623
d 2 624
d 2 625
d 2 626
d 2 627
d 2 628
d 2 629
d 2 630
d 2 631
d 2 632
d 2 633
d 2 634
d 2 635
d 2 636
d 2 637
d 2 638
d 2 639
d 2 640
d 2 641
d 2 642
d 2 643
d 2 644
d 2 645
d 2 646
d 2 647
d 2 648
d 2 649
d 2 650
d 2 651
d 2 652
d 2 653
d 2 654
d 2 655
d 2 656
d 2 657
d 2 658
d 2 659
d 2 660
d 2 661
d 2 662
d 2 663
d 2 664
d 2 665
d 2 666
d 2 667
d 2 668
d 2 669
d 2 670
d 2 671
d 2 672
d 2 673
d 2 674
d 2 675
d 2 676
d 2 677
d 2 678
d 2 679
d 2 680
d 2 681
d 2 682
d 2 683
d 2 684
d 2 685
d 2 686
d 2 687
d 2 688
d 2 689
d 2 690
d 2 691
d 2 692
d 2 693
d 2 694
d 2 695
d 2 696
d 2 697
d 2 698
d 2 699
d 2 700
d 2 701
d 2 702
d 2 703
d 2 704
d 2 705
d 2 706
d 2 707
d 2 708
d 2 709
d 2 710
d 2 711
d 2 712
d 2 713
d 2 714
d 2 715
d 2 716
d 2 717
d 2 718
d 2 719
d 2 720
d 2 721
d 2 722
d 2 723
d 2 724
d 2 725
d 2 726
d 2 727
d 2 728
d 2 729
d 2 730
d 2 731
d 2 732
d 2 733
d 2 734
d 2 735
d 2 736
d 2 737
d 2 738
d 2 739
d 2 740
d 2 741
d 2 742
d 2 743
d 2 744
d 2 745
d 2 746
d 2 747
d 2 748
d 2 749
d 2 750
d 2 751
d 2 752
d 2 753
d 2 754
d 2 755
d 2 756
d 2 757
d 2 758
d 2 759
d 2 760
d 2 761
d 2 762
d 2 763
d 2 764
d 2 765
d 2 766
d 2 767
d 2 768
d 2 769
d 2 770
d 2 771
d 2 772
d 2 773
d 2 774
d 2 775
d 2 776
d 2 777
d 2 778
d 2 779
d 2 780
d 2 781
d 2 782
d 2 783
d 2 784
d 2 785
d 2 786
d 2 787
d 2 788
d 2 789
d 2 790
d 2 791
d 2 792
d 2 793
d 2 794
d 2 795
d 2 796
d 2 797
d 2 798
d 2 799
d 2 800
d 2 801
d 2 802
d 2 803
d 2 804
d 2 805
d 2 806
d 2 807
d 2 808
d 2 809
d 2 810
d 2 811
d 2 812
d 2 813
d 2 814
d 2 815
d 2 816
d 2 817
d 2 818
d 2 819
d 2 820
d 2 821
d 2 822
d 2 823
d 2 824
d 2 825
d 2 826
d 2 827
d 2 828
d 2 829
d 2 830
d 2 831
d 2 832
d 2 833
d 2 834
d 2 835
d 2 836
d 2 837
d 2 838
d 2 839
d 2 840
d 2 841
d 2 842
d 2 843
d 2 844
d 2 845
d 2 846
d 2 847
d 2 848
d 2 849
d 2 850
d 2 851
d 2 852
d 2 853
d 2 854
d 2 855
d 2 856
d 2 857
d 2 858
d 2 859
d 2 860
d 2 861
d 2 862
d 2 863
d 2 864
d 2 865
d 2 866
d 2 867
d 2 868
d 2 869
d 2 870
d 2 871
d 2 872
d 2 873
d 2 874
d 2 875
d 2 876
d 2 877
d 2 878
d 2 879
d 2 880
d 2 881
d 2 882
d 2 883
d 2 884
d 2 885
d 2 886
d 2 887
d 2 888
d 2 889
d 2 890
d 2 891
d 2 892
d 2 893
d 2 894
d 2 895
d 2 896
d 2 897
d 2 898
d 2 899
d 2 900
d 2 901
d 2 902
d 2 903
d 2 904
d 2 905
d 2 906
d 2 907
d 2 908
d 2 909
d 2 910
d 2 911
d 2 912
d 2 913
d 2 914
d 2 915
d 2 916
d 2 917
d 2 918
d 2 919
d 2 920
d 2 921
d 2 922
d 2 923
d 2 924
d 2 925
d 2 926
d 2 927
d 2 928
d 2 929
d 2 930
d 2 931
d 2 932
d 2 933
d 2 934
d 2 935
d 2 936
d 2 937
d 2 938
d 2 939
d 2 940
d 2 941
d 2 942
d 2 943
d 2 944
d 2 945
d 2 946
d 2 947
d 2 948
d 2 949
d 2 950
d 2 951
d 2 952
d 2 953
d 2 954
d 2 955
d 2 956
d 2 957
d 2 958
d 2 959
d 2 960
d 2 961
d 2 962
d 2 963
d 2 964
d 2 965
d 2 966
d 2 967
d 2 968
d 2 969
d 2 970
d 2 971
d 2 972
d 2 973
d 2 974
d 2 975
d 2 976
d 2 977
d 2 978
d 2 979
d 2 980
d 2 981
d 2 982
d 2 983
d 2 984
d 2 985
d 2 986
d 2 987
d 2 988
d 2 989
d 2 990
d 2 991
d 2 992
d 2 993
d 2 994
d 2 995
d 2 996
d 2 997
d 2 998
d 2 999
d 2 1000
d 2 1001
d 2 1002
d 2 1003
d 2 1004
d 2 1005
d 2 1006
d 2 1007
d 2 1008
d 2 1009
d 2 1010
d 2 1011
d 2 1012
d 2 1013
d 2 1014
d 2 1015
d 2 1016
d 2 1017
d 2 1018
d 2 1019
d 2 1020
d 2 1021
d 2 1022
d 2 1023
d 2 1024
d 2 1025
d 2 1026
d 2 1027
d 2 1028
d 2 1029
d 2 1030
d 2 1031
d 2 1032
d 2 1033
d 2 1034
d 2 1035
d 2 1036
d 2 1037
d 2 1038
d 2 1039
d 2 1040
d 2 1041
d 2 1042
d 2 1043
d 2 1044
d 2 1045
d 2 1046
d 2 1047
d 2 1048
d 2 1049
d 2 1050
d 2 1051
d 2 1052
d 2 1053
d 2 1054
d 2 1055
d 2 1056
d 2 1057
d 2 1058
d 2 1059
d 2 1060
d 2 1061
d 2 1062
d 2 1063
d 2 1064
d 2 1065
d 2 1066
d 2 1067
d 2 1068
d 2 1069
d 2 1070
d 2 1071
d 2 1072
d 2 1073
d 2 1074
d 2 1075
d 2 1076
d 2 1077
d 2 1078
d 2 1079
d 2 1080
d 2 1081
d 2 1082
d 2 1083
d 2 1084
d 2 1085
d 2 1086
d 2 1087
d 2 1088
d 2 1089
d 2 1090
d 2 1091
d 2 1092
d 2 1093
d 2 1094
d 2 1095
d 2 1096
d 2 1097
d 2 1098
d 2 1099
d 2 1100
d 2 1101
d 2 1102
d 2 1103
d 2 1104
d 2 1105
d 2 1106
d 2 1107
d 2 1108
d 2 1109
d 2 1110
d 2 1111
d 2 1112
d 2 1113
d 2 1114
d 2 1115
d 2 1116
d 2 1117
d 2 1118
d 2 1119
d 2 1120
d 2 1121
d 2 1122
d 2 1123
d 2 1124
d 2 1125
d 2 1126
d 2 1127
d 2 1128
d 2 1129
d 2 1130
d 2 1131
d 2 1132
d 2 1133
d 2 1134
d 2 1135
d 2 1136
d 2 1137
d 2 1138
d 2 1139
d 2 1140
d 2 1141
d 2 1142
d 2 1143
d 2 1144
d 2 1145
d 2 1146
d 2 1147
d 2 1148
d 2 1149
d 2 1150
d 2 1151
d 2 1152
d 2 1153
d 2 1154
d 2 1155
d 2 1156
d 2 1157
d 2 1158
d 2 1159
d 2 1160
d 2 1161
d 2 1162
d 2 1163
d 2 1164
d 2 1165
d 2 1166
d 2 1167
d 2 1168
d 2 1169
d 2 1170
d 2 1171
d 2 1172
d 2 1173
d 2 1174
d 2 1175
d 2 1176
d 2 1177
d 2 1178
d 2 1179
d 2 1180
d 2 1181
d 2 1182
d 2 1183
d 2 1184
d 2 1185
d 2 1186
d 2 1187
d 2 1188
d 2 1189
d 2 1190
d 2 1191
d 2 1192
d 2 1193
d 2 1194
d 2 1195
d 2 1196
d 2 1197
d 2 1198
d 2 1199
d 2 1200
d 2 1201
d 2 1202
d 2 1203
d 2 1204
d 2 1205
d 2 1206
d 2 1207
d 2 1208
d 2 1209
d 2 1210
d 2 1211
d 2 1212
d 2 1213
d 2 1214
d 2 1215
d 2 1216
d 2 1217
d 2 1218
d 2 1219
d 2 1220
d 2 1221
d 2 1222
d 2 1223
d 2 1224
d 2 1225
d 2 1226
d 2 1227
d 2 1228
d 2 1229
d 2 1230
d 2 1231
d 2 1232
d 2 1233
d 2 1234
d 2 1235
d 2 1236
d 2 1237
d 2 1238
d 2 1239
d 2 1240
d 2 1241
d 2 1242
d 2 1243
d 2 1244
d 2 1245
d 2 1246
d 2 1247
d 2 1248
d 2 1249
d 2 1250
d 2 1251
d 2 1252
d 2 1253
d 2 1254
d 2 1255
d 2 1256
d 2 1257
d 2 1258
d 2 1259
d 2 1260
d 2 1261
d 2 1262
d 2 1263
d 2 1264
d 1 3257
d 1 3258
d 1 3259
d 1 3260
d 1 3261
d 1 3262
d 1 3263
d 1 3264
d 1 3265
d 1 3266
d 1 3267
d 1 3268
d 1 3269
d 1 3270
d 1 3271
d 1 3272
d 1 3273
d 1 3274
d 1 3275
d 1 3276
d 1 3277
d 1 3278
d 1 3279
d 1 3280
d 1 3281
d 1 3282
d 1 3283
d 1 3284
d 1 3285
d 1 3286
d 1 3287
d 1 3288
d 1 3289
d 1 3290
d 1 3291
d 1 3292
d 1 3293
d 1 3294
d 1 3295
d 1 3296
d 1 3297
d 1 3298
d 1 3299
d 1 3300
d 1 3301
d 1 3302
d 1 3303
d 1 3304
d 1 3305
d 1 3306
d 1 3307
d 1 3308
d 1 3309
d 1 3310
d 1 3311
d 1 3312
d 1 3313
d 1 3314
d 1 3315
d 1 3316
d 1 3317
d 1 3318
d 1 3319
d 1 3320
d 1 3321
d 1 3322
d 1 3323
d 1 3324
d 1 3325
d 1 3326
d 1 3327
d 1 3328
d 1 3329
d 1 3330
d 1 3331
d 1 3332
d 1 3333
d 1 3334
d 1 3335
d 1 3336
d 1 3337
d 1 3338
d 1 3339
d 1 3340
d 1 3341
d 1 3342
d 1 3343
d 1 3344
d 1 3345
d 1 3346
d 1 3347
d 1 3348
d 1 3349
d 1 3350
d 1 3351
d 1 3352
d 1 3353
d 1 3354
d 1 3355
d 1 3356
d 1 3357
d 1 3358
d 1 3359
d 1 3360
d 1 3361
d 1 3362
d 1 3363
d 1 3364
d 1 3365
d 1 3366
d 1 3367
d 1 3368
d 1 3369
d 1 3370
d 1 3371
d 1 3372
d 1 3373
d 1 3374
d 1 3375
d 1 3376
d 1 3377
d 1 3378
d 1 3379
d 1 3380
d 1 3381
d 1 3382
d 1 3383
d 1 3384
d 1 3385
d 1 3386
d 1 3387
d 1 3388
d 1 3389
d 1 3390
d 1 3391
d 1 3392
d 1 3393
d 1 3394
d 1 3395
d 1 3396
d 1 3397
d 1 3398
d 1 3399
d 1 3400
d 1 3401
d 1 3402
d 1 3403
d 1 3404
d 1 3405
d 1 3406
d 1 3407
d 1 3408
d 1 3409
d 1 3410
d 1 3411
d 1 3412
d 1 3413
d 1 3414
d 1 3415
d 1 3416
d 1 3417
d 1 3418
d 1 3419
d 1 3420
d 1 3421
d 1 3422
d 1 3423
d 1 3424
d 1 3425
d 1 3426
d 1 3427
d 1 3428
d 1 3429
d 1 3430
d 1 3431
d 1 3432
d 1 3433
d 1 3434
d 1 3435
d 1 3436
d 1 3437
d 1 3438
d 1 3439
d 1 3440
d 1 3441
d 1 3442
d 1 3443
d 1 3444
d 1 3445
d 1 3446
d 1 3447
d 1 3448
d 1 3449
d 1 3450
d 1 3451
d 1 3452
d 1 3453
d 1 3454
d 1 3455
d 1 3456
d 1 3457
d 1 3458
d 1 3459
d 1 3460
d 1 3461
d 1 3462
d 1 3463
d 1 3464
d 1 3465
d 1 3466
d 1 3467
d 1 3468
d 1 3469
d 1 3470
d 1 3471
d 1 3472
d 1 3473
d 1 3474
d 1 3475
d 1 3476
d 1 3477
d 1 3478
d 1 3479
d 1 3480
d 1 3481
d 1 3482
d 1 3483
d 1 3484
d 1 3485
d 1 3486
d 1 3487
d 1 3488
b 4073
b 4074
b 4075
b 4076
b 4077
b 4078
b 4079
b 4080
b 4081
b 4082
b 4083
b 4084
b 4085
b 4086
b 4087
b 4088
b 4089
b 4090
b 4091
b 4092
b 4093
b 4094
b 4095
b 4096
b 4097
b 4098
b 4099
b 4100
b 4101
b 4102
b 4103
b 4104
b 4105
b 4106
b 4107
b 4108
b 4109
b 4110
b 4111
b 4112
b 4113
b 4114
b 4115
b 4116
b 4117
b 4118
b 4119
b 4120
b 4121
b 4122
b 4123
b 4124
b 4125
b 4126
b 4127
b 4128
b 4129
b 4130
b 4131
b 4132
b 4133
b 4134
b 4135
b 4136
b 4137
b 4138
b 4139
b 4140
b 4141
b 4142
b 4143
b 4144
b 4145
b 4146
b 4147
b 4148
b 4149
b 4150
b 4151
b 4152
b 4153
b 4154
b 4155
b 4156
b 4157
b 4158
b 4159
b 4160
b 4161
b 4162
b 4163
b 4164
b 4165
b 4166
b 4167
b 4168
b 4169
b 4170
b 4171
b 4172
b 4173
b 4174
b 4175
b 4176
b 4177
b 4178
b 4179
b 4180
b 4181
b 4182
b 4183
b 4184
b 4185
b 4186
b 4187
b 4188
b 4189
b 4190
b 4191
b 4192
b 4193
b 4194
b 4195
b 4196
b 4197
b 4198
b 4199
b 4200
b 4201
b 4202
b 4203
b 4204
b 4205
b 4206
b 4207
b 4208
b 4209
b 4210
b 4211
b 4212
b 4213
b 4214
b 4215
b 4216
b 4217
b 4218
b 4219
b 4220
b 4221
b 4222
b 4223
b 4224
b 4225
b 4226
b 4227
b 4228
b 4229
b 4230
b 4231
b 4232
b 4233
b 4234
b 4235
b 4236
b 4237
b 4238
b 4239
b 4240
b 4241
b 4242
b 4243
b 4244
b 4245
b 4246
b 4247
b 4248
b 4249
b 4250
b 4251
b 4252
b 4253
b 4254
b 4255
b 4256
b 4257
b 4258
b 4259
b 4260
b 4261
b 4262
b 4263
b 4264
b 4265
b 4266
b 4267
b 4268
b 4269
b 4270
b 4271
b 4272
b 4273
b 4274
b 4275
b 4276
b 4277
b 4278
b 4279
b 4280
b 4281
b 4282
b 4283
b 4284
b 4285
b 4286
b 4287
b 4288
b 4289
b 4290
b 4291
b 4292
b 4293
b 4294
b 4295
b 4296
b 4297
b 4298
b 4299
b 4300
b 4301
b 4302
b 4303
b 4304
d 1 3489
d 1 3490
d 1 3491
d 1 3492
d 1 3493
d 1 3494
d 1 3495
d 1 3496
d 1 3497
d 1 3498
d 1 3499
d 1 3500
d 1 3501
d 1 3502
d 1 3503
d 1 3504
d 1 3505
d 1 3506
d 1 3507
d 1 3508
d 1 3509
d 1 3510
d 1 3511
d 1 3512
d 1 3513
d 1 3514
d 1 3515
d 1 3516
d 1 3517
d 1 3518
d 1 3519
d 1 3520
d 1 3521
d 1 3522
d 1 3523
d 1 3524
d 1 3525
d 1 3526
d 1 3527
d 1 3528
d 1 3529
d 1 3530
d 1 3531
d 1 3532
d 1 3533
d 1 3534
d 1 3535
d 1 3536
d 1 3537
d 1 3538
d 1 3539
d 1 3540
d 1 3541
d 1 3542
d 1 3543
d 1 3544
d 1 3545
d 1 3546
d 1 3547
d 1 3548
d 1 3549
d 1 3550
d 1 3551
d 1 3552
d 1 3553
d 1 3554
d 1 3555
d 1 3556
d 1 3557
d 1 3558
d 1 3559
d 1 3560
d 1 3561
d 1 3562
d 1 3563
d 1 3564
d 1 3565
d 1 3566
d 1 3567
d 1 3568
d 1 3569
d 1 3570
d 1 3571
d 1 3572
d 1 3573
d 1 3574
d 1 3575
d 1 3576
d 1 3577
d 1 3578
d 1 3579
d 1 3580
d 1 3581
d 1 3582
d 1 3583
d 1 3584
d 1 3585
d 1 3586
d 1 3587
d 1 3588
d 1 3589
d 1 3590
d 1 3591
d 1 3592
d 1 3593
d 1 3594
d 1 3595
d 1 3596
d 1 3597
d 1 3598
d 1 3599
d 1 3600
d 1 3601
d 1 3602
d 1 3603
d 1 3604
d 1 3605
d 1 3606
d 1 3607
d 1 3608
d 1 3609
d 1 3610
d 1 3611
d 1 3612
d 1 3613
d 1 3614
d 1 3615
d 1 3616
d 1 3617
d 1 3618
d 1 3619
d 1 3620
d 1 3621
d 1 3622
d 1 3623
d 1 3624
d 1 3625
d 1 3626
d 1 3627
d 1 3628
d 1 3629
d 1 3630
d 1 3631
d 1 3632
d 1 3633
d 1 3634
d 1 3635
d 1 3636
d 1 3637
d 1 3638
d 1 3639
d 1 3640
d 1 3641
d 1 3642
d 1 3643
d 1 3644
d 1 3645
d 1 3646
d 1 3647
d 1 3648
d 1 3649
d 1 3650
d 1 3651
d 1 3652
d 1 3653
d 1 3654
d 1 3655
d 1 3656
d 1 3657
d 1 3658
d 1 3659
d 1 3660
d 1 3661
d 1 3662
d 1 3663
d 1 3664
d 1 3665
d 1 3666
d 1 3667
d 1 3668
d 1 3669
d 1 3670
d 1 3671
d 1 3672
d 1 3673
d 1 3674
d 1 3675
d 1 3676
d 1 3677
d 1 3678
d 1 3679
d 1 3680
d 1 3681
d 1 3682
d 1 3683
d 1 3684
d 1 3685
d 1 3686
d 1 3687
d 1 3688
d 1 3689
d 1 3690
d 1 3691
d 1 3692
d 1 3693
d 1 3694
d 1 3695
d 1 3696
d 1 3697
d 1 3698
d 1 3699
d 1 3700
d 1 3701
d 1 3702
d 1 3703
d 1 3704
b 4305
b 4306
b 4307
b 4308
b 4309
b 4310
b 4311
b 4312
b 4313
b 4314
b 4315
b 4316
b 4317
b 4318
b 4319
b 4320
b 4321
b 4322
b 4323
b 4324
b 4325
b 4326
b 4327
b 4328
b 4329
b 4330
b 4331
b 4332
b 4333
b 4334
b 4335
b 4336
b 4337
b 4338
b 4339
b 4340
b 4341
b 4342
b 4343
b 4344
b 4345
b 4346
b 4347
b 4348
b 4349
b 4350
b 4351
b 4352
b 4353
b 4354
b 4355
b 4356
b 4357
b 4358
b 4359
b 4360
b 4361
b 4362
b 4363
b 4364
b 4365
b 4366
b 4367
b 4368
b 4369
b 4370
b 4371
b 4372
b 4373
b 4374
b 4375
b 4376
b 4377
b 4378
b 4379
b 4380
b 4381
b 4382
b 4383
b 4384
b 4385
b 4386
b 4387
b 4388
b 4389
b 4390
b 4391
b 4392
b 4393
b 4394
b 4395
b 4396
b 4397
b 4398
b 4399
b 4400
b 4401
b 4402
b 4403
b 4404
b 4405
b 4406
b 4407
b 4408
b 4409
b 4410
b 4411
b 4412
b 4413
b 4414
b 4415
b 4416
b 4417
b 4418
b 4419
b 4420
b 4421
b 4422
b 4423
b 4424
b 4425
b 4426
b 4427
b 4428
b 4429
b 4430
b 4431
b 4432
b 4433
b 4434
b 4435
b 4436
b 4437
b 4438
b 4439
b 4440
b 4441
b 4442
b 4443
b 4444
b 4445
b 4446
b 4447
b 4448
b 4449
b 4450
b 4451
b 4452
b 4453
b 4454
b 4455
b 4456
b 4457
b 4458
b 4459
b 4460
b 4461
b 4462
b 4463
b 4464
b 4465
b 4466
b 4467
b 4468
b 4469
b 4470
b 4471
b 4472
b 4473
b 4474
b 4475
b 4476
b 4477
b 4478
b 4479
b 4480
b 4481
b 4482
b 4483
b 4484
b 4485
b 4486
b 4487
b 4488
b 4489
b 4490
b 4491
b 4492
b 4493
b 4494
b 4495
b 4496
b 4497
b 4498
b 4499
b 4500
b 4501
b 4502
b 4503
b 4504
b 4505
b 4506
b 4507
b 4508
b 4509
b 4510
b 4511
b 4512
b 4513
b 4514
b 4515
b 4516
b 4517
b 4518
b 4519
b 4520
d 2 1265
d 2 1266
d 2 1267
d 2 1268
d 2 1269
d 2 1270
d 2 1271
d 2 1272
d 2 1273
d 2 1274
d 2 1275
d 2 1276
d 2 1277
d 2 1278
d 2 1279
d 2 1280
d 2 1281
d 2 1282
d 2 1283
d 2 1284
d 2 1285
d 2 1286
d 2 1287
d 2 1288
d 2 1289
d 2 1290
d 2 1291
d 2 1292
d 2 1293
d 2 1294
d 2 1295
d 2 1296
d 2 1297
d 2 1298
d 2 1299
d 2 1300
d 2 1301
d 2 1302
d 2 1303
d 2 1304
d 2 1305
d 2 1306
d 2 1307
d 2 1308
d 2 1309
d 2 1310
d 2 1311
d 2 1312
d 2 1313
d 2 1314
d 2 1315
d 2 1316
d 2 1317
d 2 1318
d 2 1319
d 2 1320
d 2 1321
d 2 1322
d 2 1323
d 2 1324
d 2 1325
d 2 1326
d 2 1327
d 2 1328
d 2 1329
d 2 1330
d 2 1331
d 2 1332
d 2 1333
d 2 1334
d 2 1335
d 2 1336
d 2 1337
d 2 1338
d 2 1339
d 2 1340
d 2 1341
d 2 1342
d 2 1343
d 2 1344
d 2 1345
d 2 1346
d 2 1347
d 2 1348
d 2 1349
d 2 1350
d 2 1351
d 2 1352
d 2 1353
d 2 1354
d 2 1355
d 2 1356
d 2 1357
d 2 1358
d 2 1359
d 2 1360
d 2 1361
d 2 1362
d 2 1363
d 2 1364
d 2 1365
d 2 1366
d 2 1367
d 2 1368
d 2 1369
d 2 1370
d 2 1371
d 2 1372
d 2 1373
d 2 1374
d 2 1375
d 2 1376
d 2 1377
d 2 1378
d 2 1379
d 2 1380
d 2 1381
d 2 1382
d 2 1383
d 2 1384
d 2 1385
d 2 1386
d 2 1387
d 2 1388
d 2 1389
d 2 1390
d 2 1391
d 2 1392
d 2 1393
d 2 1394
d 2 1395
d 2 1396
d 2 1397
d 2 1398
d 2 1399
d 2 1400
d 2 1401
d 2 1402
d 2 1403
d 2 1404
d 2 1405
d 2 1406
d 2 1407
d 2 1408
d 2 1409
d 2 1410
d 2 1411
d 2 1412
d 2 1413
d 2 1414
d 2 1415
d 2 1416
d 2 1417
d 2 1418
d 2 1419
d 2 1420
d 2 1421
d 2 1422
d 2 1423
d 2 1424
d 2 1425
d 2 1426
d 2 1427
d 2 1428
d 2 1429
d 2 1430
d 2 1431
d 2 1432
d 2 1433
d 2 1434
d 2 1435
d 2 1436
d 2 1437
d 2 1438
d 2 1439
d 2 1440
d 2 1441
d 2 1442
d 2 1443
d 2 1444
d 2 1445
d 2 1446
d 2 1447
d 2 1448
d 2 1449
d 2 1450
d 2 1451
d 2 1452
d 2 1453
d 2 1454
d 2 1455
d 2 1456
d 2 1457
d 2 1458
d 2 1459
d 2 1460
d 2 1461
d 2 1462
d 2 1463
d 2 1464
d 2 1465
d 2 1466
d 2 1467
d 2 1468
d 2 1469
d 2 1470
d 2 1471
d 2 1472
d 2 1473
d 2 1474
d 2 1475
d 2 1476
d 2 1477
d 2 1478
d 2 1479
d 2 1480
d 2 1481
d 2 1482
d 2 1483
d 2 1484
d 2 1485
d 2 1486
d 2 1487
d 2 1488
d 2 1489
d 2 1490
d 2 1491
d 2 1492
d 2 1493
d 2 1494
d 2 1495
d 2 1496
d 2 1497
d 2 1498
d 2 1499
d 2 1500
d 2 1501
d 2 1502
d 2 1503
d 2 1504
d 2 1505
d 2 1506
d 2 1507
d 2 1508
d 2 1509
d 2 1510
d 2 1511
d 2 1512
d 2 1513
d 2 1514
d 2 1515
d 2 1516
d 2 1517
d 2 1518
d 2 1519
d 2 1520
d 2 1521
d 2 1522
d 2 1523
d 2 1524
d 2 1525
d 2 1526
d 2 1527
d 2 1528
d 2 1529
d 2 1530
d 2 1531
d 2 1532
d 2 1533
d 2 1534
d 2 1535
d 2 1536
d 2 1537
d 2 1538
d 2 1539
d 2 1540
d 2 1541
d 2 1542
d 2 1543
d 2 1544
d 2 1545
d 2 1546
d 2 1547
d 2 1548
d 2 1549
d 2 1550
d 2 1551
d 2 1552
d 2 1553
d 2 1554
d 2 1555
d 2 1556
d 2 1557
d 2 1558
d 2 1559
d 2 1560
d 2 1561
d 2 1562
d 2 1563
d 2 1564
d 2 1565
d 2 1566
d 2 1567
d 2 1568
d 2 1569
d 2 1570
d 2 1571
d 2 1572
d 2 1573
d 2 1574
d 2 1575
d 2 1576
d 2 1577
d 2 1578
d 2 1579
d 2 1580
d 2 1581
d 2 1582
d 2 1583
d 2 1584
d 2 1585
d 2 1586
d 2 1587
d 2 1588
d 2 1589
d 2 1590
d 2 1591
d 2 1592
d 2 1593
d 2 1594
d 2 1595
d 2 1596
d 2 1597
d 2 1598
d 2 1599
d 2 1600
d 2 1601
d 2 1602
d 2 1603
d 2 1604
d 2 1605
d 2 1606
d 2 1607
d 2 1608
d 2 1609
d 2 1610
d 2 1611
d 2 1612
d 2 1613
d 2 1614
d 2 1615
d 2 1616
d 2 1617
d 2 1618
d 2 1619
d 2 1620
d 2 1621
d 2 1622
d 2 1623
d 2 1624
d 2 1625
d 2 1626
d 2 1627
d 2 1628
d 2 1629
d 2 1630
d 2 1631
d 2 1632
d 2 1633
d 2 1634
d 2 1635
d 2 1636
d 2 1637
d 2 1638
d 2 1639
d 2 1640
d 2 1641
d 2 1642
d 2 1643
d 2 1644
d 2 1645
d 2 1646
d 2 1647
d 2 1648
d 2 1649
d 2 1650
d 2 1651
d 2 1652
d 2 1653
d 2 1654
d 2 1655
d 2 1656
d 2 1657
d 2 1658
d 2 1659
d 2 1660
d 2 1661
d 2 1662
d 2 1663
d 2 1664
d 2 1665
d 2 1666
d 2 1667
d 2 1668
d 2 1669
d 2 1670
d 2 1671
d 2 1672
d 2 1673
d 2 1674
d 2 1675
d 2 1676
d 2 1677
d 2 1678
d 2 1679
d 2 1680
d 2 1681
d 2 1682
d 2 1683
d 2 1684
d 2 1685
d 2 1686
d 2 1687
d 2 1688
d 2 1689
d 2 1690
d 2 1691
d 2 1692
d 2 1693
d 2 1694
d 2 1695
d 2 1696
d 2 1697
d 2 1698
d 2 1699
d 2 1700
d 2 1701
d 2 1702
d 2 1703
d 2 1704
d 2 1705
d 2 1706
d 2 1707
d 2 1708
d 2 1709
d 2 1710
d 2 1711
d 2 1712
d 2 1713
d 2 1714
d 2 1715
d 2 1716
d 2 1717
d 2 1718
d 2 1719
d 2 1720
d 2 1721
d 2 1722
d 2 1723
d 2 1724
d 2 1725
d 2 1726
d 2 1727
d 2 1728
d 2 1729
d 2 1730
d 2 1731
d 2 1732
d 2 1733
d 2 1734
d 2 1735
d 2 1736
d 2 1737
d 2 1738
d 2 1739
d 2 1740
d 2 1741
d 2 1742
d 2 1743
d 2 1744
d 2 1745
d 2 1746
d 2 1747
d 2 1748
d 2 1749
d 2 1750
d 2 1751
d 2 1752
d 2 1753
d 2 1754
d 2 1755
d 2 1756
d 2 1757
d 2 1758
d 2 1759
d 2 1760
d 2 1761
d 2 1762
d 2 1763
d 2 1764
d 2 1765
d 2 1766
d 2 1767
d 2 1768
d 2 1769
d 2 1770
d 2 1771
d 2 1772
d 2 1773
d 2 1774
d 2 1775
d 2 1776
d 2 1777
d 2 1778
d 2 1779
d 2 1780
d 2 1781
d 2 1782
d 2 1783
d 2 1784
d 2 1785
d 2 1786
d 2 1787
d 2 1788
d 2 1789
d 2 1790
d 2 1791
d 2 1792
d 2 1793
d 2 1794
d 2 1795
d 2 1796
d 2 1797
d 2 1798
d 2 1799
d 2 1800
d 2 1801
d 2 1802
d 2 1803
d 2 1804
d 2 1805
d 2 1806
d 2 1807
d 2 1808
d 2 1809
d 2 1810
d 2 1811
d 2 1812
d 2 1813
d 2 1814
d 2 1815
d 2 1816
d 2 1817
d 2 1818
d 2 1819
d 2 1820
d 2 1821
d 2 1822
d 2 1823
d 2 1824
d 2 1825
d 2 1826
d 2 1827
d 2 1828
d 2 1829
d 2 1830
d 2 1831
d 2 1832
d 2 1833
d 2 1834
d 2 1835
d 2 1836
d 2 1837
d 2 1838
d 2 1839
d 2 1840
d 2 1841
d 2 1842
d 2 1843
d 2 1844
d 2 1845
d 2 1846
d 2 1847
d 2 1848
d 2 1849
d 2 1850
d 2 1851
d 2 1852
d 2 1853
d 2 1854
d 2 1855
d 2 1856
d 2 1857
d 2 1858
d 2 1859
d 2 1860
d 2 1861
d 2 1862
d 2 1863
d 2 1864
d 2 1865
d 2 1866
d 2 1867
d 2 1868
d 2 1869
d 2 1870
d 2 1871
d 2 1872
d 2 1873
d 2 1874
d 2 1875
d 2 1876
d 2 1877
d 2 1878
d 2 1879
d 2 1880
d 2 1881
d 2 1882
d 2 1883
d 2 1884
d 2 1885
d 2 1886
d 2 1887
d 2 1888
d 2 1889
d 2 1890
d 2 1891
d 2 1892
d 2 1893
d 2 1894
d 2 1895
d 2 1896
d 2 1897
d 2 1898
d 2 1899
d 2 1900
d 2 1901
d 2 1902
d 2 1903
d 2 1904
d 2 1905
d 2 1906
d 2 1907
d 2 1908
d 2 1909
d 2 1910
d 2 1911
d 2 1912
d 2 1913
d 2 1914
d 2 1915
d 2 1916
d 2 1917
d 2 1918
d 2 1919
d 2 1920
d 2 1921
d 2 1922
d 2 1923
d 2 1924
d 2 1925
d 2 1926
d 2 1927
d 2 1928
d 2 1929
d 2 1930
d 2 1931
d 2 1932
d 2 1933
d 2 1934
d 2 1935
d 2 1936
d 2 1937
d 2 1938
d 2 1939
d 2 1940
d 2 1941
d 2 1942
d 2 1943
d 2 1944
d 2 1945
d 2 1946
d 2 1947
d 2 1948
d 2 1949
d 2 1950
d 2 1951
d 2 1952
d 2 1953
d 2 1954
d 2 1955
d 2 1956
d 2 1957
d 2 1958
d 2 1959
d 2 1960
d 2 1961
d 2 1962
d 2 1963
d 2 1964
d 2 1965
d 2 1966
d 2 1967
d 2 1968
d 2 1969
d 2 1970
d 2 1971
d 2 1972
d 2 1973
d 2 1974
d 2 1975
d 2 1976
d 2 1977
d 2 1978
d 2 1979
d 2 1980
d 2 1981
d 2 1982
d 2 1983
d 2 1984
d 2 1985
d 2 1986
d 2 1987
d 2 1988
d 2 1989
d 2 1990
d 2 1991
d 2 1992
d 2 1993
d 2 1994
d 2 1995
d 2 1996
d 2 1997
d 2 1998
d 2 1999
d 2 2000
d 2 2001
d 2 2002
d 2 2003
d 2 2004
d 2 2005
d 2 2006
d 2 2007
d 2 2008
d 2 2009
d 2 2010
d 2 2011
d 2 2012
d 2 2013
d 2 2014
d 2 2015
d 2 2016
d 2 2017
d 2 2018
d 2 2019
d 2 2020
d 2 2021
d 2 2022
d 2 2023
d 2 2024
d 2 2025
d 2 2026
d 2 2027
d 2 2028
d 2 2029
d 2 2030
d 2 2031
d 2 2032
d 2 2033
d 2 2034
d 2 2035
d 2 2036
d 2 2037
d 2 2038
d 2 2039
d 2 2040
d 2 2041
d 2 2042
d 2 2043
d 2 2044
d 2 2045
d 2 2046
d 2 2047
d 2 2048
d 2 2049
d 2 2050
d 2 2051
d 2 2052
d 2 2053
d 2 2054
d 2 2055
d 2 2056
d 2 2057
d 2 2058
d 2 2059
d 2 2060
d 2 2061
d 2 2062
d 2 2063
d 2 2064
d 2 2065
d 2 2066
d 2 2067
d 2 2068
d 2 2069
d 2 2070
d 2 2071
d 2 2072
d 2 2073
d 2 2074
d 2 2075
d 2 2076
d 2 2077
d 2 2078
d 2 2079
d 2 2080
d 2 2081
d 2 2082
d 2 2083
d 2 2084
d 2 2085
d 2 2086
d 2 2087
d 2 2088
d 2 2089
d 2 2090
d 2 2091
d 2 2092
d 2 2093
d 2 2094
d 2 2095
d 2 2096
d 2 2097
d 2 2098
d 2 2099
d 2 2100
d 2 2101
d 2 2102
d 2 2103
d 2 2104
d 2 2105
d 2 2106
d 2 2107
d 2 2108
d 2 2109
d 2 2110
d 2 2111
d 2 2112
d 2 2113
d 2 2114
d 2 2115
d 2 2116
d 2 2117
d 2 2118
d 2 2119
d 2 2120
d 2 2121
d 2 2122
d 2 2123
d 2 2124
d 2 2125
d 2 2126
d 2 2127
d 2 2128
d 2 2129
d 2 2130
d 2 2131
d 2 2132
d 2 2133
d 2 2134
d 2 2135
d 2 2136
d 2 2137
d 2 2138
d 2 2139
d 2 2140
d 2 2141
d 2 2142
d 2 2143
d 2 2144
d 2 2145
d 2 2146
d 2 2147
d 2 2148
d 2 2149
d 2 2150
d 2 2151
d 2 2152
d 2 2153
d 2 2154
d 2 2155
d 2 2156
d 2 2157
d 2 2158
d 2 2159
d 2 2160
d 2 2161
d 2 2162
d 2 2163
d 2 2164
d 2 2165
d 2 2166
d 2 2167
d 2 2168
d 2 2169
d 2 2170
d 2 2171
d 2 2172
d 2 2173
d 2 2174
d 2 2175
d 2 2176
d 2 2177
d 2 2178
d 2 2179
d 2 2180
d 2 2181
d 2 2182
d 2 2183
d 2 2184
d 2 2185
d 2 2186
d 2 2187
d 2 2188
d 2 2189
d 2 2190
d 2 2191
d 2 2192
d 2 2193
d 2 2194
d 2 2195
d 2 2196
d 2 2197
d 2 2198
d 2 2199
d 2 2200
d 2 2201
d 2 2202
d 2 2203
d 2 2204
d 2 2205
d 2 2206
d 2 2207
d 2 2208
d 2 2209
d 2 2210
d 2 2211
d 2 2212
d 2 2213
d 2 2214
d 2 2215
d 2 2216
d 2 2217
d 2 2218
d 2 2219
d 2 2220
d 2 2221
d 2 2222
d 2 2223
d 2 2224
d 2 2225
d 2 2226
d 2 2227
d 2 2228
d 2 2229
d 2 2230
d 2 2231
d 2 2232
d 2 2233
d 2 2234
d 2 2235
d 2 2236
d 2 2237
d 2 2238
d 2 2239
d 2 2240
d 2 2241
d 2 2242
d 2 2243
d 2 2244
d 2 2245
d 2 2246
d 2 2247
d 2 2248
d 2 2249
d 2 2250
d 2 2251
d 2 2252
d 2 2253
d 2 2254
d 2 2255
d 2 2256
d 2 2257
d 2 2258
d 2 2259
d 2 2260
d 2 2261
d 2 2262
d 2 2263
d 2 2264
d 2 2265
d 2 2266
d 2 2267
d 2 2268
d 2 2269
d 2 2270
d 2 2271
d 2 2272
d 2 2273
d 2 2274
d 2 2275
d 2 2276
d 2 2277
d 2 2278
d 2 2279
d 2 2280
d 2 2281
d 2 2282
d 2 2283
d 2 2284
d 2 2285
d 2 2286
d 2 2287
d 2 2288
d 2 2289
d 2 2290
d 2 2291
d 2 2292
d 2 2293
d 2 2294
d 2 2295
d 2 2296
d 2 2297
d 2 2298
d 2 2299
d 2 2300
d 2 2301
d 2 2302
d 2 2303
d 2 2304
d 2 2305
d 2 2306
d 2 2307
d 2 2308
d 2 2309
d 2 2310
d 2 2311
d 2 2312
d 2 2313
d 2 2314
d 2 2315
d 2 2316
d 2 2317
d 2 2318
d 2 2319
d 2 2320
d 2 2321
d 2 2322
d 2 2323
d 2 2324
d 2 2325
d 2 2326
d 2 2327
d 2 2328
d 2 2329
d 2 2330
d 2 2331
d 2 2332
d 2 2333
d 2 2334
d 2 2335
d 2 2336
d 2 2337
d 2 2338
d 2 2339
d 2 2340
d 2 2341
d 2 2342
d 2 2343
d 2 2344
d 2 2345
d 2 2346
d 2 2347
d 2 2348
d 2 2349
d 2 2350
d 2 2351
d 2 2352
d 2 2353
d 2 2354
d 2 2355
d 2 2356
d 2 2357
d 2 2358
d 2 2359
d 2 2360
d 2 2361
d 2 2362
d 2 2363
d 2 2364
d 2 2365
d 2 2366
d 2 2367
d 2 2368
d 2 2369
d 2 2370
d 2 2371
d 2 2372
d 2 2373
d 2 2374
d 2 2375
d 2 2376
d 2 2377
d 2 2378
d 2 2379
d 2 2380
d 2 2381
d 2 2382
d 2 2383
d 2 2384
d 2 2385
d 2 2386
d 2 2387
d 2 2388
d 2 2389
d 2 2390
d 2 2391
d 2 2392
d 2 2393
d 2 2394
d 2 2395
d 2 2396
d 2 2397
d 2 2398
d 2 2399
d 2 2400
d 2 2401
d 2 2402
d 2 2403
d 2 2404
d 2 2405
d 2 2406
d 2 2407
d 2 2408
d 2 2409
d 2 2410
d 2 2411
d 2 2412
d 2 2413
d 2 2414
d 2 2415
d 2 2416
d 2 2417
d 2 2418
d 2 2419
d 2 2420
d 2 2421
d 2 2422
d 2 2423
d 2 2424
d 2 2425
d 2 2426
d 2 2427
d 2 2428
d 2 2429
d 2 2430
d 2 2431
d 2 2432
d 2 2433
d 2 2434
d 2 2435
d 2 2436
d 2 2437
d 2 2438
d 2 2439
d 2 2440
d 2 2441
d 2 2442
d 2 2443
d 2 2444
d 2 2445
d 2 2446
d 2 2447
d 2 2448
d 2 2449
d 2 2450
d 2 2451
d 2 2452
d 2 2453
d 2 2454
d 2 2455
d 2 2456
d 2 2457
d 2 2458
d 2 2459
d 2 2460
d 2 2461
d 2 2462
d 2 2463
d 2 2464
d 2 2465
d 2 2466
d 2 2467
d 2 2468
d 2 2469
d 2 2470
d 2 2471
d 2 2472
d 2 2473
d 2 2474
d 2 2475
d 2 2476
d 2 2477
d 2 2478
d 2 2479
d 2 2480
d 2 2481
d 2 2482
d 2 2483
d 2 2484
d 2 2485
d 2 2486
d 2 2487
d 2 2488
d 2 2489
d 2 2490
d 2 2491
d 2 2492
d 2 2493
d 2 2494
d 2 2495
d 2 2496
d 2 2497
d 2 2498
d 2 2499
d 2 2500
d 2 2501
d 2 2502
d 2 2503
d 2 2504
d 2 2505
d 2 2506
d 2 2507
d 2 2508
d 2 2509
d 2 2510
d 2 2511
d 2 2512
d 2 2513
d 2 2514
d 2 2515
d 2 2516
d 2 2517
d 2 2518
d 2 2519
d 2 2520
d 2 2521
d 2 2522
d 2 2523
d 2 2524
d 2 2525
d 2 2526
d 2 2527
d 2 2528
d 2 2529
d 2 2530
d 2 2531
d 2 2532
d 2 2533
d 2 2534
d 2 2535
d 2 2536
d 2 2537
d 2 2538
d 2 2539
d 2 2540
d 2 2541
d 2 2542
d 2 2543
d 2 2544
d 2 2545
d 2 2546
d 2 2547
d 2 2548
d 2 2549
d 2 2550
d 2 2551
d 2 2552
d 2 2553
d 2 2554
d 2 2555
d 2 2556
d 2 2557
d 2 2558
d 2 2559
d 2 2560
d 2 2561
d 2 2562
d 2 2563
d 2 2564
d 2 2565
d 2 2566
d 2 2567
d 2 2568
d 2 2569
d 2 2570
d 2 2571
d 2 2572
d 2 2573
d 2 2574
d 2 2575
d 2 2576
d 2 2577
d 2 2578
d 2 2579
d 2 2580
d 2 2581
d 2 2582
d 2 2583
d 2 2584
d 2 2585
d 2 2586
d 2 2587
d 2 2588
d 2 2589
d 2 2590
d 2 2591
d 2 2592
d 3 345
d 3 346
d 3 347
d 3 348
d 3 349
d 3 350
d 3 351
d 3 352
d 3 353
d 3 354
d 3 355
d 3 356
d 3 357
d 3 358
d 3 359
d 3 360
d 3 361
d 3 362
d 3 363
d 3 364
d 3 365
d 3 366
d 3 367
d 3 368
d 3 369
d 3 370
d 3 371
d 3 372
d 3 373
d 3 374
d 3 375
d 3 376
d 3 377
d 3 378
d 3 379
d 3 380
d 3 381
d 3 382
d 3 383
d 3 384
d 3 385
d 3 386
d 3 387
d 3 388
d 3 389
d 3 390
d 3 391
d 3 392
d 3 393
d 3 394
d 3 395
d 3 396
d 3 397
d 3 398
d 3 399
d 3 400
d 3 401
d 3 402
d 3 403
d 3 404
d 3 405
d 3 406
d 3 407
d 3 408
d 3 409
d 3 410
d 3 411
d 3 412
d 3 413
d 3 414
d 3 415
d 3 416
d 3 417
d 3 418
d 3 419
d 3 420
d 3 421
d 3 422
d 3 423
d 3 424
d 3 425
d 3 426
d 3 427
d 3 428
d 3 429
d 3 430
d 3 431
d 3 432
d 3 433
d 3 434
d 3 435
d 3 436
d 3 437
d 3 438
d 3 439
d 3 440
d 3 441
d 3 442
d 3 443
d 3 444
d 3 445
d 3 446
d 3 447
d 3 448
d 3 449
d 3 450
d 3 451
d 3 452
d 3 453
d 3 454
d 3 455
d 3 456
d 3 457
d 3 458
d 3 459
d 3 460
d 3 461
d 3 462
d 3 463
d 3 464
d 3 465
d 3 466
d 3 467
d 3 468
d 3 469
d 3 470
d 3 471
d 3 472
d 3 473
d 3 474
d 3 475
d 3 476
d 3 477
d 3 478
d 3 479
d 3 480
d 3 481
d 3 482
d 3 483
d 3 484
d 3 485
d 3 486
d 3 487
d 3 488
d 3 489
d 3 490
d 3 491
d 3 492
d 3 493
d 3 494
d 3 495
d 3 496
d 3 497
d 3 498
d 3 499
d 3 500
d 3 501
d 3 502
d 3 503
d 3 504
d 3 505
d 3 506
d 3 507
d 3 508
d 3 509
d 3 510
d 3 511
d 3 512
d 3 513
d 3 514
d 3 515
d 3 516
d 3 517
d 3 518
d 3 519
d 3 520
d 3 521
d 3 522
d 3 523
d 3 524
d 3 525
d 3 526
d 3 527
d 3 528
d 3 529
d 3 530
d 3 531
d 3 532
d 3 533
d 3 534
d 3 535
d 3 536
d 3 537
d 3 538
d 3 539
d 3 540
d 3 541
d 3 542
d 3 543
d 3 544
d 3 545
d 3 546
d 3 547
d 3 548
d 3 549
d 3 550
d 3 551
d 3 552
d 3 553
d 3 554
d 3 555
d 3 556
d 3 557
d 3 558
d 3 559
d 3 560
d 3 561
d 3 562
d 3 563
d 3 564
d 3 565
d 3 566
d 3 567
d 3 568
d 3 569
d 3 570
d 3 571
d 3 572
d 3 573
d 3 574
d 3 575
d 3 576
d 3 577
d 3 578
d 3 579
d 3 580
d 3 581
d 3 582
d 3 583
d 3 584
d 3 585
d 3 586
d 3 587
d 3 588
d 3 589
d 3 590
d 3 591
d 3 592
d 3 593
d 3 594
d 3 595
d 3 596
d 3 597
d 3 598
d 3 599
d 3 600
d 3 601
d 3 602
d 3 603
d 3 604
d 3 605
d 3 606
d 3 607
d 3 608
d 3 609
d 3 610
d 3 611
d 3 612
d 3 613
d 3 614
d 3 615
d 3 616
d 3 617
d 3 618
d 3 619
d 3 620
d 3 621
d 3 622
d 3 623
d 3 624
d 3 625
d 3 626
d 3 627
d 3 628
d 3 629
d 3 630
d 3 631
d 3 632
d 3 633
d 3 634
d 3 635
d 3 636
d 3 637
d 3 638
d 3 639
d 3 640
d 3 641
d 3 642
d 3 643
d 3 644
d 3 645
d 3 646
d 3 647
d 3 648
d 3 649
d 3 650
d 3 651
d 3 652
d 3 653
d 3 654
d 3 655
d 3 656
d 3 657
d 3 658
d 3 659
d 3 660
d 3 661
d 3 662
d 3 663
d 3 664
d 3 665
d 3 666
d 3 667
d 3 668
d 3 669
d 3 670
d 3 671
d 3 672
d 3 673
d 3 674
d 3 675
d 3 676
d 3 677
d 3 678
d 3 679
d 3 680
d 3 681
d 3 682
d 3 683
d 3 684
d 3 685
d 3 686
d 3 687
d 3 688
d 3 689
d 3 690
d 3 691
d 3 692
d 3 693
d 3 694
d 3 695
d 3 696
d 3 697
d 3 698
d 3 699
d 3 700
d 3 701
d 3 702
d 3 703
d 3 704
d 3 705
d 3 706
d 3 707
d 3 708
d 3 709
d 3 710
d 3 711
d 3 712
d 3 713
d 3 714
d 3 715
d 3 716
d 3 717
d 3 718
d 3 719
d 3 720
d 3 721
d 3 722
d 3 723
d 3 724
d 3 725
d 3 726
d 3 727
d 3 728
d 3 729
d 3 730
d 3 731
d 3 732
d 3 733
d 3 734
d 3 735
d 3 736
d 3 737
d 3 738
d 3 739
d 3 740
d 3 741
d 3 742
d 3 743
d 3 744
d 3 745
d 3 746
d 3 747
d 3 748
d 3 749
d 3 750
d 3 751
d 3 752
d 3 753
d 3 754
d 3 755
d 3 756
d 3 757
d 3 758
d 3 759
d 3 760
d 3 761
d 3 762
d 3 763
d 3 764
d 3 765
d 3 766
d 3 767
d 3 768
d 3 769
d 3 770
d 3 771
d 3 772
d 3 773
d 3 774
d 3 775
d 3 776
d 3 777
d 3 778
d 3 779
d 3 780
d 3 781
d 3 782
d 3 783
d 3 784
d 3 785
d 3 786
d 3 787
d 3 788
d 3 789
d 3 790
d 3 791
d 3 792
d 3 793
d 3 794
d 3 795
d 3 796
d 3 797
d 3 798
d 3 799
d 3 800
d 3 801
d 3 802
d 3 803
d 3 804
d 3 805
d 3 806
d 3 807
d 3 808
d 3 809
d 3 810
d 3 811
d 3 812
d 3 813
d 3 814
d 3 815
d 3 816
d 3 817
d 3 818
d 3 819
d 3 820
d 3 821
d 3 822
d 3 823
d 3 824
d 3 825
d 3 826
d 3 827
d 3 828
d 3 829
d 3 830
d 3 831
d 3 832
d 3 833
d 3 834
d 3 835
d 3 836
d 3 837
d 3 838
d 3 839
d 3 840
d 3 841
d 3 842
d 3 843
d 3 844
d 3 845
d 3 846
d 3 847
d 3 848
d 3 849
d 3 850
d 3 851
d 3 852
d 3 853
d 3 854
d 3 855
d 3 856
d 3 857
d 3 858
d 3 859
d 3 860
d 3 861
d 3 862
d 3 863
d 3 864
d 3 865
d 3 866
d 3 867
d 3 868
d 3 869
d 3 870
d 3 871
d 3 872
d 3 873
d 3 874
d 3 875
d 3 876
d 3 877
d 3 878
d 3 879
d 3 880
d 3 881
d 3 882
d 3 883
d 3 884
d 3 885
d 3 886
d 3 887
d 3 888
d 3 889
d 3 890
d 3 891
d 3 892
d 3 893
d 3 894
d 3 895
d 3 896
d 3 897
d 3 898
d 3 899
d 3 900
d 3 901
d 3 902
d 3 903
d 3 904
d 3 905
d 3 906
d 3 907
d 3 908
d 3 909
d 3 910
d 3 911
d 3 912
d 3 913
d 3 914
d 3 915
d 3 916
d 3 917
d 3 918
d 3 919
d 3 920
d 3 921
d 3 922
d 3 923
d 3 924
d 3 925
d 3 926
d 3 927
d 3 928
d 3 929
d 3 930
d 3 931
d 3 932
d 3 933
d 3 934
d 3 935
d 3 936
d 3 937
d 3 938
d 3 939
d 3 940
d 3 941
d 3 942
d 3 943
d 3 944
d 3 945
d 3 946
d 3 947
d 3 948
d 3 949
d 3 950
d 3 951
d 3 952
d 3 953
d 3 954
d 3 955
d 3 956
d 3 957
d 3 958
d 3 959
d 3 960
d 3 961
d 3 962
d 3 963
d 3 964
d 3 965
d 3 966
d 3 967
d 3 968
d 3 969
d 3 970
d 3 971
d 3 972
d 3 973
d 3 974
d 3 975
d 3 976
d 3 977
d 3 978
d 3 979
d 3 980
d 3 981
d 3 982
d 3 983
d 3 984
d 3 985
d 3 986
d 3 987
d 3 988
d 3 989
d 3 990
d 3 991
d 3 992
d 3 993
d 3 994
d 3 995
d 3 996
d 3 997
d 3 998
d 3 999
d 3 1000
d 3 1001
d 3 1002
d 3 1003
d 3 1004
d 3 1005
d 3 1006
d 3 1007
d 3 1008
d 3 1009
d 3 1010
d 3 1011
d 3 1012
d 3 1013
d 3 1014
d 3 1015
d 3 1016
d 1 3705
d 1 3706
d 1 3707
d 1 3708
d 1 3709
d 1 3710
d 1 3711
d 1 3712
d 1 3713
d 1 3714
d 1 3715
d 1 3716
d 1 3717
d 1 3718
d 1 3719
d 1 3720
d 1 3721
d 1 3722
d 1 3723
d 1 3724
d 1 3725
d 1 3726
d 1 3727
d 1 3728
d 1 3729
d 1 3730
d 1 3731
d 1 3732
d 1 3733
d 1 3734
d 1 3735
d 1 3736
d 1 3737
d 1 3738
d 1 3739
d 1 3740
d 1 3741
d 1 3742
d 1 3743
d 1 3744
d 1 3745
d 1 3746
d 1 3747
d 1 3748
d 1 3749
d 1 3750
d 1 3751
d 1 3752
d 1 3753
d 1 3754
d 1 3755
d 1 3756
d 1 3757
d 1 3758
d 1 3759
d 1 3760
d 1 3761
d 1 3762
d 1 3763
d 1 3764
d 1 3765
d 1 3766
d 1 3767
d 1 3768
d 1 3769
d 1 3770
d 1 3771
d 1 3772
d 1 3773
d 1 3774
d 1 3775
d 1 3776
d 1 3777
d 1 3778
d 1 3779
d 1 3780
d 1 3781
d 1 3782
d 1 3783
d 1 3784
d 1 3785
d 1 3786
d 1 3787
d 1 3788
d 1 3789
d 1 3790
d 1 3791
d 1 3792
d 1 3793
d 1 3794
d 1 3795
d 1 3796
d 1 3797
d 1 3798
d 1 3799
d 1 3800
d 1 3801
d 1 3802
d 1 3803
d 1 3804
d 1 3805
d 1 3806
d 1 3807
d 1 3808
d 1 3809
d 1 3810
d 1 3811
d 1 3812
d 1 3813
d 1 3814
d 1 3815
d 1 3816
d 1 3817
d 1 3818
d 1 3819
d 1 3820
d 1 3821
d 1 3822
d 1 3823
d 1 3824
d 1 3825
d 1 3826
d 1 3827
d 1 3828
d 1 3829
d 1 3830
d 1 3831
d 1 3832
d 1 3833
d 1 3834
d 1 3835
d 1 3836
d 1 3837
d 1 3838
d 1 3839
d 1 3840
d 1 3841
d 1 3842
d 1 3843
d 1 3844
d 1 3845
d 1 3846
d 1 3847
d 1 3848
d 1 3849
d 1 3850
d 1 3851
d 1 3852
d 1 3853
d 1 3854
d 1 3855
d 1 3856
b 4521
b 4522
b 4523
b 4524
b 4525
b 4526
b 4527
b 4528
b 4529
b 4530
b 4531
b 4532
b 4533
b 4534
b 4535
b 4536
b 4537
b 4538
b 4539
b 4540
b 4541
b 4542
b 4543
b 4544
b 4545
b 4546
b 4547
b 4548
b 4549
b 4550
b 4551
b 4552
b 4553
b 4554
b 4555
b 4556
b 4557
b 4558
b 4559
b 4560
b 4561
b 4562
b 4563
b 4564
b 4565
b 4566
b 4567
b 4568
b 4569
b 4570
b 4571
b 4572
b 4573
b 4574
b 4575
b 4576
b 4577
b 4578
b 4579
b 4580
b 4581
b 4582
b 4583
b 4584
b 4585
b 4586
b 4587
b 4588
b 4589
b 4590
b 4591
b 4592
b 4593
b 4594
b 4595
b 4596
b 4597
b 4598
b 4599
b 4600
b 4601
b 4602
b 4603
b 4604
b 4605
b 4606
b 4607
b 4608
b 4609
b 4610
b 4611
b 4612
b 4613
b 4614
b 4615
b 4616
b 4617
b 4618
b 4619
b 4620
b 4621
b 4622
b 4623
b 4624
b 4625
b 4626
b 4627
b 4628
b 4629
b 4630
b 4631
b 4632
b 4633
b 4634
b 4635
b 4636
b 4637
b 4638
b 4639
b 4640
b 4641
b 4642
b 4643
b 4644
b 4645
b 4646
b 4647
b 4648
b 4649
b 4650
b 4651
b 4652
b 4653
b 4654
b 4655
b 4656
b 4657
b 4658
b 4659
b 4660
b 4661
b 4662
b 4663
b 4664
b 4665
b 4666
b 4667
b 4668
b 4669
b 4670
b 4671
b 4672
d 2 2593
d 2 2594
d 2 2595
d 2 2596
d 2 2597
d 2 2598
d 2 2599
d 2 2600
d 2 2601
d 2 2602
d 2 2603
d 2 2604
d 2 2605
d 2 2606
d 2 2607
d 2 2608
d 2 2609
d 2 2610
d 2 2611
d 2 2612
d 2 2613
d 2 2614
d 2 2615
d 2 2616
d 2 2617
d 2 2618
d 2 2619
d 2 2620
d 2 2621
d 2 2622
d 2 2623
d 2 2624
d 2 2625
d 2 2626
d 2 2627
d 2 2628
d 2 2629
d 2 2630
d 2 2631
d 2 2632
d 2 2633
d 2 2634
d 2 2635
d 2 2636
d 2 2637
d 2 2638
d 2 2639
d 2 2640
d 2 2641
d 2 2642
d 2 2643
d 2 2644
d 2 2645
d 2 2646
d 2 2647
d 2 2648
d 2 2649
d 2 2650
d 2 2651
d 2 2652
d 2 2653
d 2 2654
d 2 2655
d 2 2656
d 2 2657
d 2 2658
d 2 2659
d 2 2660
d 2 2661
d 2 2662
d 2 2663
d 2 2664
d 2 2665
d 2 2666
d 2 2667
d 2 2668
d 2 2669
d 2 2670
d 2 2671
d 2 2672
d 2 2673
d 2 2674
d 2 2675
d 2 2676
d 2 2677
d 2 2678
d 2 2679
d 2 2680
d 2 2681
d 2 2682
d 2 2683
d 2 2684
d 2 2685
d 2 2686
d 2 2687
d 2 2688
d 2 2689
d 2 2690
d 2 2691
d 2 2692
d 2 2693
d 2 2694
d 2 2695
d 2 2696
d 2 2697
d 2 2698
d 2 2699
d 2 2700
d 2 2701
d 2 2702
d 2 2703
d 2 2704
d 2 2705
d 2 2706
d 2 2707
d 2 2708
d 2 2709
d 2 2710
d 2 2711
d 2 2712
d 2 2713
d 2 2714
d 2 2715
d 2 2716
d 2 2717
d 2 2718
d 2 2719
d 2 2720
d 2 2721
d 2 2722
d 2 2723
d 2 2724
d 2 2725
d 2 2726
d 2 2727
d 2 2728
d 2 2729
d 2 2730
d 2 2731
d 2 2732
d 2 2733
d 2 2734
d 2 2735
d 2 2736
d 2 2737
d 2 2738
d 2 2739
d 2 2740
d 2 2741
d 2 2742
d 2 2743
d 2 2744
d 2 2745
d 2 2746
d 2 2747
d 2 2748
d 2 2749
d 2 2750
d 2 2751
d 2 2752
d 2 2753
d 2 2754
d 2 2755
d 2 2756
d 2 2757
d 2 2758
d 2 2759
d 2 2760
d 2 2761
d 2 2762
d 2 2763
d 2 2764
d 2 2765
d 2 2766
d 2 2767
d 2 2768
d 2 2769
d 2 2770
d 2 2771
d 2 2772
d 2 2773
d 2 2774
d 2 2775
d 2 2776
d 2 2777
d 2 2778
d 2 2779
d 2 2780
d 2 2781
d 2 2782
d 2 2783
d 2 2784
d 2 2785
d 2 2786
d 2 2787
d 2 2788
d 2 2789
d 2 2790
d 2 2791
d 2 2792
d 2 2793
d 2 2794
d 2 2795
d 2 2796
d 2 2797
d 2 2798
d 2 2799
d 2 2800
d 2 2801
d 2 2802
d 2 2803
d 2 2804
d 2 2805
d 2 2806
d 2 2807
d 2 2808
d 2 2809
d 2 2810
d 2 2811
d 2 2812
d 2 2813
d 2 2814
d 2 2815
d 2 2816
d 2 2817
d 2 2818
d 2 2819
d 2 2820
d 2 2821
d 2 2822
d 2 2823
d 2 2824
d 2 2825
d 2 2826
d 2 2827
d 2 2828
d 2 2829
d 2 2830
d 2 2831
d 2 2832
d 2 2833
d 2 2834
d 2 2835
d 2 2836
d 2 2837
d 2 2838
d 2 2839
d 2 2840
d 2 2841
d 2 2842
d 2 2843
d 2 2844
d 2 2845
d 2 2846
d 2 2847
d 2 2848
d 2 2849
d 2 2850
d 2 2851
d 2 2852
d 2 2853
d 2 2854
d 2 2855
d 2 2856
d 2 2857
d 2 2858
d 2 2859
d 2 2860
d 2 2861
d 2 2862
d 2 2863
d 2 2864
d 2 2865
d 2 2866
d 2 2867
d 2 2868
d 2 2869
d 2 2870
d 2 2871
d 2 2872
d 2 2873
d 2 2874
d 2 2875
d 2 2876
d 2 2877
d 2 2878
d 2 2879
d 2 2880
d 2 2881
d 2 2882
d 2 2883
d 2 2884
d 2 2885
d 2 2886
d 2 2887
d 2 2888
d 2 2889
d 2 2890
d 2 2891
d 2 2892
d 2 2893
d 2 2894
d 2 2895
d 2 2896
d 2 2897
d 2 2898
d 2 2899
d 2 2900
d 2 2901
d 2 2902
d 2 2903
d 2 2904
d 2 2905
d 2 2906
d 2 2907
d 2 2908
d 2 2909
d 2 2910
d 2 2911
d 2 2912
d 2 2913
d 2 2914
d 2 2915
d 2 2916
d 2 2917
d 2 2918
d 2 2919
d 2 2920
d 2 2921
d 2 2922
d 2 2923
d 2 2924
d 2 2925
d 2 2926
d 2 2927
d 2 2928
d 2 2929
d 2 2930
d 2 2931
d 2 2932
d 2 2933
d 2 2934
d 2 2935
d 2 2936
d 2 2937
d 2 2938
d 2 2939
d 2 2940
d 2 2941
d 2 2942
d 2 2943
d 2 2944
d 2 2945
d 2 2946
d 2 2947
d 2 2948
d 2 2949
d 2 2950
d 2 2951
d 2 2952
d 2 2953
d 2 2954
d 2 2955
d 2 2956
d 2 2957
d 2 2958
d 2 2959
d 2 2960
d 2 2961
d 2 2962
d 2 2963
d 2 2964
d 2 2965
d 2 2966
d 2 2967
d 2 2968
d 2 2969
d 2 2970
d 2 2971
d 2 2972
d 2 2973
d 2 2974
d 2 2975
d 2 2976
d 2 2977
d 2 2978
d 2 2979
d 2 2980
d 2 2981
d 2 2982
d 2 2983
d 2 2984
d 2 2985
d 2 2986
d 2 2987
d 2 2988
d 2 2989
d 2 2990
d 2 2991
d 2 2992
d 2 2993
d 2 2994
d 2 2995
d 2 2996
d 2 2997
d 2 2998
d 2 2999
d 2 3000
d 2 3001
d 2 3002
d 2 3003
d 2 3004
d 2 3005
d 2 3006
d 2 3007
d 2 3008
d 2 3009
d 2 3010
d 2 3011
d 2 3012
d 2 3013
d 2 3014
d 2 3015
d 2 3016
d 2 3017
d 2 3018
d 2 3019
d 2 3020
d 2 3021
d 2 3022
d 2 3023
d 2 3024
d 2 3025
d 2 3026
d 2 3027
d 2 3028
d 2 3029
d 2 3030
d 2 3031
d 2 3032
d 2 3033
d 2 3034
d 2 3035
d 2 3036
d 2 3037
d 2 3038
d 2 3039
d 2 3040
d 2 3041
d 2 3042
d 2 3043
d 2 3044
d 2 3045
d 2 3046
d 2 3047
d 2 3048
d 2 3049
d 2 3050
d 2 3051
d 2 3052
d 2 3053
d 2 3054
d 2 3055
d 2 3056
d 2 3057
d 2 3058
d 2 3059
d 2 3060
d 2 3061
d 2 3062
d 2 3063
d 2 3064
d 2 3065
d 2 3066
d 2 3067
d 2 3068
d 2 3069
d 2 3070
d 2 3071
d 2 3072
d 2 3073
d 2 3074
d 2 3075
d 2 3076
d 2 3077
d 2 3078
d 2 3079
d 2 3080
d 2 3081
d 2 3082
d 2 3083
d 2 3084
d 2 3085
d 2 3086
d 2 3087
d 2 3088
d 2 3089
d 2 3090
d 2 3091
d 2 3092
d 2 3093
d 2 3094
d 2 3095
d 2 3096
d 2 3097
d 2 3098
d 2 3099
d 2 3100
d 2 3101
d 2 3102
d 2 3103
d 2 3104
d 2 3105
d 2 3106
d 2 3107
d 2 3108
d 2 3109
d 2 3110
d 2 3111
d 2 3112
d 2 3113
d 2 3114
d 2 3115
d 2 3116
d 2 3117
d 2 3118
d 2 3119
d 2 3120
d 2 3121
d 2 3122
d 2 3123
d 2 3124
d 2 3125
d 2 3126
d 2 3127
d 2 3128
d 2 3129
d 2 3130
d 2 3131
d 2 3132
d 2 3133
d 2 3134
d 2 3135
d 2 3136
d 2 3137
d 2 3138
d 2 3139
d 2 3140
d 2 3141
d 2 3142
d 2 3143
d 2 3144
d 1 3857
d 1 3858
d 1 3859
d 1 3860
d 1 3861
d 1 3862
d 1 3863
d 1 3864
d 1 3865
d 1 3866
d 1 3867
d 1 3868
d 1 3869
d 1 3870
d 1 3871
d 1 3872
d 1 3873
d 1 3874
d 1 3875
d 1 3876
d 1 3877
d 1 3878
d 1 3879
d 1 3880
d 1 3881
d 1 3882
d 1 3883
d 1 3884
d 1 3885
d 1 3886
d 1 3887
d 1 3888
d 1 3889
d 1 3890
d 1 3891
d 1 3892
d 1 3893
d 1 3894
d 1 3895
d 1 3896
d 1 3897
d 1 3898
d 1 3899
d 1 3900
d 1 3901
d 1 3902
d 1 3903
d 1 3904
d 1 3905
d 1 3906
d 1 3907
d 1 3908
d 1 3909
d 1 3910
d 1 3911
d 1 3912
d 1 3913
d 1 3914
d 1 3915
d 1 3916
d 1 3917
d 1 3918
d 1 3919
d 1 3920
d 1 3921
d 1 3922
d 1 3923
d 1 3924
d 1 3925
d 1 3926
d 1 3927
d 1 3928
d 1 3929
d 1 3930
d 1 3931
d 1 3932
d 1 3933
d 1 3934
d 1 3935
d 1 3936
d 1 3937
d 1 3938
d 1 3939
d 1 3940
d 1 3941
d 1 3942
d 1 3943
d 1 3944
d 1 3945
d 1 3946
d 1 3947
d 1 3948
d 1 3949
d 1 3950
d 1 3951
d 1 3952
d 1 3953
d 1 3954
d 1 3955
d 1 3956
d 1 3957
d 1 3958
d 1 3959
d 1 3960
d 1 3961
d 1 3962
d 1 3963
d 1 3964
d 1 3965
d 1 3966
d 1 3967
d 1 3968
d 1 3969
d 1 3970
d 1 3971
d 1 3972
d 1 3973
d 1 3974
d 1 3975
d 1 3976
d 1 3977
d 1 3978
d 1 3979
d 1 3980
d 1 3981
d 1 3982
d 1 3983
d 1 3984
d 1 3985
d 1 3986
d 1 3987
d 1 3988
d 1 3989
d 1 3990
d 1 3991
d 1 3992
d 1 3993
d 1 3994
d 1 3995
d 1 3996
d 1 3997
d 1 3998
d 1 3999
d 1 4000
d 1 4001
d 1 4002
d 1 4003
d 1 4004
d 1 4005
d 1 4006
d 1 4007
d 1 4008
d 1 4009
d 1 4010
d 1 4011
d 1 4012
d 1 4013
d 1 4014
d 1 4015
d 1 4016
d 1 4017
d 1 4018
d 1 4019
d 1 4020
d 1 4021
d 1 4022
d 1 4023
d 1 4024
d 1 4025
d 1 4026
d 1 4027
d 1 4028
d 1 4029
d 1 4030
d 1 4031
d 1 4032
d 1 4033
d 1 4034
d 1 4035
d 1 4036
d 1 4037
d 1 4038
d 1 4039
d 1 4040
d 1 4041
d 1 4042
d 1 4043
d 1 4044
d 1 4045
d 1 4046
d 1 4047
d 1 4048
d 1 4049
d 1 4050
d 1 4051
d 1 4052
d 1 4053
d 1 4054
d 1 4055
d 1 4056
d 1 4057
d 1 4058
d 1 4059
d 1 4060
d 1 4061
d 1 4062
d 1 4063
d 1 4064
d 1 4065
d 1 4066
d 1 4067
d 1 4068
d 1 4069
d 1 4070
d 1 4071
d 1 4072
d 1 4073
d 1 4074
d 1 4075
d 1 4076
d 1 4077
d 1 4078
d 1 4079
d 1 4080
d 1 4081
d 1 4082
d 1 4083
d 1 4084
d 1 4085
d 1 4086
d 1 4087
d 1 4088
d 1 4089
d 1 4090
d 1 4091
d 1 4092
d 1 4093
d 1 4094
d 1 4095
d 1 4096
d 1 4097
d 1 4098
d 1 4099
d 1 4100
d 1 4101
d 1 4102
d 1 4103
d 1 4104
d 1 4105
d 1 4106
d 1 4107
d 1 4108
d 1 4109
d 1 4110
d 1 4111
d 1 4112
b 4673
b 4674
b 4675
b 4676
b 4677
b 4678
b 4679
b 4680
b 4681
b 4682
b 4683
b 4684
b 4685
b 4686
b 4687
b 4688
b 4689
b 4690
b 4691
b 4692
b 4693
b 4694
b 4695
b 4696
b 4697
b 4698
b 4699
b 4700
b 4701
b 4702
b 4703
b 4704
b 4705
b 4706
b 4707
b 4708
b 4709
b 4710
b 4711
b 4712
b 4713
b 4714
b 4715
b 4716
b 4717
b 4718
b 4719
b 4720
b 4721
b 4722
b 4723
b 4724
b 4725
b 4726
b 4727
b 4728
b 4729
b 4730
b 4731
b 4732
b 4733
b 4734
b 4735
b 4736
b 4737
b 4738
b 4739
b 4740
b 4741
b 4742
b 4743
b 4744
b 4745
b 4746
b 4747
b 4748
b 4749
b 4750
b 4751
b 4752
b 4753
b 4754
b 4755
b 4756
b 4757
b 4758
b 4759
b 4760
b 4761
b 4762
b 4763
b 4764
b 4765
b 4766
b 4767
b 4768
b 4769
b 4770
b 4771
b 4772
b 4773
b 4774
b 4775
b 4776
b 4777
b 4778
b 4779
b 4780
b 4781
b 4782
b 4783
b 4784
b 4785
b 4786
b 4787
b 4788
b 4789
b 4790
b 4791
b 4792
b 4793
b 4794
b 4795
b 4796
b 4797
b 4798
b 4799
b 4800
b 4801
b 4802
b 4803
b 4804
b 4805
b 4806
b 4807
b 4808
b 4809
b 4810
b 4811
b 4812
b 4813
b 4814
b 4815
b 4816
b 4817
b 4818
b 4819
b 4820
b 4821
b 4822
b 4823
b 4824
b 4825
b 4826
b 4827
b 4828
b 4829
b 4830
b 4831
b 4832
b 4833
b 4834
b 4835
b 4836
b 4837
b 4838
b 4839
b 4840
b 4841
b 4842
b 4843
b 4844
b 4845
b 4846
b 4847
b 4848
b 4849
b 4850
b 4851
b 4852
b 4853
b 4854
b 4855
b 4856
b 4857
b 4858
b 4859
b 4860
b 4861
b 4862
b 4863
b 4864
b 4865
b 4866
b 4867
b 4868
b 4869
b 4870
b 4871
b 4872
b 4873
b 4874
b 4875
b 4876
b 4877
b 4878
b 4879
b 4880
b 4881
b 4882
b 4883
b 4884
b 4885
b 4886
b 4887
b 4888
b 4889
b 4890
b 4891
b 4892
b 4893
b 4894
b 4895
b 4896
b 4897
b 4898
b 4899
b 4900
b 4901
b 4902
b 4903
b 4904
b 4905
b 4906
b 4907
b 4908
b 4909
b 4910
b 4911
b 4912
b 4913
b 4914
b 4915
b 4916
b 4917
b 4918
b 4919
b 4920
b 4921
b 4922
b 4923
b 4924
b 4925
b 4926
b 4927
b 4928
d 3 1017
d 3 1018
d 3 1019
d 3 1020
d 3 1021
d 3 1022
d 3 1023
d 3 1024
d 2 3145
d 2 3146
d 2 3147
d 2 3148
d 2 3149
d 2 3150
d 2 3151
d 2 3152
d 2 3153
d 2 3154
d 2 3155
d 2 3156
d 2 3157
d 2 3158
d 2 3159
d 2 3160
d 2 3161
d 2 3162
d 2 3163
d 2 3164
d 2 3165
d 2 3166
d 2 3167
d 2 3168
d 2 3169
d 2 3170
d 2 3171
d 2 3172
d 2 3173
d 2 3174
d 2 3175
d 2 3176
d 2 3177
d 2 3178
d 2 3179
d 2 3180
d 2 3181
d 2 3182
d 2 3183
d 2 3184
d 2 3185
d 2 3186
d 2 3187
d 2 3188
d 2 3189
d 2 3190
d 2 3191
d 2 3192
d 2 3193
d 2 3194
d 2 3195
d 2 3196
d 2 3197
d 2 3198
d 2 3199
d 2 3200
d 2 3201
d 2 3202
d 2 3203
d 2 3204
d 2 3205
d 2 3206
d 2 3207
d 2 3208
d 2 3209
d 2 3210
d 2 3211
d 2 3212
d 2 3213
d 2 3214
d 2 3215
d 2 3216
d 2 3217
d 2 3218
d 2 3219
d 2 3220
d 2 3221
d 2 3222
d 2 3223
d 2 3224
d 2 3225
d 2 3226
d 2 3227
d 2 3228
d 2 3229
d 2 3230
d 2 3231
d 2 3232
d 2 3233
d 2 3234
d 2 3235
d 2 3236
d 2 3237
d 2 3238
d 2 3239
d 2 3240
d 2 3241
d 2 3242
d 2 3243
d 2 3244
d 2 3245
d 2 3246
d 2 3247
d 2 3248
d 2 3249
d 2 3250
d 2 3251
d 2 3252
d 2 3253
d 2 3254
d 2 3255
d 2 3256
d 2 3257
d 2 3258
d 2 3259
d 2 3260
d 2 3261
d 2 3262
d 2 3263
d 2 3264
d 2 3265
d 2 3266
d 2 3267
d 2 3268
d 2 3269
d 2 3270
d 2 3271
d 2 3272
d 2 3273
d 2 3274
d 2 3275
d 2 3276
d 2 3277
d 2 3278
d 2 3279
d 2 3280
d 2 3281
d 2 3282
d 2 3283
d 2 3284
d 2 3285
d 2 3286
d 2 3287
d 2 3288
d 2 3289
d 2 3290
d 2 3291
d 2 3292
d 2 3293
d 2 3294
d 2 3295
d 2 3296
d 2 3297
d 2 3298
d 2 3299
d 2 3300
d 2 3301
d 2 3302
d 2 3303
d 2 3304
d 2 3305
d 2 3306
d 2 3307
d 2 3308
d 2 3309
d 2 3310
d 2 3311
d 2 3312
d 2 3313
d 2 3314
d 2 3315
d 2 3316
d 2 3317
d 2 3318
d 2 3319
d 2 3320
d 2 3321
d 2 3322
d 2 3323
d 2 3324
d 2 3325
d 2 3326
d 2 3327
d 2 3328
d 2 3329
d 2 3330
d 2 3331
d 2 3332
d 2 3333
d 2 3334
d 2 3335
d 2 3336
d 2 3337
d 2 3338
d 2 3339
d 2 3340
d 2 3341
d 2 3342
d 2 3343
d 2 3344
d 2 3345
d 2 3346
d 2 3347
d 2 3348
d 2 3349
d 2 3350
d 2 3351
d 2 3352
d 2 3353
d 2 3354
d 2 3355
d 2 3356
d 2 3357
d 2 3358
d 2 3359
d 2 3360
d 2 3361
d 2 3362
d 2 3363
d 2 3364
d 2 3365
d 2 3366
d 2 3367
d 2 3368
d 2 3369
d 2 3370
d 2 3371
d 2 3372
d 2 3373
d 2 3374
d 2 3375
d 2 3376
d 2 3377
d 2 3378
d 2 3379
d 2 3380
d 2 3381
d 2 3382
d 2 3383
d 2 3384
d 2 3385
d 2 3386
d 2 3387
d 2 3388
d 2 3389
d 2 3390
d 2 3391
d 2 3392
d 2 3393
d 2 3394
d 2 3395
d 2 3396
d 2 3397
d 2 3398
d 2 3399
d 2 3400
d 2 3401
d 2 3402
d 2 3403
d 2 3404
d 2 3405
d 2 3406
d 2 3407
d 2 3408
d 2 3409
d 2 3410
d 2 3411
d 2 3412
d 2 3413
d 2 3414
d 2 3415
d 2 3416
d 2 3417
d 2 3418
d 2 3419
d 2 3420
d 2 3421
d 2 3422
d 2 3423
d 2 3424
d 2 3425
d 2 3426
d 2 3427
d 2 3428
d 2 3429
d 2 3430
d 2 3431
d 2 3432
d 2 3433
d 2 3434
d 2 3435
d 2 3436
d 2 3437
d 2 3438
d 2 3439
d 2 3440
d 2 3441
d 2 3442
d 2 3443
d 2 3444
d 2 3445
d 2 3446
d 2 3447
d 2 3448
d 2 3449
d 2 3450
d 2 3451
d 2 3452
d 2 3453
d 2 3454
d 2 3455
d 2 3456
d 2 3457
d 2 3458
d 2 3459
d 2 3460
d 2 3461
d 2 3462
d 2 3463
d 2 3464
d 2 3465
d 2 3466
d 2 3467
d 2 3468
d 2 3469
d 2 3470
d 2 3471
d 2 3472
d 2 3473
d 2 3474
d 2 3475
d 2 3476
d 2 3477
d 2 3478
d 2 3479
d 2 3480
d 2 3481
d 2 3482
d 2 3483
d 2 3484
d 2 3485
d 2 3486
d 2 3487
d 2 3488
d 2 3489
d 2 3490
d 2 3491
d 2 3492
d 2 3493
d 2 3494
d 2 3495
d 2 3496
d 2 3497
d 2 3498
d 2 3499
d 2 3500
d 2 3501
d 2 3502
d 2 3503
d 2 3504
d 2 3505
d 2 3506
d 2 3507
d 2 3508
d 2 3509
d 2 3510
d 2 3511
d 2 3512
d 1 4113
d 1 4114
d 1 4115
d 1 4116
d 1 4117
d 1 4118
d 1 4119
d 1 4120
b 4929
b 4930
b 4931
b 4932
b 4933
b 4934
b 4935
b 4936
d 1 4121
d 1 4122
d 1 4123
d 1 4124
d 1 4125
d 1 4126
d 1 4127
d 1 4128
d 1 4129
d 1 4130
d 1 4131
d 1 4132
d 1 4133
d 1 4134
d 1 4135
d 1 4136
d 1 4137
d 1 4138
d 1 4139
d 1 4140
d 1 4141
d 1 4142
d 1 4143
d 1 4144
d 1 4145
d 1 4146
d 1 4147
d 1 4148
d 1 4149
d 1 4150
d 1 4151
d 1 4152
d 1 4153
d 1 4154
d 1 4155
d 1 4156
d 1 4157
d 1 4158
d 1 4159
d 1 4160
d 1 4161
d 1 4162
d 1 4163
d 1 4164
d 1 4165
d 1 4166
d 1 4167
d 1 4168
d 1 4169
d 1 4170
d 1 4171
d 1 4172
d 1 4173
d 1 4174
d 1 4175
d 1 4176
d 1 4177
d 1 4178
d 1 4179
d 1 4180
d 1 4181
d 1 4182
d 1 4183
d 1 4184
d 1 4185
d 1 4186
d 1 4187
d 1 4188
d 1 4189
d 1 4190
d 1 4191
d 1 4192
d 1 4193
d 1 4194
d 1 4195
d 1 4196
d 1 4197
d 1 4198
d 1 4199
d 1 4200
d 1 4201
d 1 4202
d 1 4203
d 1 4204
d 1 4205
d 1 4206
d 1 4207
d 1 4208
d 1 4209
d 1 4210
d 1 4211
d 1 4212
d 1 4213
d 1 4214
d 1 4215
d 1 4216
d 1 4217
d 1 4218
d 1 4219
d 1 4220
d 1 4221
d 1 4222
d 1 4223
d 1 4224
d 1 4225
d 1 4226
d 1 4227
d 1 4228
d 1 4229
d 1 4230
d 1 4231
d 1 4232
d 1 4233
d 1 4234
d 1 4235
d 1 4236
d 1 4237
d 1 4238
d 1 4239
d 1 4240
d 1 4241
d 1 4242
d 1 4243
d 1 4244
d 1 4245
d 1 4246
d 1 4247
d 1 4248
d 1 4249
d 1 4250
d 1 4251
d 1 4252
d 1 4253
d 1 4254
d 1 4255
d 1 4256
d 1 4257
d 1 4258
d 1 4259
d 1 4260
d 1 4261
d 1 4262
d 1 4263
d 1 4264
d 1 4265
d 1 4266
d 1 4267
d 1 4268
d 1 4269
d 1 4270
d 1 4271
d 1 4272
d 1 4273
d 1 4274
d 1 4275
d 1 4276
d 1 4277
d 1 4278
d 1 4279
d 1 4280
d 1 4281
d 1 4282
d 1 4283
d 1 4284
d 1 4285
d 1 4286
d 1 4287
d 1 4288
d 1 4289
d 1 4290
d 1 4291
d 1 4292
d 1 4293
d 1 4294
d 1 4295
d 1 4296
d 1 4297
d 1 4298
d 1 4299
d 1 4300
d 1 4301
d 1 4302
d 1 4303
d 1 4304
d 1 4305
d 1 4306
d 1 4307
d 1 4308
d 1 4309
d 1 4310
d 1 4311
d 1 4312
d 1 4313
d 1 4314
d 1 4315
d 1 4316
d 1 4317
d 1 4318
d 1 4319
d 1 4320
d 1 4321
d 1 4322
d 1 4323
d 1 4324
d 1 4325
d 1 4326
d 1 4327
d 1 4328
d 1 4329
d 1 4330
d 1 4331
d 1 4332
d 1 4333
d 1 4334
d 1 4335
d 1 4336
d 1 4337
d 1 4338
d 1 4339
d 1 4340
d 1 4341
d 1 4342
d 1 4343
d 1 4344
d 1 4345
d 1 4346
d 1 4347
d 1 4348
d 1 4349
d 1 4350
d 1 4351
d 1 4352
d 1 4353
d 1 4354
d 1 4355
d 1 4356
d 1 4357
d 1 4358
d 1 4359
d 1 4360
d 1 4361
d 1 4362
d 1 4363
d 1 4364
d 1 4365
d 1 4366
d 1 4367
d 1 4368
d 1 4369
d 1 4370
d 1 4371
d 1 4372
d 1 4373
d 1 4374
d 1 4375
d 1 4376
d 1 4377
d 1 4378
d 1 4379
d 1 4380
d 1 4381
d 1 4382
d 1 4383
d 1 4384
d 1 4385
d 1 4386
d 1 4387
d 1 4388
d 1 4389
d 1 4390
d 1 4391
d 1 4392
d 1 4393
d 1 4394
d 1 4395
d 1 4396
d 1 4397
d 1 4398
d 1 4399
d 1 4400
d 1 4401
d 1 4402
d 1 4403
d 1 4404
d 1 4405
d 1 4406
d 1 4407
d 1 4408
d 1 4409
d 1 4410
d 1 4411
d 1 4412
d 1 4413
d 1 4414
d 1 4415
d 1 4416
d 1 4417
d 1 4418
d 1 4419
d 1 4420
d 1 4421
d 1 4422
d 1 4423
d 1 4424
d 1 4425
d 1 4426
d 1 4427
d 1 4428
d 1 4429
d 1 4430
d 1 4431
d 1 4432
d 1 4433
d 1 4434
d 1 4435
d 1 4436
d 1 4437
d 1 4438
d 1 4439
d 1 4440
d 1 4441
d 1 4442
d 1 4443
d 1 4444
d 1 4445
d 1 4446
d 1 4447
d 1 4448
b 4937
b 4938
b 4939
b 4940
b 4941
b 4942
b 4943
b 4944
b 4945
b 4946
b 4947
b 4948
b 4949
b 4950
b 4951
b 4952
b 4953
b 4954
b 4955
b 4956
b 4957
b 4958
b 4959
b 4960
b 4961
b 4962
b 4963
b 4964
b 4965
b 4966
b 4967
b 4968
b 4969
b 4970
b 4971
b 4972
b 4973
b 4974
b 4975
b 4976
b 4977
b 4978
b 4979
b 4980
b 4981
b 4982
b 4983
b 4984
b 4985
b 4986
b 4987
b 4988
b 4989
b 4990
b 4991
b 4992
b 4993
b 4994
b 4995
b 4996
b 4997
b 4998
b 4999
b 5000
b 5001
b 5002
b 5003
b 5004
b 5005
b 5006
b 5007
b 5008
b 5009
b 5010
b 5011
b 5012
b 5013
b 5014
b 5015
b 5016
b 5017
b 5018
b 5019
b 5020
b 5021
b 5022
b 5023
b 5024
b 5025
b 5026
b 5027
b 5028
b 5029
b 5030
b 5031
b 5032
b 5033
b 5034
b 5035
b 5036
b 5037
b 5038
b 5039
b 5040
b 5041
b 5042
b 5043
b 5044
b 5045
b 5046
b 5047
b 5048
b 5049
b 5050
b 5051
b 5052
b 5053
b 5054
b 5055
b 5056
b 5057
b 5058
b 5059
b 5060
b 5061
b 5062
b 5063
b 5064
b 5065
b 5066
b 5067
b 5068
b 5069
b 5070
b 5071
b 5072
b 5073
b 5074
b 5075
b 5076
b 5077
b 5078
b 5079
b 5080
b 5081
b 5082
b 5083
b 5084
b 5085
b 5086
b 5087
b 5088
b 5089
b 5090
b 5091
b 5092
b 5093
b 5094
b 5095
b 5096
b 5097
b 5098
b 5099
b 5100
b 5101
b 5102
b 5103
b 5104
b 5105
b 5106
b 5107
b 5108
b 5109
b 5110
b 5111
b 5112
b 5113
b 5114
b 5115
b 5116
b 5117
b 5118
b 5119
b 5120
b 5121
b 5122
b 5123
b 5124
b 5125
b 5126
b 5127
b 5128
b 5129
b 5130
b 5131
b 5132
b 5133
b 5134
b 5135
b 5136
b 5137
b 5138
b 5139
b 5140
b 5141
b 5142
b 5143
b 5144
b 5145
b 5146
b 5147
b 5148
b 5149
b 5150
b 5151
b 5152
b 5153
b 5154
b 5155
b 5156
b 5157
b 5158
b 5159
b 5160
b 5161
b 5162
b 5163
b 5164
b 5165
b 5166
b 5167
b 5168
b 5169
b 5170
b 5171
b 5172
b 5173
b 5174
b 5175
b 5176
b 5177
b 5178
b 5179
b 5180
b 5181
b 5182
b 5183
b 5184
b 5185
b 5186
b 5187
b 5188
b 5189
b 5190
b 5191
b 5192
b 5193
b 5194
b 5195
b 5196
b 5197
b 5198
b 5199
b 5200
b 5201
b 5202
b 5203
b 5204
b 5205
b 5206
b 5207
b 5208
b 5209
b 5210
b 5211
b 5212
b 5213
b 5214
b 5215
b 5216
b 5217
b 5218
b 5219
b 5220
b 5221
b 5222
b 5223
b 5224
b 5225
b 5226
b 5227
b 5228
b 5229
b 5230
b 5231
b 5232
b 5233
b 5234
b 5235
b 5236
b 5237
b 5238
b 5239
b 5240
b 5241
b 5242
b 5243
b 5244
b 5245
b 5246
b 5247
b 5248
b 5249
b 5250
b 5251
b 5252
b 5253
b 5254
b 5255
b 5256
b 5257
b 5258
b 5259
b 5260
b 5261
b 5262
b 5263
b 5264
d 1 4449
d 1 4450
d 1 4451
d 1 4452
d 1 4453
d 1 4454
d 1 4455
d 1 4456
d 1 4457
d 1 4458
d 1 4459
d 1 4460
d 1 4461
d 1 4462
d 1 4463
d 1 4464
d 1 4465
d 1 4466
d 1 4467
d 1 4468
d 1 4469
d 1 4470
d 1 4471
d 1 4472
d 1 4473
d 1 4474
d 1 4475
d 1 4476
d 1 4477
d 1 4478
d 1 4479
d 1 4480
d 1 4481
d 1 4482
d 1 4483
d 1 4484
d 1 4485
d 1 4486
d 1 4487
d 1 4488
d 1 4489
d 1 4490
d 1 4491
d 1 4492
d 1 4493
d 1 4494
d 1 4495
d 1 4496
b 5265
b 5266
b 5267
b 5268
b 5269
b 5270
b 5271
b 5272
b 5273
b 5274
b 5275
b 5276
b 5277
b 5278
b 5279
b 5280
b 5281
b 5282
b 5283
b 5284
b 5285
b 5286
b 5287
b 5288
b 5289
b 5290
b 5291
b 5292
b 5293
b 5294
b 5295
b 5296
b 5297
b 5298
b 5299
b 5300
b 5301
b 5302
b 5303
b 5304
b 5305
b 5306
b 5307
b 5308
b 5309
b 5310
b 5311
b 5312
d 1 4497
d 1 4498
d 1 4499
d 1 4500
d 1 4501
d 1 4502
d 1 4503
d 1 4504
d 1 4505
d 1 4506
d 1 4507
d 1 4508
d 1 4509
d 1 4510
d 1 4511
d 1 4512
d 1 4513
d 1 4514
d 1 4515
d 1 4516
d 1 4517
d 1 4518
d 1 4519
d 1 4520
d 1 4521
d 1 4522
d 1 4523
d 1 4524
d 1 4525
d 1 4526
d 1 4527
d 1 4528
d 1 4529
d 1 4530
d 1 4531
d 1 4532
d 1 4533
d 1 4534
d 1 4535
d 1 4536
d 1 4537
d 1 4538
d 1 4539
d 1 4540
d 1 4541
d 1 4542
d 1 4543
d 1 4544
d 1 4545
d 1 4546
d 1 4547
d 1 4548
d 1 4549
d 1 4550
d 1 4551
d 1 4552
d 1 4553
d 1 4554
d 1 4555
d 1 4556
d 1 4557
d 1 4558
d 1 4559
d 1 4560
d 1 4561
d 1 4562
d 1 4563
d 1 4564
d 1 4565
d 1 4566
d 1 4567
d 1 4568
d 1 4569
d 1 4570
d 1 4571
d 1 4572
d 1 4573
d 1 4574
d 1 4575
d 1 4576
d 1 4577
d 1 4578
d 1 4579
d 1 4580
d 1 4581
d 1 4582
d 1 4583
d 1 4584
d 1 4585
d 1 4586
d 1 4587
d 1 4588
d 1 4589
d 1 4590
d 1 4591
d 1 4592
d 1 4593
d 1 4594
d 1 4595
d 1 4596
d 1 4597
d 1 4598
d 1 4599
d 1 4600
b 5313
b 5314
b 5315
b 5316
b 5317
b 5318
b 5319
b 5320
b 5321
b 5322
b 5323
b 5324
b 5325
b 5326
b 5327
b 5328
b 5329
b 5330
b 5331
b 5332
b 5333
b 5334
b 5335
b 5336
b 5337
b 5338
b 5339
b 5340
b 5341
b 5342
b 5343
b 5344
b 5345
b 5346
b 5347
b 5348
b 5349
b 5350
b 5351
b 5352
b 5353
b 5354
b 5355
b 5356
b 5357
b 5358
b 5359
b 5360
b 5361
b 5362
b 5363
b 5364
b 5365
b 5366
b 5367
b 5368
b 5369
b 5370
b 5371
b 5372
b 5373
b 5374
b 5375
b 5376
b 5377
b 5378
b 5379
b 5380
b 5381
b 5382
b 5383
b 5384
b 5385
b 5386
b 5387
b 5388
b 5389
b 5390
b 5391
b 5392
b 5393
b 5394
b 5395
b 5396
b 5397
b 5398
b 5399
b 5400
b 5401
b 5402
b 5403
b 5404
b 5405
b 5406
b 5407
b 5408
b 5409
b 5410
b 5411
b 5412
b 5413
b 5414
b 5415
b 5416
d 1 4601
d 1 4602
d 1 4603
d 1 4604
d 1 4605
d 1 4606
d 1 4607
d 1 4608
d 1 4609
d 1 4610
d 1 4611
d 1 4612
d 1 4613
d 1 4614
d 1 4615
d 1 4616
d 1 4617
d 1 4618
d 1 4619
d 1 4620
d 1 4621
d 1 4622
d 1 4623
d 1 4624
d 1 4625
d 1 4626
d 1 4627
d 1 4628
d 1 4629
d 1 4630
d 1 4631
d 1 4632
d 1 4633
d 1 4634
d 1 4635
d 1 4636
d 1 4637
d 1 4638
d 1 4639
d 1 4640
d 1 4641
d 1 4642
d 1 4643
d 1 4644
d 1 4645
d 1 4646
d 1 4647
d 1 4648
d 1 4649
d 1 4650
d 1 4651
d 1 4652
d 1 4653
d 1 4654
d 1 4655
d 1 4656
d 1 4657
d 1 4658
d 1 4659
d 1 4660
d 1 4661
d 1 4662
d 1 4663
d 1 4664
d 1 4665
d 1 4666
d 1 4667
d 1 4668
d 1 4669
d 1 4670
d 1 4671
d 1 4672
d 1 4673
d 1 4674
d 1 4675
d 1 4676
d 1 4677
d 1 4678
d 1 4679
d 1 4680
d 1 4681
d 1 4682
d 1 4683
d 1 4684
d 1 4685
d 1 4686
d 1 4687
d 1 4688
d 1 4689
d 1 4690
d 1 4691
d 1 4692
d 1 4693
d 1 4694
d 1 4695
d 1 4696
d 1 4697
d 1 4698
d 1 4699
d 1 4700
d 1 4701
d 1 4702
d 1 4703
d 1 4704
d 1 4705
d 1 4706
d 1 4707
d 1 4708
d 1 4709
d 1 4710
d 1 4711
d 1 4712
d 1 4713
d 1 4714
d 1 4715
d 1 4716
d 1 4717
d 1 4718
d 1 4719
d 1 4720
d 1 4721
d 1 4722
d 1 4723
d 1 4724
d 1 4725
d 1 4726
d 1 4727
d 1 4728
d 1 4729
d 1 4730
d 1 4731
d 1 4732
d 1 4733
d 1 4734
d 1 4735
d 1 4736
d 1 4737
d 1 4738
d 1 4739
d 1 4740
d 1 4741
d 1 4742
d 1 4743
d 1 4744
d 1 4745
d 1 4746
d 1 4747
d 1 4748
d 1 4749
d 1 4750
d 1 4751
d 1 4752
d 1 4753
d 1 4754
d 1 4755
d 1 4756
d 1 4757
d 1 4758
d 1 4759
d 1 4760
d 1 4761
d 1 4762
d 1 4763
d 1 4764
d 1 4765
d 1 4766
d 1 4767
d 1 4768
d 1 4769
d 1 4770
d 1 4771
d 1 4772
d 1 4773
d 1 4774
d 1 4775
d 1 4776
d 1 4777
d 1 4778
d 1 4779
d 1 4780
d 1 4781
d 1 4782
d 1 4783
d 1 4784
d 1 4785
d 1 4786
d 1 4787
d 1 4788
d 1 4789
d 1 4790
d 1 4791
d 1 4792
d 1 4793
d 1 4794
d 1 4795
d 1 4796
d 1 4797
d 1 4798
d 1 4799
d 1 4800
d 1 4801
d 1 4802
d 1 4803
d 1 4804
d 1 4805
d 1 4806
d 1 4807
d 1 4808
d 1 4809
d 1 4810
d 1 4811
d 1 4812
d 1 4813
d 1 4814
d 1 4815
d 1 4816
d 1 4817
d 1 4818
d 1 4819
d 1 4820
d 1 4821
d 1 4822
d 1 4823
d 1 4824
d 1 4825
d 1 4826
d 1 4827
d 1 4828
d 1 4829
d 1 4830
d 1 4831
d 1 4832
d 1 4833
d 1 4834
d 1 4835
d 1 4836
d 1 4837
d 1 4838
d 1 4839
d 1 4840
d 1 4841
d 1 4842
d 1 4843
d 1 4844
d 1 4845
d 1 4846
d 1 4847
d 1 4848
d 1 4849
d 1 4850
d 1 4851
d 1 4852
d 1 4853
d 1 4854
d 1 4855
d 1 4856
d 1 4857
d 1 4858
d 1 4859
d 1 4860
d 1 4861
d 1 4862
d 1 4863
d 1 4864
d 1 4865
d 1 4866
d 1 4867
d 1 4868
d 1 4869
d 1 4870
d 1 4871
d 1 4872
d 1 4873
d 1 4874
d 1 4875
d 1 4876
d 1 4877
d 1 4878
d 1 4879
d 1 4880
d 1 4881
d 1 4882
d 1 4883
d 1 4884
d 1 4885
d 1 4886
d 1 4887
d 1 4888
d 1 4889
d 1 4890
d 1 4891
d 1 4892
d 1 4893
d 1 4894
d 1 4895
d 1 4896
d 1 4897
d 1 4898
d 1 4899
d 1 4900
d 1 4901
d 1 4902
d 1 4903
d 1 4904
d 1 4905
d 1 4906
d 1 4907
d 1 4908
d 1 4909
d 1 4910
d 1 4911
d 1 4912
d 1 4913
d 1 4914
d 1 4915
d 1 4916
d 1 4917
d 1 4918
d 1 4919
d 1 4920
d 1 4921
d 1 4922
d 1 4923
d 1 4924
d 1 4925
d 1 4926
d 1 4927
d 1 4928
d 1 4929
d 1 4930
d 1 4931
d 1 4932
d 1 4933
d 1 4934
d 1 4935
d 1 4936
d 1 4937
d 1 4938
d 1 4939
d 1 4940
d 1 4941
d 1 4942
d 1 4943
d 1 4944
d 1 4945
d 1 4946
d 1 4947
d 1 4948
d 1 4949
d 1 4950
d 1 4951
d 1 4952
d 1 4953
d 1 4954
d 1 4955
d 1 4956
d 1 4957
d 1 4958
d 1 4959
d 1 4960
d 1 4961
d 1 4962
d 1 4963
d 1 4964
d 1 4965
d 1 4966
d 1 4967
d 1 4968
d 1 4969
d 1 4970
d 1 4971
d 1 4972
d 1 4973
d 1 4974
d 1 4975
d 1 4976
d 1 4977
d 1 4978
d 1 4979
d 1 4980
d 1 4981
d 1 4982
d 1 4983
d 1 4984
d 1 4985
d 1 4986
d 1 4987
d 1 4988
d 1 4989
d 1 4990
d 1 4991
d 1 4992
d 1 4993
d 1 4994
d 1 4995
d 1 4996
d 1 4997
d 1 4998
d 1 4999
d 1 5000
d 1 5001
d 1 5002
d 1 5003
d 1 5004
d 1 5005
d 1 5006
d 1 5007
d 1 5008
d 1 5009
d 1 5010
d 1 5011
d 1 5012
d 1 5013
d 1 5014
d 1 5015
d 1 5016
d 1 5017
d 1 5018
d 1 5019
d 1 5020
d 1 5021
d 1 5022
d 1 5023
d 1 5024
d 1 5025
d 1 5026
d 1 5027
d 1 5028
d 1 5029
d 1 5030
d 1 5031
d 1 5032
d 1 5033
d 1 5034
d 1 5035
d 1 5036
d 1 5037
d 1 5038
d 1 5039
d 1 5040
d 1 5041
d 1 5042
d 1 5043
d 1 5044
d 1 5045
d 1 5046
d 1 5047
d 1 5048
d 1 5049
d 1 5050
d 1 5051
d 1 5052
d 1 5053
d 1 5054
d 1 5055
d 1 5056
d 1 5057
d 1 5058
d 1 5059
d 1 5060
d 1 5061
d 1 5062
d 1 5063
d 1 5064
d 1 5065
d 1 5066
d 1 5067
d 1 5068
d 1 5069
d 1 5070
d 1 5071
d 1 5072
d 1 5073
d 1 5074
d 1 5075
d 1 5076
d 1 5077
d 1 5078
d 1 5079
d 1 5080
d 1 5081
d 1 5082
d 1 5083
d 1 5084
d 1 5085
d 1 5086
d 1 5087
d 1 5088
d 1 5089
d 1 5090
d 1 5091
d 1 5092
d 1 5093
d 1 5094
d 1 5095
d 1 5096
d 1 5097
d 1 5098
d 1 5099
d 1 5100
d 1 5101
d 1 5102
d 1 5103
d 1 5104
d 1 5105
d 1 5106
d 1 5107
d 1 5108
d 1 5109
d 1 5110
d 1 5111
d 1 5112
d 1 5113
d 1 5114
d 1 5115
d 1 5116
d 1 5117
d 1 5118
d 1 5119
d 1 5120
d 1 5121
d 1 5122
d 1 5123
d 1 5124
d 1 5125
d 1 5126
d 1 5127
d 1 5128
d 1 5129
d 1 5130
d 1 5131
d 1 5132
d 1 5133
d 1 5134
d 1 5135
d 1 5136
d 1 5137
d 1 5138
d 1 5139
d 1 5140
d 1 5141
d 1 5142
d 1 5143
d 1 5144
d 1 5145
d 1 5146
d 1 5147
d 1 5148
d 1 5149
d 1 5150
d 1 5151
d 1 5152
d 1 5153
d 1 5154
d 1 5155
d 1 5156
d 1 5157
d 1 5158
d 1 5159
d 1 5160
d 1 5161
d 1 5162
d 1 5163
d 1 5164
d 1 5165
d 1 5166
d 1 5167
d 1 5168
d 1 5169
d 1 5170
d 1 5171
d 1 5172
d 1 5173
d 1 5174
d 1 5175
d 1 5176
d 1 5177
d 1 5178
d 1 5179
d 1 5180
d 1 5181
d 1 5182
d 1 5183
d 1 5184
d 1 5185
d 1 5186
d 1 5187
d 1 5188
d 1 5189
d 1 5190
d 1 5191
d 1 5192
d 1 5193
d 1 5194
d 1 5195
d 1 5196
d 1 5197
d 1 5198
d 1 5199
d 1 5200
d 1 5201
d 1 5202
d 1 5203
d 1 5204
d 1 5205
d 1 5206
d 1 5207
d 1 5208
d 1 5209
d 1 5210
d 1 5211
d 1 5212
d 1 5213
d 1 5214
d 1 5215
d 1 5216
d 1 5217
d 1 5218
d 1 5219
d 1 5220
d 1 5221
d 1 5222
d 1 5223
d 1 5224
d 1 5225
d 1 5226
d 1 5227
d 1 5228
d 1 5229
d 1 5230
d 1 5231
d 1 5232
d 1 5233
d 1 5234
d 1 5235
d 1 5236
d 1 5237
d 1 5238
d 1 5239
d 1 5240
d 1 5241
d 1 5242
d 1 5243
d 1 5244
d 1 5245
d 1 5246
d 1 5247
d 1 5248
d 1 5249
d 1 5250
d 1 5251
d 1 5252
d 1 5253
d 1 5254
d 1 5255
d 1 5256
d 1 5257
d 1 5258
d 1 5259
d 1 5260
d 1 5261
d 1 5262
d 1 5263
d 1 5264
d 1 5265
d 1 5266
d 1 5267
d 1 5268
d 1 5269
d 1 5270
d 1 5271
d 1 5272
d 1 5273
d 1 5274
d 1 5275
d 1 5276
d 1 5277
d 1 5278
d 1 5279
d 1 5280
d 1 5281
d 1 5282
d 1 5283
d 1 5284
d 1 5285
d 1 5286
d 1 5287
d 1 5288
b 5417
b 5418
b 5419
b 5420
b 5421
b 5422
b 5423
b 5424
b 5425
b 5426
b 5427
b 5428
b 5429
b 5430
b 5431
b 5432
b 5433
b 5434
b 5435
b 5436
b 5437
b 5438
b 5439
b 5440
b 5441
b 5442
b 5443
b 5444
b 5445
b 5446
b 5447
b 5448
b 5449
b 5450
b 5451
b 5452
b 5453
b 5454
b 5455
b 5456
b 5457
b 5458
b 5459
b 5460
b 5461
b 5462
b 5463
b 5464
b 5465
b 5466
b 5467
b 5468
b 5469
b 5470
b 5471
b 5472
b 5473
b 5474
b 5475
b 5476
b 5477
b 5478
b 5479
b 5480
b 5481
b 5482
b 5483
b 5484
b 5485
b 5486
b 5487
b 5488
b 5489
b 5490
b 5491
b 5492
b 5493
b 5494
b 5495
b 5496
b 5497
b 5498
b 5499
b 5500
b 5501
b 5502
b 5503
b 5504
b 5505
b 5506
b 5507
b 5508
b 5509
b 5510
b 5511
b 5512
b 5513
b 5514
b 5515
b 5516
b 5517
b 5518
b 5519
b 5520
b 5521
b 5522
b 5523
b 5524
b 5525
b 5526
b 5527
b 5528
b 5529
b 5530
b 5531
b 5532
b 5533
b 5534
b 5535
b 5536
b 5537
b 5538
b 5539
b 5540
b 5541
b 5542
b 5543
b 5544
b 5545
b 5546
b 5547
b 5548
b 5549
b 5550
b 5551
b 5552
b 5553
b 5554
b 5555
b 5556
b 5557
b 5558
b 5559
b 5560
b 5561
b 5562
b 5563
b 5564
b 5565
b 5566
b 5567
b 5568
b 5569
b 5570
b 5571
b 5572
b 5573
b 5574
b 5575
b 5576
b 5577
b 5578
b 5579
b 5580
b 5581
b 5582
b 5583
b 5584
b 5585
b 5586
b 5587
b 5588
b 5589
b 5590
b 5591
b 5592
b 5593
b 5594
b 5595
b 5596
b 5597
b 5598
b 5599
b 5600
b 5601
b 5602
b 5603
b 5604
b 5605
b 5606
b 5607
b 5608
b 5609
b 5610
b 5611
b 5612
b 5613
b 5614
b 5615
b 5616
b 5617
b 5618
b 5619
b 5620
b 5621
b 5622
b 5623
b 5624
b 5625
b 5626
b 5627
b 5628
b 5629
b 5630
b 5631
b 5632
b 5633
b 5634
b 5635
b 5636
b 5637
b 5638
b 5639
b 5640
b 5641
b 5642
b 5643
b 5644
b 5645
b 5646
b 5647
b 5648
b 5649
b 5650
b 5651
b 5652
b 5653
b 5654
b 5655
b 5656
b 5657
b 5658
b 5659
b 5660
b 5661
b 5662
b 5663
b 5664
b 5665
b 5666
b 5667
b 5668
b 5669
b 5670
b 5671
b 5672
b 5673
b 5674
b 5675
b 5676
b 5677
b 5678
b 5679
b 5680
b 5681
b 5682
b 5683
b 5684
b 5685
b 5686
b 5687
b 5688
b 5689
b 5690
b 5691
b 5692
b 5693
b 5694
b 5695
b 5696
b 5697
b 5698
b 5699
b 5700
b 5701
b 5702
b 5703
b 5704
b 5705
b 5706
b 5707
b 5708
b 5709
b 5710
b 5711
b 5712
b 5713
b 5714
b 5715
b 5716
b 5717
b 5718
b 5719
b 5720
b 5721
b 5722
b 5723
b 5724
b 5725
b 5726
b 5727
b 5728
b 5729
b 5730
b 5731
b 5732
b 5733
b 5734
b 5735
b 5736
b 5737
b 5738
b 5739
b 5740
b 5741
b 5742
b 5743
b 5744
b 5745
b 5746
b 5747
b 5748
b 5749
b 5750
b 5751
b 5752
b 5753
b 5754
b 5755
b 5756
b 5757
b 5758
b 5759
b 5760
b 5761
b 5762
b 5763
b 5764
b 5765
b 5766
b 5767
b 5768
b 5769
b 5770
b 5771
b 5772
b 5773
b 5774
b 5775
b 5776
b 5777
b 5778
b 5779
b 5780
b 5781
b 5782
b 5783
b 5784
b 5785
b 5786
b 5787
b 5788
b 5789
b 5790
b 5791
b 5792
b 5793
b 5794
b 5795
b 5796
b 5797
b 5798
b 5799
b 5800
b 5801
b 5802
b 5803
b 5804
b 5805
b 5806
b 5807
b 5808
b 5809
b 5810
b 5811
b 5812
b 5813
b 5814
b 5815
b 5816
b 5817
b 5818
b 5819
b 5820
b 5821
b 5822
b 5823
b 5824
b 5825
b 5826
b 5827
b 5828
b 5829
b 5830
b 5831
b 5832
b 5833
b 5834
b 5835
b 5836
b 5837
b 5838
b 5839
b 5840
b 5841
b 5842
b 5843
b 5844
b 5845
b 5846
b 5847
b 5848
b 5849
b 5850
b 5851
b 5852
b 5853
b 5854
b 5855
b 5856
b 5857
b 5858
b 5859
b 5860
b 5861
b 5862
b 5863
b 5864
b 5865
b 5866
b 5867
b 5868
b 5869
b 5870
b 5871
b 5872
b 5873
b 5874
b 5875
b 5876
b 5877
b 5878
b 5879
b 5880
b 5881
b 5882
b 5883
b 5884
b 5885
b 5886
b 5887
b 5888
b 5889
b 5890
b 5891
b 5892
b 5893
b 5894
b 5895
b 5896
b 5897
b 5898
b 5899
b 5900
b 5901
b 5902
b 5903
b 5904
b 5905
b 5906
b 5907
b 5908
b 5909
b 5910
b 5911
b 5912
b 5913
b 5914
b 5915
b 5916
b 5917
b 5918
b 5919
b 5920
b 5921
b 5922
b 5923
b 5924
b 5925
b 5926
b 5927
b 5928
b 5929
b 5930
b 5931
b 5932
b 5933
b 5934
b 5935
b 5936
b 5937
b 5938
b 5939
b 5940
b 5941
b 5942
b 5943
b 5944
b 5945
b 5946
b 5947
b 5948
b 5949
b 5950
b 5951
b 5952
b 5953
b 5954
b 5955
b 5956
b 5957
b 5958
b 5959
b 5960
b 5961
b 5962
b 5963
b 5964
b 5965
b 5966
b 5967
b 5968
b 5969
b 5970
b 5971
b 5972
b 5973
b 5974
b 5975
b 5976
b 5977
b 5978
b 5979
b 5980
b 5981
b 5982
b 5983
b 5984
b 5985
b 5986
b 5987
b 5988
b 5989
b 5990
b 5991
b 5992
b 5993
b 5994
b 5995
b 5996
b 5997
b 5998
b 5999
b 6000
b 6001
b 6002
b 6003
b 6004
b 6005
b 6006
b 6007
b 6008
b 6009
b 6010
b 6011
b 6012
b 6013
b 6014
b 6015
b 6016
b 6017
b 6018
b 6019
b 6020
b 6021
b 6022
b 6023
b 6024
b 6025
b 6026
b 6027
b 6028
b 6029
b 6030
b 6031
b 6032
b 6033
b 6034
b 6035
b 6036
b 6037
b 6038
b 6039
b 6040
b 6041
b 6042
b 6043
b 6044
b 6045
b 6046
b 6047
b 6048
b 6049
b 6050
b 6051
b 6052
b 6053
b 6054
b 6055
b 6056
b 6057
b 6058
b 6059
b 6060
b 6061
b 6062
b 6063
b 6064
b 6065
b 6066
b 6067
b 6068
b 6069
b 6070
b 6071
b 6072
b 6073
b 6074
b 6075
b 6076
b 6077
b 6078
b 6079
b 6080
b 6081
b 6082
b 6083
b 6084
b 6085
b 6086
b 6087
b 6088
b 6089
b 6090
b 6091
b 6092
b 6093
b 6094
b 6095
b 6096
b 6097
b 6098
b 6099
b 6100
b 6101
b 6102
b 6103
b 6104
d 1 5289
d 1 5290
d 1 5291
d 1 5292
d 1 5293
d 1 5294
d 1 5295
d 1 5296
d 1 5297
d 1 5298
d 1 5299
d 1 5300
d 1 5301
d 1 5302
d 1 5303
d 1 5304
d 1 5305
d 1 5306
d 1 5307
d 1 5308
d 1 5309
d 1 5310
d 1 5311
d 1 5312
d 1 5313
d 1 5314
d 1 5315
d 1 5316
d 1 5317
d 1 5318
d 1 5319
d 1 5320
d 1 5321
d 1 5322
d 1 5323
d 1 5324
d 1 5325
d 1 5326
d 1 5327
d 1 5328
d 1 5329
d 1 5330
d 1 5331
d 1 5332
d 1 5333
d 1 5334
d 1 5335
d 1 5336
d 1 5337
d 1 5338
d 1 5339
d 1 5340
d 1 5341
d 1 5342
d 1 5343
d 1 5344
d 1 5345
d 1 5346
d 1 5347
d 1 5348
d 1 5349
d 1 5350
d 1 5351
d 1 5352
d 1 5353
d 1 5354
d 1 5355
d 1 5356
d 1 5357
d 1 5358
d 1 5359
d 1 5360
d 1 5361
d 1 5362
d 1 5363
d 1 5364
d 1 5365
d 1 5366
d 1 5367
d 1 5368
d 1 5369
d 1 5370
d 1 5371
d 1 5372
d 1 5373
d 1 5374
d 1 5375
d 1 5376
d 1 5377
d 1 5378
d 1 5379
d 1 5380
d 1 5381
d 1 5382
d 1 5383
d 1 5384
d 1 5385
d 1 5386
d 1 5387
d 1 5388
d 1 5389
d 1 5390
d 1 5391
d 1 5392
d 1 5393
d 1 5394
d 1 5395
d 1 5396
d 1 5397
d 1 5398
d 1 5399
d 1 5400
d 1 5401
d 1 5402
d 1 5403
d 1 5404
d 1 5405
d 1 5406
d 1 5407
d 1 5408
d 1 5409
d 1 5410
d 1 5411
d 1 5412
d 1 5413
d 1 5414
d 1 5415
d 1 5416
d 1 5417
d 1 5418
d 1 5419
d 1 5420
d 1 5421
d 1 5422
d 1 5423
d 1 5424
d 1 5425
d 1 5426
d 1 5427
d 1 5428
d 1 5429
d 1 5430
d 1 5431
d 1 5432
b 6105
b 6106
b 6107
b 6108
b 6109
b 6110
b 6111
b 6112
b 6113
b 6114
b 6115
b 6116
b 6117
b 6118
b 6119
b 6120
b 6121
b 6122
b 6123
b 6124
b 6125
b 6126
b 6127
b 6128
b 6129
b 6130
b 6131
b 6132
b 6133
b 6134
b 6135
b 6136
b 6137
b 6138
b 6139
b 6140
b 6141
b 6142
b 6143
b 6144
b 6145
b 6146
b 6147
b 6148
b 6149
b 6150
b 6151
b 6152
b 6153
b 6154
b 6155
b 6156
b 6157
b 6158
b 6159
b 6160
b 6161
b 6162
b 6163
b 6164
b 6165
b 6166
b 6167
b 6168
b 6169
b 6170
b 6171
b 6172
b 6173
b 6174
b 6175
b 6176
b 6177
b 6178
b 6179
b 6180
b 6181
b 6182
b 6183
b 6184
b 6185
b 6186
b 6187
b 6188
b 6189
b 6190
b 6191
b 6192
b 6193
b 6194
b 6195
b 6196
b 6197
b 6198
b 6199
b 6200
b 6201
b 6202
b 6203
b 6204
b 6205
b 6206
b 6207
b 6208
b 6209
b 6210
b 6211
b 6212
b 6213
b 6214
b 6215
b 6216
b 6217
b 6218
b 6219
b 6220
b 6221
b 6222
b 6223
b 6224
b 6225
b 6226
b 6227
b 6228
b 6229
b 6230
b 6231
b 6232
b 6233
b 6234
b 6235
b 6236
b 6237
b 6238
b 6239
b 6240
b 6241
b 6242
b 6243
b 6244
b 6245
b 6246
b 6247
b 6248
d 1 5433
d 1 5434
d 1 5435
d 1 5436
d 1 5437
d 1 5438
d 1 5439
d 1 5440
b 6249
b 6250
b 6251
b 6252
b 6253
b 6254
b 6255
b 6256
d 1 5441
d 1 5442
d 1 5443
d 1 5444
d 1 5445
d 1 5446
d 1 5447
d 1 5448
b 6257
b 6258
b 6259
b 6260
b 6261
b 6262
b 6263
b 6264
d 1 5449
d 1 5450
d 1 5451
d 1 5452
d 1 5453
d 1 5454
d 1 5455
d 1 5456
d 1 5457
d 1 5458
d 1 5459
d 1 5460
d 1 5461
d 1 5462
d 1 5463
d 1 5464
d 1 5465
d 1 5466
d 1 5467
d 1 5468
d 1 5469
d 1 5470
d 1 5471
d 1 5472
d 1 5473
d 1 5474
d 1 5475
d 1 5476
d 1 5477
d 1 5478
d 1 5479
d 1 5480
d 1 5481
d 1 5482
d 1 5483
d 1 5484
d 1 5485
d 1 5486
d 1 5487
d 1 5488
d 1 5489
d 1 5490
d 1 5491
d 1 5492
d 1 5493
d 1 5494
d 1 5495
d 1 5496
d 1 5497
d 1 5498
d 1 5499
d 1 5500
d 1 5501
d 1 5502
d 1 5503
d 1 5504
d 1 5505
d 1 5506
d 1 5507
d 1 5508
d 1 5509
d 1 5510
d 1 5511
d 1 5512
d 1 5513
d 1 5514
d 1 5515
d 1 5516
d 1 5517
d 1 5518
d 1 5519
d 1 5520
b 6265
b 6266
b 6267
b 6268
b 6269
b 6270
b 6271
b 6272
b 6273
b 6274
b 6275
b 6276
b 6277
b 6278
b 6279
b 6280
b 6281
b 6282
b 6283
b 6284
b 6285
b 6286
b 6287
b 6288
b 6289
b 6290
b 6291
b 6292
b 6293
b 6294
b 6295
b 6296
b 6297
b 6298
b 6299
b 6300
b 6301
b 6302
b 6303
b 6304
b 6305
b 6306
b 6307
b 6308
b 6309
b 6310
b 6311
b 6312
b 6313
b 6314
b 6315
b 6316
b 6317
b 6318
b 6319
b 6320
b 6321
b 6322
b 6323
b 6324
b 6325
b 6326
b 6327
b 6328
b 6329
b 6330
b 6331
b 6332
b 6333
b 6334
b 6335
b 6336
d 1 5521
d 1 5522
d 1 5523
d 1 5524
d 1 5525
d 1 5526
d 1 5527
d 1 5528
d 1 5529
d 1 5530
d 1 5531
d 1 5532
d 1 5533
d 1 5534
d 1 5535
d 1 5536
d 1 5537
d 1 5538
d 1 5539
d 1 5540
d 1 5541
d 1 5542
d 1 5543
d 1 5544
d 1 5545
d 1 5546
d 1 5547
d 1 5548
d 1 5549
d 1 5550
d 1 5551
d 1 5552
d 1 5553
d 1 5554
d 1 5555
d 1 5556
d 1 5557
d 1 5558
d 1 5559
d 1 5560
d 1 5561
d 1 5562
d 1 5563
d 1 5564
d 1 5565
d 1 5566
d 1 5567
d 1 5568
d 1 5569
d 1 5570
d 1 5571
d 1 5572
d 1 5573
d 1 5574
d 1 5575
d 1 5576
d 1 5577
d 1 5578
d 1 5579
d 1 5580
d 1 5581
d 1 5582
d 1 5583
d 1 5584
d 1 5585
d 1 5586
d 1 5587
d 1 5588
d 1 5589
d 1 5590
d 1 5591
d 1 5592
d 1 5593
d 1 5594
d 1 5595
d 1 5596
d 1 5597
d 1 5598
d 1 5599
d 1 5600
d 1 5601
d 1 5602
d 1 5603
d 1 5604
d 1 5605
d 1 5606
d 1 5607
d 1 5608
d 1 5609
d 1 5610
d 1 5611
d 1 5612
d 1 5613
d 1 5614
d 1 5615
d 1 5616
d 1 5617
d 1 5618
d 1 5619
d 1 5620
d 1 5621
d 1 5622
d 1 5623
d 1 5624
d 1 5625
d 1 5626
d 1 5627
d 1 5628
d 1 5629
d 1 5630
d 1 5631
d 1 5632
d 1 5633
d 1 5634
d 1 5635
d 1 5636
d 1 5637
d 1 5638
d 1 5639
d 1 5640
d 1 5641
d 1 5642
d 1 5643
d 1 5644
d 1 5645
d 1 5646
d 1 5647
d 1 5648
d 1 5649
d 1 5650
d 1 5651
d 1 5652
d 1 5653
d 1 5654
d 1 5655
d 1 5656
d 1 5657
d 1 5658
d 1 5659
d 1 5660
d 1 5661
d 1 5662
d 1 5663
d 1 5664
d 1 5665
d 1 5666
d 1 5667
d 1 5668
d 1 5669
d 1 5670
d 1 5671
d 1 5672
d 1 5673
d 1 5674
d 1 5675
d 1 5676
d 1 5677
d 1 5678
d 1 5679
d 1 5680
d 1 5681
d 1 5682
d 1 5683
d 1 5684
d 1 5685
d 1 5686
d 1 5687
d 1 5688
d 1 5689
d 1 5690
d 1 5691
d 1 5692
d 1 5693
d 1 5694
d 1 5695
d 1 5696
d 1 5697
d 1 5698
d 1 5699
d 1 5700
d 1 5701
d 1 5702
d 1 5703
d 1 5704
d 1 5705
d 1 5706
d 1 5707
d 1 5708
d 1 5709
d 1 5710
d 1 5711
d 1 5712
d 1 5713
d 1 5714
d 1 5715
d 1 5716
d 1 5717
d 1 5718
d 1 5719
d 1 5720
d 1 5721
d 1 5722
d 1 5723
d 1 5724
d 1 5725
d 1 5726
d 1 5727
d 1 5728
d 1 5729
d 1 5730
d 1 5731
d 1 5732
d 1 5733
d 1 5734
d 1 5735
d 1 5736
d 1 5737
d 1 5738
d 1 5739
d 1 5740
d 1 5741
d 1 5742
d 1 5743
d 1 5744
d 1 5745
d 1 5746
d 1 5747
d 1 5748
d 1 5749
d 1 5750
d 1 5751
d 1 5752
d 1 5753
d 1 5754
d 1 5755
d 1 5756
d 1 5757
d 1 5758
d 1 5759
d 1 5760
d 1 5761
d 1 5762
d 1 5763
d 1 5764
d 1 5765
d 1 5766
d 1 5767
d 1 5768
d 1 5769
d 1 5770
d 1 5771
d 1 5772
d 1 5773
d 1 5774
d 1 5775
d 1 5776
d 1 5777
d 1 5778
d 1 5779
d 1 5780
d 1 5781
d 1 5782
d 1 5783
d 1 5784
d 1 5785
d 1 5786
d 1 5787
d 1 5788
d 1 5789
d 1 5790
d 1 5791
d 1 5792
d 1 5793
d 1 5794
d 1 5795
d 1 5796
d 1 5797
d 1 5798
d 1 5799
d 1 5800
d 1 5801
d 1 5802
d 1 5803
d 1 5804
d 1 5805
d 1 5806
d 1 5807
d 1 5808
d 1 5809
d 1 5810
d 1 5811
d 1 5812
d 1 5813
d 1 5814
d 1 5815
d 1 5816
d 1 5817
d 1 5818
d 1 5819
d 1 5820
d 1 5821
d 1 5822
d 1 5823
d 1 5824
d 1 5825
d 1 5826
d 1 5827
d 1 5828
d 1 5829
d 1 5830
d 1 5831
d 1 5832
d 1 5833
d 1 5834
d 1 5835
d 1 5836
d 1 5837
d 1 5838
d 1 5839
d 1 5840
d 1 5841
d 1 5842
d 1 5843
d 1 5844
d 1 5845
d 1 5846
d 1 5847
d 1 5848
d 1 5849
d 1 5850
d 1 5851
d 1 5852
d 1 5853
d 1 5854
d 1 5855
d 1 5856
d 1 5857
d 1 5858
d 1 5859
d 1 5860
d 1 5861
d 1 5862
d 1 5863
d 1 5864
d 1 5865
d 1 5866
d 1 5867
d 1 5868
d 1 5869
d 1 5870
d 1 5871
d 1 5872
d 1 5873
d 1 5874
d 1 5875
d 1 5876
d 1 5877
d 1 5878
d 1 5879
d 1 5880
d 1 5881
d 1 5882
d 1 5883
d 1 5884
d 1 5885
d 1 5886
d 1 5887
d 1 5888
d 1 5889
d 1 5890
d 1 5891
d 1 5892
d 1 5893
d 1 5894
d 1 5895
d 1 5896
d 1 5897
d 1 5898
d 1 5899
d 1 5900
d 1 5901
d 1 5902
d 1 5903
d 1 5904
d 1 5905
d 1 5906
d 1 5907
d 1 5908
d 1 5909
d 1 5910
d 1 5911
d 1 5912
d 1 5913
d 1 5914
d 1 5915
d 1 5916
d 1 5917
d 1 5918
d 1 5919
d 1 5920
d 1 5921
d 1 5922
d 1 5923
d 1 5924
d 1 5925
d 1 5926
d 1 5927
d 1 5928
d 1 5929
d 1 5930
d 1 5931
d 1 5932
d 1 5933
d 1 5934
d 1 5935
d 1 5936
d 1 5937
d 1 5938
d 1 5939
d 1 5940
d 1 5941
d 1 5942
d 1 5943
d 1 5944
d 1 5945
d 1 5946
d 1 5947
d 1 5948
d 1 5949
d 1 5950
d 1 5951
d 1 5952
d 1 5953
d 1 5954
d 1 5955
d 1 5956
d 1 5957
d 1 5958
d 1 5959
d 1 5960
d 1 5961
d 1 5962
d 1 5963
d 1 5964
d 1 5965
d 1 5966
d 1 5967
d 1 5968
d 1 5969
d 1 5970
d 1 5971
d 1 5972
d 1 5973
d 1 5974
d 1 5975
d 1 5976
d 1 5977
d 1 5978
d 1 5979
d 1 5980
d 1 5981
d 1 5982
d 1 5983
d 1 5984
d 1 5985
d 1 5986
d 1 5987
d 1 5988
d 1 5989
d 1 5990
d 1 5991
d 1 5992
d 1 5993
d 1 5994
d 1 5995
d 1 5996
d 1 5997
d 1 5998
d 1 5999
d 1 6000
d 1 6001
d 1 6002
d 1 6003
d 1 6004
d 1 6005
d 1 6006
d 1 6007
d 1 6008
d 1 6009
d 1 6010
d 1 6011
d 1 6012
d 1 6013
d 1 6014
d 1 6015
d 1 6016
d 1 6017
d 1 6018
d 1 6019
d 1 6020
d 1 6021
d 1 6022
d 1 6023
d 1 6024
d 1 6025
d 1 6026
d 1 6027
d 1 6028
d 1 6029
d 1 6030
d 1 6031
d 1 6032
d 1 6033
d 1 6034
d 1 6035
d 1 6036
d 1 6037
d 1 6038
d 1 6039
d 1 6040
d 1 6041
d 1 6042
d 1 6043
d 1 6044
d 1 6045
d 1 6046
d 1 6047
d 1 6048
d 1 6049
d 1 6050
d 1 6051
d 1 6052
d 1 6053
d 1 6054
d 1 6055
d 1 6056
d 1 6057
d 1 6058
d 1 6059
d 1 6060
d 1 6061
d 1 6062
d 1 6063
d 1 6064
d 1 6065
d 1 6066
d 1 6067
d 1 6068
d 1 6069
d 1 6070
d 1 6071
d 1 6072
d 1 6073
d 1 6074
d 1 6075
d 1 6076
d 1 6077
d 1 6078
d 1 6079
d 1 6080
d 1 6081
d 1 6082
d 1 6083
d 1 6084
d 1 6085
d 1 6086
d 1 6087
d 1 6088
d 1 6089
d 1 6090
d 1 6091
d 1 6092
d 1 6093
d 1 6094
d 1 6095
d 1 6096
d 1 6097
d 1 6098
d 1 6099
d 1 6100
d 1 6101
d 1 6102
d 1 6103
d 1 6104
d 1 6105
d 1 6106
d 1 6107
d 1 6108
d 1 6109
d 1 6110
d 1 6111
d 1 6112
d 1 6113
d 1 6114
d 1 6115
d 1 6116
d 1 6117
d 1 6118
d 1 6119
d 1 6120
d 1 6121
d 1 6122
d 1 6123
d 1 6124
d 1 6125
d 1 6126
d 1 6127
d 1 6128
d 1 6129
d 1 6130
d 1 6131
d 1 6132
d 1 6133
d 1 6134
d 1 6135
d 1 6136
d 1 6137
d 1 6138
d 1 6139
d 1 6140
d 1 6141
d 1 6142
d 1 6143
d 1 6144
d 1 6145
d 1 6146
d 1 6147
d 1 6148
d 1 6149
d 1 6150
d 1 6151
d 1 6152
d 1 6153
d 1 6154
d 1 6155
d 1 6156
d 1 6157
d 1 6158
d 1 6159
d 1 6160
d 1 6161
d 1 6162
d 1 6163
d 1 6164
d 1 6165
d 1 6166
d 1 6167
d 1 6168
b 6337
b 6338
b 6339
b 6340
b 6341
b 6342
b 6343
b 6344
b 6345
b 6346
b 6347
b 6348
b 6349
b 6350
b 6351
b 6352
b 6353
b 6354
b 6355
b 6356
b 6357
b 6358
b 6359
b 6360
b 6361
b 6362
b 6363
b 6364
b 6365
b 6366
b 6367
b 6368
b 6369
b 6370
b 6371
b 6372
b 6373
b 6374
b 6375
b 6376
b 6377
b 6378
b 6379
b 6380
b 6381
b 6382
b 6383
b 6384
b 6385
b 6386
b 6387
b 6388
b 6389
b 6390
b 6391
b 6392
b 6393
b 6394
b 6395
b 6396
b 6397
b 6398
b 6399
b 6400
b 6401
b 6402
b 6403
b 6404
b 6405
b 6406
b 6407
b 6408
b 6409
b 6410
b 6411
b 6412
b 6413
b 6414
b 6415
b 6416
b 6417
b 6418
b 6419
b 6420
b 6421
b 6422
b 6423
b 6424
b 6425
b 6426
b 6427
b 6428
b 6429
b 6430
b 6431
b 6432
b 6433
b 6434
b 6435
b 6436
b 6437
b 6438
b 6439
b 6440
b 6441
b 6442
b 6443
b 6444
b 6445
b 6446
b 6447
b 6448
b 6449
b 6450
b 6451
b 6452
b 6453
b 6454
b 6455
b 6456
b 6457
b 6458
b 6459
b 6460
b 6461
b 6462
b 6463
b 6464
b 6465
b 6466
b 6467
b 6468
b 6469
b 6470
b 6471
b 6472
b 6473
b 6474
b 6475
b 6476
b 6477
b 6478
b 6479
b 6480
b 6481
b 6482
b 6483
b 6484
b 6485
b 6486
b 6487
b 6488
b 6489
b 6490
b 6491
b 6492
b 6493
b 6494
b 6495
b 6496
b 6497
b 6498
b 6499
b 6500
b 6501
b 6502
b 6503
b 6504
b 6505
b 6506
b 6507
b 6508
b 6509
b 6510
b 6511
b 6512
b 6513
b 6514
b 6515
b 6516
b 6517
b 6518
b 6519
b 6520
b 6521
b 6522
b 6523
b 6524
b 6525
b 6526
b 6527
b 6528
b 6529
b 6530
b 6531
b 6532
b 6533
b 6534
b 6535
b 6536
b 6537
b 6538
b 6539
b 6540
b 6541
b 6542
b 6543
b 6544
b 6545
b 6546
b 6547
b 6548
b 6549
b 6550
b 6551
b 6552
b 6553
b 6554
b 6555
b 6556
b 6557
b 6558
b 6559
b 6560
b 6561
b 6562
b 6563
b 6564
b 6565
b 6566
b 6567
b 6568
b 6569
b 6570
b 6571
b 6572
b 6573
b 6574
b 6575
b 6576
b 6577
b 6578
b 6579
b 6580
b 6581
b 6582
b 6583
b 6584
b 6585
b 6586
b 6587
b 6588
b 6589
b 6590
b 6591
b 6592
b 6593
b 6594
b 6595
b 6596
b 6597
b 6598
b 6599
b 6600
b 6601
b 6602
b 6603
b 6604
b 6605
b 6606
b 6607
b 6608
b 6609
b 6610
b 6611
b 6612
b 6613
b 6614
b 6615
b 6616
b 6617
b 6618
b 6619
b 6620
b 6621
b 6622
b 6623
b 6624
b 6625
b 6626
b 6627
b 6628
b 6629
b 6630
b 6631
b 6632
b 6633
b 6634
b 6635
b 6636
b 6637
b 6638
b 6639
b 6640
b 6641
b 6642
b 6643
b 6644
b 6645
b 6646
b 6647
b 6648
b 6649
b 6650
b 6651
b 6652
b 6653
b 6654
b 6655
b 6656
b 6657
b 6658
b 6659
b 6660
b 6661
b 6662
b 6663
b 6664
b 6665
b 6666
b 6667
b 6668
b 6669
b 6670
b 6671
b 6672
b 6673
b 6674
b 6675
b 6676
b 6677
b 6678
b 6679
b 6680
b 6681
b 6682
b 6683
b 6684
b 6685
b 6686
b 6687
b 6688
b 6689
b 6690
b 6691
b 6692
b 6693
b 6694
b 6695
b 6696
b 6697
b 6698
b 6699
b 6700
b 6701
b 6702
b 6703
b 6704
b 6705
b 6706
b 6707
b 6708
b 6709
b 6710
b 6711
b 6712
b 6713
b 6714
b 6715
b 6716
b 6717
b 6718
b 6719
b 6720
b 6721
b 6722
b 6723
b 6724
b 6725
b 6726
b 6727
b 6728
b 6729
b 6730
b 6731
b 6732
b 6733
b 6734
b 6735
b 6736
b 6737
b 6738
b 6739
b 6740
b 6741
b 6742
b 6743
b 6744
b 6745
b 6746
b 6747
b 6748
b 6749
b 6750
b 6751
b 6752
b 6753
b 6754
b 6755
b 6756
b 6757
b 6758
b 6759
b 6760
b 6761
b 6762
b 6763
b 6764
b 6765
b 6766
b 6767
b 6768
b 6769
b 6770
b 6771
b 6772
b 6773
b 6774
b 6775
b 6776
b 6777
b 6778
b 6779
b 6780
b 6781
b 6782
b 6783
b 6784
b 6785
b 6786
b 6787
b 6788
b 6789
b 6790
b 6791
b 6792
b 6793
b 6794
b 6795
b 6796
b 6797
b 6798
b 6799
b 6800
b 6801
b 6802
b 6803
b 6804
b 6805
b 6806
b 6807
b 6808
b 6809
b 6810
b 6811
b 6812
b 6813
b 6814
b 6815
b 6816
b 6817
b 6818
b 6819
b 6820
b 6821
b 6822
b 6823
b 6824
b 6825
b 6826
b 6827
b 6828
b 6829
b 6830
b 6831
b 6832
b 6833
b 6834
b 6835
b 6836
b 6837
b 6838
b 6839
b 6840
b 6841
b 6842
b 6843
b 6844
b 6845
b 6846
b 6847
b 6848
b 6849
b 6850
b 6851
b 6852
b 6853
b 6854
b 6855
b 6856
b 6857
b 6858
b 6859
b 6860
b 6861
b 6862
b 6863
b 6864
b 6865
b 6866
b 6867
b 6868
b 6869
b 6870
b 6871
b 6872
b 6873
b 6874
b 6875
b 6876
b 6877
b 6878
b 6879
b 6880
b 6881
b 6882
b 6883
b 6884
b 6885
b 6886
b 6887
b 6888
b 6889
b 6890
b 6891
b 6892
b 6893
b 6894
b 6895
b 6896
b 6897
b 6898
b 6899
b 6900
b 6901
b 6902
b 6903
b 6904
b 6905
b 6906
b 6907
b 6908
b 6909
b 6910
b 6911
b 6912
b 6913
b 6914
b 6915
b 6916
b 6917
b 6918
b 6919
b 6920
b 6921
b 6922
b 6923
b 6924
b 6925
b 6926
b 6927
b 6928
b 6929
b 6930
b 6931
b 6932
b 6933
b 6934
b 6935
b 6936
b 6937
b 6938
b 6939
b 6940
b 6941
b 6942
b 6943
b 6944
b 6945
b 6946
b 6947
b 6948
b 6949
b 6950
b 6951
b 6952
b 6953
b 6954
b 6955
b 6956
b 6957
b 6958
b 6959
b 6960
b 6961
b 6962
b 6963
b 6964
b 6965
b 6966
b 6967
b 6968
b 6969
b 6970
b 6971
b 6972
b 6973
b 6974
b 6975
b 6976
b 6977
b 6978
b 6979
b 6980
b 6981
b 6982
b 6983
b 6984
d 1 6169
d 1 6170
d 1 6171
d 1 6172
d 1 6173
d 1 6174
d 1 6175
d 1 6176
d 1 6177
d 1 6178
d 1 6179
d 1 6180
d 1 6181
d 1 6182
d 1 6183
d 1 6184
d 1 6185
d 1 6186
d 1 6187
d 1 6188
d 1 6189
d 1 6190
d 1 6191
d 1 6192
d 1 6193
d 1 6194
d 1 6195
d 1 6196
d 1 6197
d 1 6198
d 1 6199
d 1 6200
d 1 6201
d 1 6202
d 1 6203
d 1 6204
d 1 6205
d 1 6206
d 1 6207
d 1 6208
d 1 6209
d 1 6210
d 1 6211
d 1 6212
d 1 6213
d 1 6214
d 1 6215
d 1 6216
d 1 6217
d 1 6218
d 1 6219
d 1 6220
d 1 6221
d 1 6222
d 1 6223
d 1 6224
d 1 6225
d 1 6226
d 1 6227
d 1 6228
d 1 6229
d 1 6230
d 1 6231
d 1 6232
d 1 6233
d 1 6234
d 1 6235
d 1 6236
d 1 6237
d 1 6238
d 1 6239
d 1 6240
d 1 6241
d 1 6242
d 1 6243
d 1 6244
d 1 6245
d 1 6246
d 1 6247
d 1 6248
d 1 6249
d 1 6250
d 1 6251
d 1 6252
d 1 6253
d 1 6254
d 1 6255
d 1 6256
d 1 6257
d 1 6258
d 1 6259
d 1 6260
d 1 6261
d 1 6262
d 1 6263
d 1 6264
d 1 6265
d 1 6266
d 1 6267
d 1 6268
d 1 6269
d 1 6270
d 1 6271
d 1 6272
d 1 6273
d 1 6274
d 1 6275
d 1 6276
d 1 6277
d 1 6278
d 1 6279
d 1 6280
d 1 6281
d 1 6282
d 1 6283
d 1 6284
d 1 6285
d 1 6286
d 1 6287
d 1 6288
d 1 6289
d 1 6290
d 1 6291
d 1 6292
d 1 6293
d 1 6294
d 1 6295
d 1 6296
d 1 6297
d 1 6298
d 1 6299
d 1 6300
d 1 6301
d 1 6302
d 1 6303
d 1 6304
d 1 6305
d 1 6306
d 1 6307
d 1 6308
d 1 6309
d 1 6310
d 1 6311
d 1 6312
d 1 6313
d 1 6314
d 1 6315
d 1 6316
d 1 6317
d 1 6318
d 1 6319
d 1 6320
d 1 6321
d 1 6322
d 1 6323
d 1 6324
d 1 6325
d 1 6326
d 1 6327
d 1 6328
d 1 6329
d 1 6330
d 1 6331
d 1 6332
d 1 6333
d 1 6334
d 1 6335
d 1 6336
d 1 6337
d 1 6338
d 1 6339
d 1 6340
d 1 6341
d 1 6342
d 1 6343
d 1 6344
b 6985
b 6986
b 6987
b 6988
b 6989
b 6990
b 6991
b 6992
b 6993
b 6994
b 6995
b 6996
b 6997
b 6998
b 6999
b 7000
b 7001
b 7002
b 7003
b 7004
b 7005
b 7006
b 7007
b 7008
b 7009
b 7010
b 7011
b 7012
b 7013
b 7014
b 7015
b 7016
b 7017
b 7018
b 7019
b 7020
b 7021
b 7022
b 7023
b 7024
b 7025
b 7026
b 7027
b 7028
b 7029
b 7030
b 7031
b 7032
b 7033
b 7034
b 7035
b 7036
b 7037
b 7038
b 7039
b 7040
b 7041
b 7042
b 7043
b 7044
b 7045
b 7046
b 7047
b 7048
b 7049
b 7050
b 7051
b 7052
b 7053
b 7054
b 7055
b 7056
b 7057
b 7058
b 7059
b 7060
b 7061
b 7062
b 7063
b 7064
b 7065
b 7066
b 7067
b 7068
b 7069
b 7070
b 7071
b 7072
b 7073
b 7074
b 7075
b 7076
b 7077
b 7078
b 7079
b 7080
b 7081
b 7082
b 7083
b 7084
b 7085
b 7086
b 7087
b 7088
b 7089
b 7090
b 7091
b 7092
b 7093
b 7094
b 7095
b 7096
b 7097
b 7098
b 7099
b 7100
b 7101
b 7102
b 7103
b 7104
b 7105
b 7106
b 7107
b 7108
b 7109
b 7110
b 7111
b 7112
b 7113
b 7114
b 7115
b 7116
b 7117
b 7118
b 7119
b 7120
b 7121
b 7122
b 7123
b 7124
b 7125
b 7126
b 7127
b 7128
b 7129
b 7130
b 7131
b 7132
b 7133
b 7134
b 7135
b 7136
b 7137
b 7138
b 7139
b 7140
b 7141
b 7142
b 7143
b 7144
b 7145
b 7146
b 7147
b 7148
b 7149
b 7150
b 7151
b 7152
b 7153
b 7154
b 7155
b 7156
b 7157
b 7158
b 7159
b 7160
d 1 6345
d 1 6346
d 1 6347
d 1 6348
d 1 6349
d 1 6350
d 1 6351
d 1 6352
d 1 6353
d 1 6354
d 1 6355
d 1 6356
d 1 6357
d 1 6358
d 1 6359
d 1 6360
d 1 6361
d 1 6362
d 1 6363
d 1 6364
d 1 6365
d 1 6366
d 1 6367
d 1 6368
d 1 6369
d 1 6370
d 1 6371
d 1 6372
d 1 6373
d 1 6374
d 1 6375
d 1 6376
d 1 6377
d 1 6378
d 1 6379
d 1 6380
d 1 6381
d 1 6382
d 1 6383
d 1 6384
d 1 6385
d 1 6386
d 1 6387
d 1 6388
d 1 6389
d 1 6390
d 1 6391
d 1 6392
d 1 6393
d 1 6394
d 1 6395
d 1 6396
d 1 6397
d 1 6398
d 1 6399
d 1 6400
d 1 6401
d 1 6402
d 1 6403
d 1 6404
d 1 6405
d 1 6406
d 1 6407
d 1 6408
d 1 6409
d 1 6410
d 1 6411
d 1 6412
d 1 6413
d 1 6414
d 1 6415
d 1 6416
d 1 6417
d 1 6418
d 1 6419
d 1 6420
d 1 6421
d 1 6422
d 1 6423
d 1 6424
b 7161
b 7162
b 7163
b 7164
b 7165
b 7166
b 7167
b 7168
b 7169
b 7170
b 7171
b 7172
b 7173
b 7174
b 7175
b 7176
b 7177
b 7178
b 7179
b 7180
b 7181
b 7182
b 7183
b 7184
b 7185
b 7186
b 7187
b 7188
b 7189
b 7190
b 7191
b 7192
b 7193
b 7194
b 7195
b 7196
b 7197
b 7198
b 7199
b 7200
b 7201
b 7202
b 7203
b 7204
b 7205
b 7206
b 7207
b 7208
b 7209
b 7210
b 7211
b 7212
b 7213
b 7214
b 7215
b 7216
b 7217
b 7218
b 7219
b 7220
b 7221
b 7222
b 7223
b 7224
b 7225
b 7226
b 7227
b 7228
b 7229
b 7230
b 7231
b 7232
b 7233
b 7234
b 7235
b 7236
b 7237
b 7238
b 7239
b 7240
d 1 6425
d 1 6426
d 1 6427
d 1 6428
d 1 6429
d 1 6430
d 1 6431
d 1 6432
d 1 6433
d 1 6434
d 1 6435
d 1 6436
d 1 6437
d 1 6438
d 1 6439
d 1 6440
d 1 6441
d 1 6442
d 1 6443
d 1 6444
d 1 6445
d 1 6446
d 1 6447
d 1 6448
b 7241
b 7242
b 7243
b 7244
b 7245
b 7246
b 7247
b 7248
b 7249
b 7250
b 7251
b 7252
b 7253
b 7254
b 7255
b 7256
b 7257
b 7258
b 7259
b 7260
b 7261
b 7262
b 7263
b 7264
d 1 6449
d 1 6450
d 1 6451
d 1 6452
d 1 6453
d 1 6454
d 1 6455
d 1 6456
d 1 6457
d 1 6458
d 1 6459
d 1 6460
d 1 6461
d 1 6462
d 1 6463
d 1 6464
d 1 6465
d 1 6466
d 1 6467
d 1 6468
d 1 6469
d 1 6470
d 1 6471
d 1 6472
d 1 6473
d 1 6474
d 1 6475
d 1 6476
d 1 6477
d 1 6478
d 1 6479
d 1 6480
d 1 6481
d 1 6482
d 1 6483
d 1 6484
d 1 6485
d 1 6486
d 1 6487
d 1 6488
d 1 6489
d 1 6490
d 1 6491
d 1 6492
d 1 6493
d 1 6494
d 1 6495
d 1 6496
d 1 6497
d 1 6498
d 1 6499
d 1 6500
d 1 6501
d 1 6502
d 1 6503
d 1 6504
d 1 6505
d 1 6506
d 1 6507
d 1 6508
d 1 6509
d 1 6510
d 1 6511
d 1 6512
d 1 6513
d 1 6514
d 1 6515
d 1 6516
d 1 6517
d 1 6518
d 1 6519
d 1 6520
d 1 6521
d 1 6522
d 1 6523
d 1 6524
d 1 6525
d 1 6526
d 1 6527
d 1 6528
d 1 6529
d 1 6530
d 1 6531
d 1 6532
d 1 6533
d 1 6534
d 1 6535
d 1 6536
d 1 6537
d 1 6538
d 1 6539
d 1 6540
d 1 6541
d 1 6542
d 1 6543
d 1 6544
d 1 6545
d 1 6546
d 1 6547
d 1 6548
d 1 6549
d 1 6550
d 1 6551
d 1 6552
d 1 6553
d 1 6554
d 1 6555
d 1 6556
d 1 6557
d 1 6558
d 1 6559
d 1 6560
d 1 6561
d 1 6562
d 1 6563
d 1 6564
d 1 6565
d 1 6566
d 1 6567
d 1 6568
d 1 6569
d 1 6570
d 1 6571
d 1 6572
d 1 6573
d 1 6574
d 1 6575
d 1 6576
d 1 6577
d 1 6578
d 1 6579
d 1 6580
d 1 6581
d 1 6582
d 1 6583
d 1 6584
d 1 6585
d 1 6586
d 1 6587
d 1 6588
d 1 6589
d 1 6590
d 1 6591
d 1 6592
d 1 6593
d 1 6594
d 1 6595
d 1 6596
d 1 6597
d 1 6598
d 1 6599
d 1 6600
d 1 6601
d 1 6602
d 1 6603
d 1 6604
d 1 6605
d 1 6606
d 1 6607
d 1 6608
d 1 6609
d 1 6610
d 1 6611
d 1 6612
d 1 6613
d 1 6614
d 1 6615
d 1 6616
d 1 6617
d 1 6618
d 1 6619
d 1 6620
d 1 6621
d 1 6622
d 1 6623
d 1 6624
d 1 6625
d 1 6626
d 1 6627
d 1 6628
d 1 6629
d 1 6630
d 1 6631
d 1 6632
b 7265
b 7266
b 7267
b 7268
b 7269
b 7270
b 7271
b 7272
b 7273
b 7274
b 7275
b 7276
b 7277
b 7278
b 7279
b 7280
b 7281
b 7282
b 7283
b 7284
b 7285
b 7286
b 7287
b 7288
b 7289
b 7290
b 7291
b 7292
b 7293
b 7294
b 7295
b 7296
b 7297
b 7298
b 7299
b 7300
b 7301
b 7302
b 7303
b 7304
b 7305
b 7306
b 7307
b 7308
b 7309
b 7310
b 7311
b 7312
b 7313
b 7314
b 7315
b 7316
b 7317
b 7318
b 7319
b 7320
b 7321
b 7322
b 7323
b 7324
b 7325
b 7326
b 7327
b 7328
b 7329
b 7330
b 7331
b 7332
b 7333
b 7334
b 7335
b 7336
b 7337
b 7338
b 7339
b 7340
b 7341
b 7342
b 7343
b 7344
b 7345
b 7346
b 7347
b 7348
b 7349
b 7350
b 7351
b 7352
b 7353
b 7354
b 7355
b 7356
b 7357
b 7358
b 7359
b 7360
b 7361
b 7362
b 7363
b 7364
b 7365
b 7366
b 7367
b 7368
b 7369
b 7370
b 7371
b 7372
b 7373
b 7374
b 7375
b 7376
b 7377
b 7378
b 7379
b 7380
b 7381
b 7382
b 7383
b 7384
b 7385
b 7386
b 7387
b 7388
b 7389
b 7390
b 7391
b 7392
b 7393
b 7394
b 7395
b 7396
b 7397
b 7398
b 7399
b 7400
b 7401
b 7402
b 7403
b 7404
b 7405
b 7406
b 7407
b 7408
b 7409
b 7410
b 7411
b 7412
b 7413
b 7414
b 7415
b 7416
b 7417
b 7418
b 7419
b 7420
b 7421
b 7422
b 7423
b 7424
b 7425
b 7426
b 7427
b 7428
b 7429
b 7430
b 7431
b 7432
b 7433
b 7434
b 7435
b 7436
b 7437
b 7438
b 7439
b 7440
b 7441
b 7442
b 7443
b 7444
b 7445
b 7446
b 7447
b 7448
d 1 6633
d 1 6634
d 1 6635
d 1 6636
d 1 6637
d 1 6638
d 1 6639
d 1 6640
d 1 6641
d 1 6642
d 1 6643
d 1 6644
d 1 6645
d 1 6646
d 1 6647
d 1 6648
d 1 6649
d 1 6650
d 1 6651
d 1 6652
d 1 6653
d 1 6654
d 1 6655
d 1 6656
d 1 6657
d 1 6658
d 1 6659
d 1 6660
d 1 6661
d 1 6662
d 1 6663
d 1 6664
d 1 6665
d 1 6666
d 1 6667
d 1 6668
d 1 6669
d 1 6670
d 1 6671
d 1 6672
d 1 6673
d 1 6674
d 1 6675
d 1 6676
d 1 6677
d 1 6678
d 1 6679
d 1 6680
d 1 6681
d 1 6682
d 1 6683
d 1 6684
d 1 6685
d 1 6686
d 1 6687
d 1 6688
d 1 6689
d 1 6690
d 1 6691
d 1 6692
d 1 6693
d 1 6694
d 1 6695
d 1 6696
d 1 6697
d 1 6698
d 1 6699
d 1 6700
d 1 6701
d 1 6702
d 1 6703
d 1 6704
d 1 6705
d 1 6706
d 1 6707
d 1 6708
d 1 6709
d 1 6710
d 1 6711
d 1 6712
d 1 6713
d 1 6714
d 1 6715
d 1 6716
d 1 6717
d 1 6718
d 1 6719
d 1 6720
d 1 6721
d 1 6722
d 1 6723
d 1 6724
d 1 6725
d 1 6726
d 1 6727
d 1 6728
d 1 6729
d 1 6730
d 1 6731
d 1 6732
d 1 6733
d 1 6734
d 1 6735
d 1 6736
d 1 6737
d 1 6738
d 1 6739
d 1 6740
d 1 6741
d 1 6742
d 1 6743
d 1 6744
d 1 6745
d 1 6746
d 1 6747
d 1 6748
d 1 6749
d 1 6750
d 1 6751
d 1 6752
d 1 6753
d 1 6754
d 1 6755
d 1 6756
d 1 6757
d 1 6758
d 1 6759
d 1 6760
d 1 6761
d 1 6762
d 1 6763
d 1 6764
d 1 6765
d 1 6766
d 1 6767
d 1 6768
d 1 6769
d 1 6770
d 1 6771
d 1 6772
d 1 6773
d 1 6774
d 1 6775
d 1 6776
d 1 6777
d 1 6778
d 1 6779
d 1 6780
d 1 6781
d 1 6782
d 1 6783
d 1 6784
d 1 6785
d 1 6786
d 1 6787
d 1 6788
d 1 6789
d 1 6790
d 1 6791
d 1 6792
d 1 6793
d 1 6794
d 1 6795
d 1 6796
d 1 6797
d 1 6798
d 1 6799
d 1 6800
d 1 6801
d 1 6802
d 1 6803
d 1 6804
d 1 6805
d 1 6806
d 1 6807
d 1 6808
d 1 6809
d 1 6810
d 1 6811
d 1 6812
d 1 6813
d 1 6814
d 1 6815
d 1 6816
d 1 6817
d 1 6818
d 1 6819
d 1 6820
d 1 6821
d 1 6822
d 1 6823
d 1 6824
d 1 6825
d 1 6826
d 1 6827
d 1 6828
d 1 6829
d 1 6830
d 1 6831
d 1 6832
d 1 6833
d 1 6834
d 1 6835
d 1 6836
d 1 6837
d 1 6838
d 1 6839
d 1 6840
d 1 6841
d 1 6842
d 1 6843
d 1 6844
d 1 6845
d 1 6846
d 1 6847
d 1 6848
d 1 6849
d 1 6850
d 1 6851
d 1 6852
d 1 6853
d 1 6854
d 1 6855
d 1 6856
d 1 6857
d 1 6858
d 1 6859
d 1 6860
d 1 6861
d 1 6862
d 1 6863
d 1 6864
d 1 6865
d 1 6866
d 1 6867
d 1 6868
d 1 6869
d 1 6870
d 1 6871
d 1 6872
d 1 6873
d 1 6874
d 1 6875
d 1 6876
d 1 6877
d 1 6878
d 1 6879
d 1 6880
d 1 6881
d 1 6882
d 1 6883
d 1 6884
d 1 6885
d 1 6886
d 1 6887
d 1 6888
d 1 6889
d 1 6890
d 1 6891
d 1 6892
d 1 6893
d 1 6894
d 1 6895
d 1 6896
d 1 6897
d 1 6898
d 1 6899
d 1 6900
d 1 6901
d 1 6902
d 1 6903
d 1 6904
d 1 6905
d 1 6906
d 1 6907
d 1 6908
d 1 6909
d 1 6910
d 1 6911
d 1 6912
d 1 6913
d 1 6914
d 1 6915
d 1 6916
d 1 6917
d 1 6918
d 1 6919
d 1 6920
d 1 6921
d 1 6922
d 1 6923
d 1 6924
d 1 6925
d 1 6926
d 1 6927
d 1 6928
d 1 6929
d 1 6930
d 1 6931
d 1 6932
d 1 6933
d 1 6934
d 1 6935
d 1 6936
d 1 6937
d 1 6938
d 1 6939
d 1 6940
d 1 6941
d 1 6942
d 1 6943
d 1 6944
d 1 6945
d 1 6946
d 1 6947
d 1 6948
d 1 6949
d 1 6950
d 1 6951
d 1 6952
d 1 6953
d 1 6954
d 1 6955
d 1 6956
d 1 6957
d 1 6958
d 1 6959
d 1 6960
d 1 6961
d 1 6962
d 1 6963
d 1 6964
d 1 6965
d 1 6966
d 1 6967
d 1 6968
d 1 6969
d 1 6970
d 1 6971
d 1 6972
d 1 6973
d 1 6974
d 1 6975
d 1 6976
d 1 6977
d 1 6978
d 1 6979
d 1 6980
d 1 6981
d 1 6982
d 1 6983
d 1 6984
d 1 6985
d 1 6986
d 1 6987
d 1 6988
d 1 6989
d 1 6990
d 1 6991
d 1 6992
d 1 6993
d 1 6994
d 1 6995
d 1 6996
d 1 6997
d 1 6998
d 1 6999
d 1 7000
d 1 7001
d 1 7002
d 1 7003
d 1 7004
d 1 7005
d 1 7006
d 1 7007
d 1 7008
d 1 7009
d 1 7010
d 1 7011
d 1 7012
d 1 7013
d 1 7014
d 1 7015
d 1 7016
d 1 7017
d 1 7018
d 1 7019
d 1 7020
d 1 7021
d 1 7022
d 1 7023
d 1 7024
d 1 7025
d 1 7026
d 1 7027
d 1 7028
d 1 7029
d 1 7030
d 1 7031
d 1 7032
d 1 7033
d 1 7034
d 1 7035
d 1 7036
d 1 7037
d 1 7038
d 1 7039
d 1 7040
d 1 7041
d 1 7042
d 1 7043
d 1 7044
d 1 7045
d 1 7046
d 1 7047
d 1 7048
d 1 7049
d 1 7050
d 1 7051
d 1 7052
d 1 7053
d 1 7054
d 1 7055
d 1 7056
d 1 7057
d 1 7058
d 1 7059
d 1 7060
d 1 7061
d 1 7062
d 1 7063
d 1 7064
d 1 7065
d 1 7066
d 1 7067
d 1 7068
d 1 7069
d 1 7070
d 1 7071
d 1 7072
d 1 7073
d 1 7074
d 1 7075
d 1 7076
d 1 7077
d 1 7078
d 1 7079
d 1 7080
d 1 7081
d 1 7082
d 1 7083
d 1 7084
d 1 7085
d 1 7086
d 1 7087
d 1 7088
d 1 7089
d 1 7090
d 1 7091
d 1 7092
d 1 7093
d 1 7094
d 1 7095
d 1 7096
d 1 7097
d 1 7098
d 1 7099
d 1 7100
d 1 7101
d 1 7102
d 1 7103
d 1 7104
d 1 7105
d 1 7106
d 1 7107
d 1 7108
d 1 7109
d 1 7110
d 1 7111
d 1 7112
d 1 7113
d 1 7114
d 1 7115
d 1 7116
d 1 7117
d 1 7118
d 1 7119
d 1 7120
d 1 7121
d 1 7122
d 1 7123
d 1 7124
d 1 7125
d 1 7126
d 1 7127
d 1 7128
d 1 7129
d 1 7130
d 1 7131
d 1 7132
d 1 7133
d 1 7134
d 1 7135
d 1 7136
d 1 7137
d 1 7138
d 1 7139
d 1 7140
d 1 7141
d 1 7142
d 1 7143
d 1 7144
d 1 7145
d 1 7146
d 1 7147
d 1 7148
d 1 7149
d 1 7150
d 1 7151
d 1 7152
d 1 7153
d 1 7154
d 1 7155
d 1 7156
d 1 7157
d 1 7158
d 1 7159
d 1 7160
b 7449
b 7450
b 7451
b 7452
b 7453
b 7454
b 7455
b 7456
b 7457
b 7458
b 7459
b 7460
b 7461
b 7462
b 7463
b 7464
b 7465
b 7466
b 7467
b 7468
b 7469
b 7470
b 7471
b 7472
b 7473
b 7474
b 7475
b 7476
b 7477
b 7478
b 7479
b 7480
b 7481
b 7482
b 7483
b 7484
b 7485
b 7486
b 7487
b 7488
b 7489
b 7490
b 7491
b 7492
b 7493
b 7494
b 7495
b 7496
b 7497
b 7498
b 7499
b 7500
b 7501
b 7502
b 7503
b 7504
b 7505
b 7506
b 7507
b 7508
b 7509
b 7510
b 7511
b 7512
b 7513
b 7514
b 7515
b 7516
b 7517
b 7518
b 7519
b 7520
b 7521
b 7522
b 7523
b 7524
b 7525
b 7526
b 7527
b 7528
b 7529
b 7530
b 7531
b 7532
b 7533
b 7534
b 7535
b 7536
b 7537
b 7538
b 7539
b 7540
b 7541
b 7542
b 7543
b 7544
b 7545
b 7546
b 7547
b 7548
b 7549
b 7550
b 7551
b 7552
b 7553
b 7554
b 7555
b 7556
b 7557
b 7558
b 7559
b 7560
b 7561
b 7562
b 7563
b 7564
b 7565
b 7566
b 7567
b 7568
b 7569
b 7570
b 7571
b 7572
b 7573
b 7574
b 7575
b 7576
b 7577
b 7578
b 7579
b 7580
b 7581
b 7582
b 7583
b 7584
b 7585
b 7586
b 7587
b 7588
b 7589
b 7590
b 7591
b 7592
b 7593
b 7594
b 7595
b 7596
b 7597
b 7598
b 7599
b 7600
b 7601
b 7602
b 7603
b 7604
b 7605
b 7606
b 7607
b 7608
b 7609
b 7610
b 7611
b 7612
b 7613
b 7614
b 7615
b 7616
b 7617
b 7618
b 7619
b 7620
b 7621
b 7622
b 7623
b 7624
b 7625
b 7626
b 7627
b 7628
b 7629
b 7630
b 7631
b 7632
b 7633
b 7634
b 7635
b 7636
b 7637
b 7638
b 7639
b 7640
b 7641
b 7642
b 7643
b 7644
b 7645
b 7646
b 7647
b 7648
b 7649
b 7650
b 7651
b 7652
b 7653
b 7654
b 7655
b 7656
b 7657
b 7658
b 7659
b 7660
b 7661
b 7662
b 7663
b 7664
b 7665
b 7666
b 7667
b 7668
b 7669
b 7670
b 7671
b 7672
b 7673
b 7674
b 7675
b 7676
b 7677
b 7678
b 7679
b 7680
b 7681
b 7682
b 7683
b 7684
b 7685
b 7686
b 7687
b 7688
b 7689
b 7690
b 7691
b 7692
b 7693
b 7694
b 7695
b 7696
b 7697
b 7698
b 7699
b 7700
b 7701
b 7702
b 7703
b 7704
b 7705
b 7706
b 7707
b 7708
b 7709
b 7710
b 7711
b 7712
b 7713
b 7714
b 7715
b 7716
b 7717
b 7718
b 7719
b 7720
b 7721
b 7722
b 7723
b 7724
b 7725
b 7726
b 7727
b 7728
b 7729
b 7730
b 7731
b 7732
b 7733
b 7734
b 7735
b 7736
b 7737
b 7738
b 7739
b 7740
b 7741
b 7742
b 7743
b 7744
b 7745
b 7746
b 7747
b 7748
b 7749
b 7750
b 7751
b 7752
b 7753
b 7754
b 7755
b 7756
b 7757
b 7758
b 7759
b 7760
b 7761
b 7762
b 7763
b 7764
b 7765
b 7766
b 7767
b 7768
b 7769
b 7770
b 7771
b 7772
b 7773
b 7774
b 7775
b 7776
b 7777
b 7778
b 7779
b 7780
b 7781
b 7782
b 7783
b 7784
b 7785
b 7786
b 7787
b 7788
b 7789
b 7790
b 7791
b 7792
b 7793
b 7794
b 7795
b 7796
b 7797
b 7798
b 7799
b 7800
b 7801
b 7802
b 7803
b 7804
b 7805
b 7806
b 7807
b 7808
b 7809
b 7810
b 7811
b 7812
b 7813
b 7814
b 7815
b 7816
b 7817
b 7818
b 7819
b 7820
b 7821
b 7822
b 7823
b 7824
b 7825
b 7826
b 7827
b 7828
b 7829
b 7830
b 7831
b 7832
b 7833
b 7834
b 7835
b 7836
b 7837
b 7838
b 7839
b 7840
b 7841
b 7842
b 7843
b 7844
b 7845
b 7846
b 7847
b 7848
b 7849
b 7850
b 7851
b 7852
b 7853
b 7854
b 7855
b 7856
b 7857
b 7858
b 7859
b 7860
b 7861
b 7862
b 7863
b 7864
b 7865
b 7866
b 7867
b 7868
b 7869
b 7870
b 7871
b 7872
b 7873
b 7874
b 7875
b 7876
b 7877
b 7878
b 7879
b 7880
b 7881
b 7882
b 7883
b 7884
b 7885
b 7886
b 7887
b 7888
b 7889
b 7890
b 7891
b 7892
b 7893
b 7894
b 7895
b 7896
b 7897
b 7898
b 7899
b 7900
b 7901
b 7902
b 7903
b 7904
b 7905
b 7906
b 7907
b 7908
b 7909
b 7910
b 7911
b 7912
b 7913
b 7914
b 7915
b 7916
b 7917
b 7918
b 7919
b 7920
b 7921
b 7922
b 7923
b 7924
b 7925
b 7926
b 7927
b 7928
b 7929
b 7930
b 7931
b 7932
b 7933
b 7934
b 7935
b 7936
b 7937
b 7938
b 7939
b 7940
b 7941
b 7942
b 7943
b 7944
b 7945
b 7946
b 7947
b 7948
b 7949
b 7950
b 7951
b 7952
b 7953
b 7954
b 7955
b 7956
b 7957
b 7958
b 7959
b 7960
b 7961
b 7962
b 7963
b 7964
b 7965
b 7966
b 7967
b 7968
b 7969
b 7970
b 7971
b 7972
b 7973
b 7974
b 7975
b 7976
d 1 7161
d 1 7162
d 1 7163
d 1 7164
d 1 7165
d 1 7166
d 1 7167
d 1 7168
d 1 7169
d 1 7170
d 1 7171
d 1 7172
d 1 7173
d 1 7174
d 1 7175
d 1 7176
d 1 7177
d 1 7178
d 1 7179
d 1 7180
d 1 7181
d 1 7182
d 1 7183
d 1 7184
d 1 7185
d 1 7186
d 1 7187
d 1 7188
d 1 7189
d 1 7190
d 1 7191
d 1 7192
d 1 7193
d 1 7194
d 1 7195
d 1 7196
d 1 7197
d 1 7198
d 1 7199
d 1 7200
d 1 7201
d 1 7202
d 1 7203
d 1 7204
d 1 7205
d 1 7206
d 1 7207
d 1 7208
d 1 7209
d 1 7210
d 1 7211
d 1 7212
d 1 7213
d 1 7214
d 1 7215
d 1 7216
d 1 7217
d 1 7218
d 1 7219
d 1 7220
d 1 7221
d 1 7222
d 1 7223
d 1 7224
d 1 7225
d 1 7226
d 1 7227
d 1 7228
d 1 7229
d 1 7230
d 1 7231
d 1 7232
d 1 7233
d 1 7234
d 1 7235
d 1 7236
d 1 7237
d 1 7238
d 1 7239
d 1 7240
d 1 7241
d 1 7242
d 1 7243
d 1 7244
d 1 7245
d 1 7246
d 1 7247
d 1 7248
d 1 7249
d 1 7250
d 1 7251
d 1 7252
d 1 7253
d 1 7254
d 1 7255
d 1 7256
d 1 7257
d 1 7258
d 1 7259
d 1 7260
d 1 7261
d 1 7262
d 1 7263
d 1 7264
d 1 7265
d 1 7266
d 1 7267
d 1 7268
d 1 7269
d 1 7270
d 1 7271
d 1 7272
d 1 7273
d 1 7274
d 1 7275
d 1 7276
d 1 7277
d 1 7278
d 1 7279
d 1 7280
d 1 7281
d 1 7282
d 1 7283
d 1 7284
d 1 7285
d 1 7286
d 1 7287
d 1 7288
d 1 7289
d 1 7290
d 1 7291
d 1 7292
d 1 7293
d 1 7294
d 1 7295
d 1 7296
d 1 7297
d 1 7298
d 1 7299
d 1 7300
d 1 7301
d 1 7302
d 1 7303
d 1 7304
d 1 7305
d 1 7306
d 1 7307
d 1 7308
d 1 7309
d 1 7310
d 1 7311
d 1 7312
d 1 7313
d 1 7314
d 1 7315
d 1 7316
d 1 7317
d 1 7318
d 1 7319
d 1 7320
d 1 7321
d 1 7322
d 1 7323
d 1 7324
d 1 7325
d 1 7326
d 1 7327
d 1 7328
d 1 7329
d 1 7330
d 1 7331
d 1 7332
d 1 7333
d 1 7334
d 1 7335
d 1 7336
d 1 7337
d 1 7338
d 1 7339
d 1 7340
d 1 7341
d 1 7342
d 1 7343
d 1 7344
d 1 7345
d 1 7346
d 1 7347
d 1 7348
d 1 7349
d 1 7350
d 1 7351
d 1 7352
d 1 7353
d 1 7354
d 1 7355
d 1 7356
d 1 7357
d 1 7358
d 1 7359
d 1 7360
d 1 7361
d 1 7362
d 1 7363
d 1 7364
d 1 7365
d 1 7366
d 1 7367
d 1 7368
d 1 7369
d 1 7370
d 1 7371
d 1 7372
d 1 7373
d 1 7374
d 1 7375
d 1 7376
d 1 7377
d 1 7378
d 1 7379
d 1 7380
d 1 7381
d 1 7382
d 1 7383
d 1 7384
d 1 7385
d 1 7386
d 1 7387
d 1 7388
d 1 7389
d 1 7390
d 1 7391
d 1 7392
d 1 7393
d 1 7394
d 1 7395
d 1 7396
d 1 7397
d 1 7398
d 1 7399
d 1 7400
d 1 7401
d 1 7402
d 1 7403
d 1 7404
d 1 7405
d 1 7406
d 1 7407
d 1 7408
d 1 7409
d 1 7410
d 1 7411
d 1 7412
d 1 7413
d 1 7414
d 1 7415
d 1 7416
d 1 7417
d 1 7418
d 1 7419
d 1 7420
d 1 7421
d 1 7422
d 1 7423
d 1 7424
d 1 7425
d 1 7426
d 1 7427
d 1 7428
d 1 7429
d 1 7430
d 1 7431
d 1 7432
d 1 7433
d 1 7434
d 1 7435
d 1 7436
d 1 7437
d 1 7438
d 1 7439
d 1 7440
d 1 7441
d 1 7442
d 1 7443
d 1 7444
d 1 7445
d 1 7446
d 1 7447
d 1 7448
d 1 7449
d 1 7450
d 1 7451
d 1 7452
d 1 7453
d 1 7454
d 1 7455
d 1 7456
d 1 7457
d 1 7458
d 1 7459
d 1 7460
d 1 7461
d 1 7462
d 1 7463
d 1 7464
d 1 7465
d 1 7466
d 1 7467
d 1 7468
d 1 7469
d 1 7470
d 1 7471
d 1 7472
d 1 7473
d 1 7474
d 1 7475
d 1 7476
d 1 7477
d 1 7478
d 1 7479
d 1 7480
d 1 7481
d 1 7482
d 1 7483
d 1 7484
d 1 7485
d 1 7486
d 1 7487
d 1 7488
d 1 7489
d 1 7490
d 1 7491
d 1 7492
d 1 7493
d 1 7494
d 1 7495
d 1 7496
d 1 7497
d 1 7498
d 1 7499
d 1 7500
d 1 7501
d 1 7502
d 1 7503
d 1 7504
d 1 7505
d 1 7506
d 1 7507
d 1 7508
d 1 7509
d 1 7510
d 1 7511
d 1 7512
d 1 7513
d 1 7514
d 1 7515
d 1 7516
d 1 7517
d 1 7518
d 1 7519
d 1 7520
d 1 7521
d 1 7522
d 1 7523
d 1 7524
d 1 7525
d 1 7526
d 1 7527
d 1 7528
d 1 7529
d 1 7530
d 1 7531
d 1 7532
d 1 7533
d 1 7534
d 1 7535
d 1 7536
d 1 7537
d 1 7538
d 1 7539
d 1 7540
d 1 7541
d 1 7542
d 1 7543
d 1 7544
d 1 7545
d 1 7546
d 1 7547
d 1 7548
d 1 7549
d 1 7550
d 1 7551
d 1 7552
d 1 7553
d 1 7554
d 1 7555
d 1 7556
d 1 7557
d 1 7558
d 1 7559
d 1 7560
d 1 7561
d 1 7562
d 1 7563
d 1 7564
d 1 7565
d 1 7566
d 1 7567
d 1 7568
d 1 7569
d 1 7570
d 1 7571
d 1 7572
d 1 7573
d 1 7574
d 1 7575
d 1 7576
d 1 7577
d 1 7578
d 1 7579
d 1 7580
d 1 7581
d 1 7582
d 1 7583
d 1 7584
d 1 7585
d 1 7586
d 1 7587
d 1 7588
d 1 7589
d 1 7590
d 1 7591
d 1 7592
d 1 7593
d 1 7594
d 1 7595
d 1 7596
d 1 7597
d 1 7598
d 1 7599
d 1 7600
d 1 7601
d 1 7602
d 1 7603
d 1 7604
d 1 7605
d 1 7606
d 1 7607
d 1 7608
d 1 7609
d 1 7610
d 1 7611
d 1 7612
d 1 7613
d 1 7614
d 1 7615
d 1 7616
d 1 7617
d 1 7618
d 1 7619
d 1 7620
d 1 7621
d 1 7622
d 1 7623
d 1 7624
d 1 7625
d 1 7626
d 1 7627
d 1 7628
d 1 7629
d 1 7630
d 1 7631
d 1 7632
d 1 7633
d 1 7634
d 1 7635
d 1 7636
d 1 7637
d 1 7638
d 1 7639
d 1 7640
d 1 7641
d 1 7642
d 1 7643
d 1 7644
d 1 7645
d 1 7646
d 1 7647
d 1 7648
d 1 7649
d 1 7650
d 1 7651
d 1 7652
d 1 7653
d 1 7654
d 1 7655
d 1 7656
d 1 7657
d 1 7658
d 1 7659
d 1 7660
d 1 7661
d 1 7662
d 1 7663
d 1 7664
d 1 7665
d 1 7666
d 1 7667
d 1 7668
d 1 7669
d 1 7670
d 1 7671
d 1 7672
d 1 7673
d 1 7674
d 1 7675
d 1 7676
d 1 7677
d 1 7678
d 1 7679
d 1 7680
d 1 7681
d 1 7682
d 1 7683
d 1 7684
d 1 7685
d 1 7686
d 1 7687
d 1 7688
d 1 7689
d 1 7690
d 1 7691
d 1 7692
d 1 7693
d 1 7694
d 1 7695
d 1 7696
d 1 7697
d 1 7698
d 1 7699
d 1 7700
d 1 7701
d 1 7702
d 1 7703
d 1 7704
d 1 7705
d 1 7706
d 1 7707
d 1 7708
d 1 7709
d 1 7710
d 1 7711
d 1 7712
d 1 7713
d 1 7714
d 1 7715
d 1 7716
d 1 7717
d 1 7718
d 1 7719
d 1 7720
d 1 7721
d 1 7722
d 1 7723
d 1 7724
d 1 7725
d 1 7726
d 1 7727
d 1 7728
d 1 7729
d 1 7730
d 1 7731
d 1 7732
d 1 7733
d 1 7734
d 1 7735
d 1 7736
d 1 7737
d 1 7738
d 1 7739
d 1 7740
d 1 7741
d 1 7742
d 1 7743
d 1 7744
d 1 7745
d 1 7746
d 1 7747
d 1 7748
d 1 7749
d 1 7750
d 1 7751
d 1 7752
d 1 7753
d 1 7754
d 1 7755
d 1 7756
d 1 7757
d 1 7758
d 1 7759
d 1 7760
d 1 7761
d 1 7762
d 1 7763
d 1 7764
d 1 7765
d 1 7766
d 1 7767
d 1 7768
d 1 7769
d 1 7770
d 1 7771
d 1 7772
d 1 7773
d 1 7774
d 1 7775
d 1 7776
d 1 7777
d 1 7778
d 1 7779
d 1 7780
d 1 7781
d 1 7782
d 1 7783
d 1 7784
d 1 7785
d 1 7786
d 1 7787
d 1 7788
d 1 7789
d 1 7790
d 1 7791
d 1 7792
d 1 7793
d 1 7794
d 1 7795
d 1 7796
d 1 7797
d 1 7798
d 1 7799
d 1 7800
d 1 7801
d 1 7802
d 1 7803
d 1 7804
d 1 7805
d 1 7806
d 1 7807
d 1 7808
d 1 7809
d 1 7810
d 1 7811
d 1 7812
d 1 7813
d 1 7814
d 1 7815
d 1 7816
d 1 7817
d 1 7818
d 1 7819
d 1 7820
d 1 7821
d 1 7822
d 1 7823
d 1 7824
d 1 7825
d 1 7826
d 1 7827
d 1 7828
d 1 7829
d 1 7830
d 1 7831
d 1 7832
d 1 7833
d 1 7834
d 1 7835
d 1 7836
d 1 7837
d 1 7838
d 1 7839
d 1 7840
d 1 7841
d 1 7842
d 1 7843
d 1 7844
d 1 7845
d 1 7846
d 1 7847
d 1 7848
d 1 7849
d 1 7850
d 1 7851
d 1 7852
d 1 7853
d 1 7854
d 1 7855
d 1 7856
d 1 7857
d 1 7858
d 1 7859
d 1 7860
d 1 7861
d 1 7862
d 1 7863
d 1 7864
d 1 7865
d 1 7866
d 1 7867
d 1 7868
d 1 7869
d 1 7870
d 1 7871
d 1 7872
d 1 7873
d 1 7874
d 1 7875
d 1 7876
d 1 7877
d 1 7878
d 1 7879
d 1 7880
d 1 7881
d 1 7882
d 1 7883
d 1 7884
d 1 7885
d 1 7886
d 1 7887
d 1 7888
d 1 7889
d 1 7890
d 1 7891
d 1 7892
d 1 7893
d 1 7894
d 1 7895
d 1 7896
d 1 7897
d 1 7898
d 1 7899
d 1 7900
d 1 7901
d 1 7902
d 1 7903
d 1 7904
d 1 7905
d 1 7906
d 1 7907
d 1 7908
d 1 7909
d 1 7910
d 1 7911
d 1 7912
d 1 7913
d 1 7914
d 1 7915
d 1 7916
d 1 7917
d 1 7918
d 1 7919
d 1 7920
d 1 7921
d 1 7922
d 1 7923
d 1 7924
d 1 7925
d 1 7926
d 1 7927
d 1 7928
d 1 7929
d 1 7930
d 1 7931
d 1 7932
d 1 7933
d 1 7934
d 1 7935
d 1 7936
d 1 7937
d 1 7938
d 1 7939
d 1 7940
d 1 7941
d 1 7942
d 1 7943
d 1 7944
d 1 7945
d 1 7946
d 1 7947
d 1 7948
d 1 7949
d 1 7950
d 1 7951
d 1 7952
d 1 7953
d 1 7954
d 1 7955
d 1 7956
d 1 7957
d 1 7958
d 1 7959
d 1 7960
d 1 7961
d 1 7962
d 1 7963
d 1 7964
d 1 7965
d 1 7966
d 1 7967
d 1 7968
b 7977
b 7978
b 7979
b 7980
b 7981
b 7982
b 7983
b 7984
b 7985
b 7986
b 7987
b 7988
b 7989
b 7990
b 7991
b 7992
b 7993
b 7994
b 7995
b 7996
b 7997
b 7998
b 7999
b 8000
b 8001
b 8002
b 8003
b 8004
b 8005
b 8006
b 8007
b 8008
b 8009
b 8010
b 8011
b 8012
b 8013
b 8014
b 8015
b 8016
b 8017
b 8018
b 8019
b 8020
b 8021
b 8022
b 8023
b 8024
b 8025
b 8026
b 8027
b 8028
b 8029
b 8030
b 8031
b 8032
b 8033
b 8034
b 8035
b 8036
b 8037
b 8038
b 8039
b 8040
b 8041
b 8042
b 8043
b 8044
b 8045
b 8046
b 8047
b 8048
b 8049
b 8050
b 8051
b 8052
b 8053
b 8054
b 8055
b 8056
b 8057
b 8058
b 8059
b 8060
b 8061
b 8062
b 8063
b 8064
b 8065
b 8066
b 8067
b 8068
b 8069
b 8070
b 8071
b 8072
b 8073
b 8074
b 8075
b 8076
b 8077
b 8078
b 8079
b 8080
b 8081
b 8082
b 8083
b 8084
b 8085
b 8086
b 8087
b 8088
b 8089
b 8090
b 8091
b 8092
b 8093
b 8094
b 8095
b 8096
b 8097
b 8098
b 8099
b 8100
b 8101
b 8102
b 8103
b 8104
b 8105
b 8106
b 8107
b 8108
b 8109
b 8110
b 8111
b 8112
b 8113
b 8114
b 8115
b 8116
b 8117
b 8118
b 8119
b 8120
b 8121
b 8122
b 8123
b 8124
b 8125
b 8126
b 8127
b 8128
b 8129
b 8130
b 8131
b 8132
b 8133
b 8134
b 8135
b 8136
b 8137
b 8138
b 8139
b 8140
b 8141
b 8142
b 8143
b 8144
b 8145
b 8146
b 8147
b 8148
b 8149
b 8150
b 8151
b 8152
b 8153
b 8154
b 8155
b 8156
b 8157
b 8158
b 8159
b 8160
b 8161
b 8162
b 8163
b 8164
b 8165
b 8166
b 8167
b 8168
b 8169
b 8170
b 8171
b 8172
b 8173
b 8174
b 8175
b 8176
b 8177
b 8178
b 8179
b 8180
b 8181
b 8182
b 8183
b 8184
b 8185
b 8186
b 8187
b 8188
b 8189
b 8190
b 8191
b 8192
b 8193
b 8194
b 8195
b 8196
b 8197
b 8198
b 8199
b 8200
b 8201
b 8202
b 8203
b 8204
b 8205
b 8206
b 8207
b 8208
b 8209
b 8210
b 8211
b 8212
b 8213
b 8214
b 8215
b 8216
b 8217
b 8218
b 8219
b 8220
b 8221
b 8222
b 8223
b 8224
b 8225
b 8226
b 8227
b 8228
b 8229
b 8230
b 8231
b 8232
b 8233
b 8234
b 8235
b 8236
b 8237
b 8238
b 8239
b 8240
b 8241
b 8242
b 8243
b 8244
b 8245
b 8246
b 8247
b 8248
b 8249
b 8250
b 8251
b 8252
b 8253
b 8254
b 8255
b 8256
b 8257
b 8258
b 8259
b 8260
b 8261
b 8262
b 8263
b 8264
b 8265
b 8266
b 8267
b 8268
b 8269
b 8270
b 8271
b 8272
b 8273
b 8274
b 8275
b 8276
b 8277
b 8278
b 8279
b 8280
b 8281
b 8282
b 8283
b 8284
b 8285
b 8286
b 8287
b 8288
b 8289
b 8290
b 8291
b 8292
b 8293
b 8294
b 8295
b 8296
b 8297
b 8298
b 8299
b 8300
b 8301
b 8302
b 8303
b 8304
b 8305
b 8306
b 8307
b 8308
b 8309
b 8310
b 8311
b 8312
b 8313
b 8314
b 8315
b 8316
b 8317
b 8318
b 8319
b 8320
b 8321
b 8322
b 8323
b 8324
b 8325
b 8326
b 8327
b 8328
b 8329
b 8330
b 8331
b 8332
b 8333
b 8334
b 8335
b 8336
b 8337
b 8338
b 8339
b 8340
b 8341
b 8342
b 8343
b 8344
b 8345
b 8346
b 8347
b 8348
b 8349
b 8350
b 8351
b 8352
b 8353
b 8354
b 8355
b 8356
b 8357
b 8358
b 8359
b 8360
b 8361
b 8362
b 8363
b 8364
b 8365
b 8366
b 8367
b 8368
b 8369
b 8370
b 8371
b 8372
b 8373
b 8374
b 8375
b 8376
b 8377
b 8378
b 8379
b 8380
b 8381
b 8382
b 8383
b 8384
b 8385
b 8386
b 8387
b 8388
b 8389
b 8390
b 8391
b 8392
b 8393
b 8394
b 8395
b 8396
b 8397
b 8398
b 8399
b 8400
b 8401
b 8402
b 8403
b 8404
b 8405
b 8406
b 8407
b 8408
b 8409
b 8410
b 8411
b 8412
b 8413
b 8414
b 8415
b 8416
b 8417
b 8418
b 8419
b 8420
b 8421
b 8422
b 8423
b 8424
b 8425
b 8426
b 8427
b 8428
b 8429
b 8430
b 8431
b 8432
b 8433
b 8434
b 8435
b 8436
b 8437
b 8438
b 8439
b 8440
b 8441
b 8442
b 8443
b 8444
b 8445
b 8446
b 8447
b 8448
b 8449
b 8450
b 8451
b 8452
b 8453
b 8454
b 8455
b 8456
b 8457
b 8458
b 8459
b 8460
b 8461
b 8462
b 8463
b 8464
b 8465
b 8466
b 8467
b 8468
b 8469
b 8470
b 8471
b 8472
b 8473
b 8474
b 8475
b 8476
b 8477
b 8478
b 8479
b 8480
b 8481
b 8482
b 8483
b 8484
b 8485
b 8486
b 8487
b 8488
b 8489
b 8490
b 8491
b 8492
b 8493
b 8494
b 8495
b 8496
b 8497
b 8498
b 8499
b 8500
b 8501
b 8502
b 8503
b 8504
b 8505
b 8506
b 8507
b 8508
b 8509
b 8510
b 8511
b 8512
b 8513
b 8514
b 8515
b 8516
b 8517
b 8518
b 8519
b 8520
b 8521
b 8522
b 8523
b 8524
b 8525
b 8526
b 8527
b 8528
b 8529
b 8530
b 8531
b 8532
b 8533
b 8534
b 8535
b 8536
b 8537
b 8538
b 8539
b 8540
b 8541
b 8542
b 8543
b 8544
b 8545
b 8546
b 8547
b 8548
b 8549
b 8550
b 8551
b 8552
b 8553
b 8554
b 8555
b 8556
b 8557
b 8558
b 8559
b 8560
b 8561
b 8562
b 8563
b 8564
b 8565
b 8566
b 8567
b 8568
b 8569
b 8570
b 8571
b 8572
b 8573
b 8574
b 8575
b 8576
b 8577
b 8578
b 8579
b 8580
b 8581
b 8582
b 8583
b 8584
b 8585
b 8586
b 8587
b 8588
b 8589
b 8590
b 8591
b 8592
b 8593
b 8594
b 8595
b 8596
b 8597
b 8598
b 8599
b 8600
b 8601
b 8602
b 8603
b 8604
b 8605
b 8606
b 8607
b 8608
b 8609
b 8610
b 8611
b 8612
b 8613
b 8614
b 8615
b 8616
b 8617
b 8618
b 8619
b 8620
b 8621
b 8622
b 8623
b 8624
b 8625
b 8626
b 8627
b 8628
b 8629
b 8630
b 8631
b 8632
b 8633
b 8634
b 8635
b 8636
b 8637
b 8638
b 8639
b 8640
b 8641
b 8642
b 8643
b 8644
b 8645
b 8646
b 8647
b 8648
b 8649
b 8650
b 8651
b 8652
b 8653
b 8654
b 8655
b 8656
b 8657
b 8658
b 8659
b 8660
b 8661
b 8662
b 8663
b 8664
b 8665
b 8666
b 8667
b 8668
b 8669
b 8670
b 8671
b 8672
b 8673
b 8674
b 8675
b 8676
b 8677
b 8678
b 8679
b 8680
b 8681
b 8682
b 8683
b 8684
b 8685
b 8686
b 8687
b 8688
b 8689
b 8690
b 8691
b 8692
b 8693
b 8694
b 8695
b 8696
b 8697
b 8698
b 8699
b 8700
b 8701
b 8702
b 8703
b 8704
b 8705
b 8706
b 8707
b 8708
b 8709
b 8710
b 8711
b 8712
b 8713
b 8714
b 8715
b 8716
b 8717
b 8718
b 8719
b 8720
b 8721
b 8722
b 8723
b 8724
b 8725
b 8726
b 8727
b 8728
b 8729
b 8730
b 8731
b 8732
b 8733
b 8734
b 8735
b 8736
b 8737
b 8738
b 8739
b 8740
b 8741
b 8742
b 8743
b 8744
b 8745
b 8746
b 8747
b 8748
b 8749
b 8750
b 8751
b 8752
b 8753
b 8754
b 8755
b 8756
b 8757
b 8758
b 8759
b 8760
b 8761
b 8762
b 8763
b 8764
b 8765
b 8766
b 8767
b 8768
b 8769
b 8770
b 8771
b 8772
b 8773
b 8774
b 8775
b 8776
b 8777
b 8778
b 8779
b 8780
b 8781
b 8782
b 8783
b 8784
d 1 7969
d 1 7970
d 1 7971
d 1 7972
d 1 7973
d 1 7974
d 1 7975
d 1 7976
b 8785
b 8786
b 8787
b 8788
b 8789
b 8790
b 8791
b 8792
d 1 7977
d 1 7978
d 1 7979
d 1 7980
d 1 7981
d 1 7982
d 1 7983
d 1 7984
b 8793
b 8794
b 8795
b 8796
b 8797
b 8798
b 8799
b 8800
d 1 7985
d 1 7986
d 1 7987
d 1 7988
d 1 7989
d 1 7990
d 1 7991
d 1 7992
d 1 7993
d 1 7994
d 1 7995
d 1 7996
d 1 7997
d 1 7998
d 1 7999
d 1 8000
d 1 8001
d 1 8002
d 1 8003
d 1 8004
d 1 8005
d 1 8006
d 1 8007
d 1 8008
d 1 8009
d 1 8010
d 1 8011
d 1 8012
d 1 8013
d 1 8014
d 1 8015
d 1 8016
d 1 8017
d 1 8018
d 1 8019
d 1 8020
d 1 8021
d 1 8022
d 1 8023
d 1 8024
d 1 8025
d 1 8026
d 1 8027
d 1 8028
d 1 8029
d 1 8030
d 1 8031
d 1 8032
d 1 8033
d 1 8034
d 1 8035
d 1 8036
d 1 8037
d 1 8038
d 1 8039
d 1 8040
d 1 8041
d 1 8042
d 1 8043
d 1 8044
d 1 8045
d 1 8046
d 1 8047
d 1 8048
d 1 8049
d 1 8050
d 1 8051
d 1 8052
d 1 8053
d 1 8054
d 1 8055
d 1 8056
d 1 8057
d 1 8058
d 1 8059
d 1 8060
d 1 8061
d 1 8062
d 1 8063
d 1 8064
d 1 8065
d 1 8066
d 1 8067
d 1 8068
d 1 8069
d 1 8070
d 1 8071
d 1 8072
d 1 8073
d 1 8074
d 1 8075
d 1 8076
d 1 8077
d 1 8078
d 1 8079
d 1 8080
d 1 8081
d 1 8082
d 1 8083
d 1 8084
d 1 8085
d 1 8086
d 1 8087
d 1 8088
d 1 8089
d 1 8090
d 1 8091
d 1 8092
d 1 8093
d 1 8094
d 1 8095
d 1 8096
d 1 8097
d 1 8098
d 1 8099
d 1 8100
d 1 8101
d 1 8102
d 1 8103
d 1 8104
d 1 8105
d 1 8106
d 1 8107
d 1 8108
d 1 8109
d 1 8110
d 1 8111
d 1 8112
d 1 8113
d 1 8114
d 1 8115
d 1 8116
d 1 8117
d 1 8118
d 1 8119
d 1 8120
d 1 8121
d 1 8122
d 1 8123
d 1 8124
d 1 8125
d 1 8126
d 1 8127
d 1 8128
d 1 8129
d 1 8130
d 1 8131
d 1 8132
d 1 8133
d 1 8134
d 1 8135
d 1 8136
d 1 8137
d 1 8138
d 1 8139
d 1 8140
d 1 8141
d 1 8142
d 1 8143
d 1 8144
d 1 8145
d 1 8146
d 1 8147
d 1 8148
d 1 8149
d 1 8150
d 1 8151
d 1 8152
d 1 8153
d 1 8154
d 1 8155
d 1 8156
d 1 8157
d 1 8158
d 1 8159
d 1 8160
d 1 8161
d 1 8162
d 1 8163
d 1 8164
d 1 8165
d 1 8166
d 1 8167
d 1 8168
d 1 8169
d 1 8170
d 1 8171
d 1 8172
d 1 8173
d 1 8174
d 1 8175
d 1 8176
d 1 8177
d 1 8178
d 1 8179
d 1 8180
d 1 8181
d 1 8182
d 1 8183
d 1 8184
d 1 8185
d 1 8186
d 1 8187
d 1 8188
d 1 8189
d 1 8190
d 1 8191
d 1 8192
d 1 8193
d 1 8194
d 1 8195
d 1 8196
d 1 8197
d 1 8198
d 1 8199
d 1 8200
d 1 8201
d 1 8202
d 1 8203
d 1 8204
d 1 8205
d 1 8206
d 1 8207
d 1 8208
d 1 8209
d 1 8210
d 1 8211
d 1 8212
d 1 8213
d 1 8214
d 1 8215
d 1 8216
d 1 8217
d 1 8218
d 1 8219
d 1 8220
d 1 8221
d 1 8222
d 1 8223
d 1 8224
d 1 8225
d 1 8226
d 1 8227
d 1 8228
d 1 8229
d 1 8230
d 1 8231
d 1 8232
d 1 8233
d 1 8234
d 1 8235
d 1 8236
d 1 8237
d 1 8238
d 1 8239
d 1 8240
d 1 8241
d 1 8242
d 1 8243
d 1 8244
d 1 8245
d 1 8246
d 1 8247
d 1 8248
d 1 8249
d 1 8250
d 1 8251
d 1 8252
d 1 8253
d 1 8254
d 1 8255
d 1 8256
d 1 8257
d 1 8258
d 1 8259
d 1 8260
d 1 8261
d 1 8262
d 1 8263
d 1 8264
d 1 8265
d 1 8266
d 1 8267
d 1 8268
d 1 8269
d 1 8270
d 1 8271
d 1 8272
d 1 8273
d 1 8274
d 1 8275
d 1 8276
d 1 8277
d 1 8278
d 1 8279
d 1 8280
d 1 8281
d 1 8282
d 1 8283
d 1 8284
d 1 8285
d 1 8286
d 1 8287
d 1 8288
d 1 8289
d 1 8290
d 1 8291
d 1 8292
d 1 8293
d 1 8294
d 1 8295
d 1 8296
d 1 8297
d 1 8298
d 1 8299
d 1 8300
d 1 8301
d 1 8302
d 1 8303
d 1 8304
d 1 8305
d 1 8306
d 1 8307
d 1 8308
d 1 8309
d 1 8310
d 1 8311
d 1 8312
d 1 8313
d 1 8314
d 1 8315
d 1 8316
d 1 8317
d 1 8318
d 1 8319
d 1 8320
d 1 8321
d 1 8322
d 1 8323
d 1 8324
d 1 8325
d 1 8326
d 1 8327
d 1 8328
d 1 8329
d 1 8330
d 1 8331
d 1 8332
d 1 8333
d 1 8334
d 1 8335
d 1 8336
d 1 8337
d 1 8338
d 1 8339
d 1 8340
d 1 8341
d 1 8342
d 1 8343
d 1 8344
d 1 8345
d 1 8346
d 1 8347
d 1 8348
d 1 8349
d 1 8350
d 1 8351
d 1 8352
d 1 8353
d 1 8354
d 1 8355
d 1 8356
d 1 8357
d 1 8358
d 1 8359
d 1 8360
d 1 8361
d 1 8362
d 1 8363
d 1 8364
d 1 8365
d 1 8366
d 1 8367
d 1 8368
d 1 8369
d 1 8370
d 1 8371
d 1 8372
d 1 8373
d 1 8374
d 1 8375
d 1 8376
d 1 8377
d 1 8378
d 1 8379
d 1 8380
d 1 8381
d 1 8382
d 1 8383
d 1 8384
d 1 8385
d 1 8386
d 1 8387
d 1 8388
d 1 8389
d 1 8390
d 1 8391
d 1 8392
d 1 8393
d 1 8394
d 1 8395
d 1 8396
d 1 8397
d 1 8398
d 1 8399
d 1 8400
d 1 8401
d 1 8402
d 1 8403
d 1 8404
d 1 8405
d 1 8406
d 1 8407
d 1 8408
d 1 8409
d 1 8410
d 1 8411
d 1 8412
d 1 8413
d 1 8414
d 1 8415
d 1 8416
d 1 8417
d 1 8418
d 1 8419
d 1 8420
d 1 8421
d 1 8422
d 1 8423
d 1 8424
d 1 8425
d 1 8426
d 1 8427
d 1 8428
d 1 8429
d 1 8430
d 1 8431
d 1 8432
d 1 8433
d 1 8434
d 1 8435
d 1 8436
d 1 8437
d 1 8438
d 1 8439
d 1 8440
d 1 8441
d 1 8442
d 1 8443
d 1 8444
d 1 8445
d 1 8446
d 1 8447
d 1 8448
d 1 8449
d 1 8450
d 1 8451
d 1 8452
d 1 8453
d 1 8454
d 1 8455
d 1 8456
d 1 8457
d 1 8458
d 1 8459
d 1 8460
d 1 8461
d 1 8462
d 1 8463
d 1 8464
d 1 8465
d 1 8466
d 1 8467
d 1 8468
d 1 8469
d 1 8470
d 1 8471
d 1 8472
d 1 8473
d 1 8474
d 1 8475
d 1 8476
d 1 8477
d 1 8478
d 1 8479
d 1 8480
d 1 8481
d 1 8482
d 1 8483
d 1 8484
d 1 8485
d 1 8486
d 1 8487
d 1 8488
d 1 8489
d 1 8490
d 1 8491
d 1 8492
d 1 8493
d 1 8494
d 1 8495
d 1 8496
d 1 8497
d 1 8498
d 1 8499
d 1 8500
d 1 8501
d 1 8502
d 1 8503
d 1 8504
d 1 8505
d 1 8506
d 1 8507
d 1 8508
d 1 8509
d 1 8510
d 1 8511
d 1 8512
d 1 8513
d 1 8514
d 1 8515
d 1 8516
d 1 8517
d 1 8518
d 1 8519
d 1 8520
d 1 8521
d 1 8522
d 1 8523
d 1 8524
d 1 8525
d 1 8526
d 1 8527
d 1 8528
d 1 8529
d 1 8530
d 1 8531
d 1 8532
d 1 8533
d 1 8534
d 1 8535
d 1 8536
d 1 8537
d 1 8538
d 1 8539
d 1 8540
d 1 8541
d 1 8542
d 1 8543
d 1 8544
d 1 8545
d 1 8546
d 1 8547
d 1 8548
d 1 8549
d 1 8550
d 1 8551
d 1 8552
d 1 8553
d 1 8554
d 1 8555
d 1 8556
d 1 8557
d 1 8558
d 1 8559
d 1 8560
d 1 8561
d 1 8562
d 1 8563
d 1 8564
d 1 8565
d 1 8566
d 1 8567
d 1 8568
d 1 8569
d 1 8570
d 1 8571
d 1 8572
d 1 8573
d 1 8574
d 1 8575
d 1 8576
d 1 8577
d 1 8578
d 1 8579
d 1 8580
d 1 8581
d 1 8582
d 1 8583
d 1 8584
d 1 8585
d 1 8586
d 1 8587
d 1 8588
d 1 8589
d 1 8590
d 1 8591
d 1 8592
d 1 8593
d 1 8594
d 1 8595
d 1 8596
d 1 8597
d 1 8598
d 1 8599
d 1 8600
d 1 8601
d 1 8602
d 1 8603
d 1 8604
d 1 8605
d 1 8606
d 1 8607
d 1 8608
d 1 8609
d 1 8610
d 1 8611
d 1 8612
d 1 8613
d 1 8614
d 1 8615
d 1 8616
d 1 8617
d 1 8618
d 1 8619
d 1 8620
d 1 8621
d 1 8622
d 1 8623
d 1 8624
d 1 8625
d 1 8626
d 1 8627
d 1 8628
d 1 8629
d 1 8630
d 1 8631
d 1 8632
d 1 8633
d 1 8634
d 1 8635
d 1 8636
d 1 8637
d 1 8638
d 1 8639
d 1 8640
d 1 8641
d 1 8642
d 1 8643
d 1 8644
d 1 8645
d 1 8646
d 1 8647
d 1 8648
d 1 8649
d 1 8650
d 1 8651
d 1 8652
d 1 8653
d 1 8654
d 1 8655
d 1 8656
d 1 8657
d 1 8658
d 1 8659
d 1 8660
d 1 8661
d 1 8662
d 1 8663
d 1 8664
d 1 8665
d 1 8666
d 1 8667
d 1 8668
d 1 8669
d 1 8670
d 1 8671
d 1 8672
d 1 8673
d 1 8674
d 1 8675
d 1 8676
d 1 8677
d 1 8678
d 1 8679
d 1 8680
d 1 8681
d 1 8682
d 1 8683
d 1 8684
d 1 8685
d 1 8686
d 1 8687
d 1 8688
d 1 8689
d 1 8690
d 1 8691
d 1 8692
d 1 8693
d 1 8694
d 1 8695
d 1 8696
d 1 8697
d 1 8698
d 1 8699
d 1 8700
d 1 8701
d 1 8702
d 1 8703
d 1 8704
d 1 8705
d 1 8706
d 1 8707
d 1 8708
d 1 8709
d 1 8710
d 1 8711
d 1 8712
d 1 8713
d 1 8714
d 1 8715
d 1 8716
d 1 8717
d 1 8718
d 1 8719
d 1 8720
d 1 8721
d 1 8722
d 1 8723
d 1 8724
d 1 8725
d 1 8726
d 1 8727
d 1 8728
d 1 8729
d 1 8730
d 1 8731
d 1 8732
d 1 8733
d 1 8734
d 1 8735
d 1 8736
d 1 8737
d 1 8738
d 1 8739
d 1 8740
d 1 8741
d 1 8742
d 1 8743
d 1 8744
d 1 8745
d 1 8746
d 1 8747
d 1 8748
d 1 8749
d 1 8750
d 1 8751
d 1 8752
d 1 8753
d 1 8754
d 1 8755
d 1 8756
d 1 8757
d 1 8758
d 1 8759
d 1 8760
d 1 8761
d 1 8762
d 1 8763
d 1 8764
d 1 8765
d 1 8766
d 1 8767
d 1 8768
d 1 8769
d 1 8770
d 1 8771
d 1 8772
d 1 8773
d 1 8774
d 1 8775
d 1 8776
d 1 8777
d 1 8778
d 1 8779
d 1 8780
d 1 8781
d 1 8782
d 1 8783
d 1 8784
d 1 8785
d 1 8786
d 1 8787
d 1 8788
d 1 8789
d 1 8790
d 1 8791
d 1 8792
b 8801
b 8802
b 8803
b 8804
b 8805
b 8806
b 8807
b 8808
b 8809
b 8810
b 8811
b 8812
b 8813
b 8814
b 8815
b 8816
b 8817
b 8818
b 8819
b 8820
b 8821
b 8822
b 8823
b 8824
b 8825
b 8826
b 8827
b 8828
b 8829
b 8830
b 8831
b 8832
b 8833
b 8834
b 8835
b 8836
b 8837
b 8838
b 8839
b 8840
b 8841
b 8842
b 8843
b 8844
b 8845
b 8846
b 8847
b 8848
b 8849
b 8850
b 8851
b 8852
b 8853
b 8854
b 8855
b 8856
b 8857
b 8858
b 8859
b 8860
b 8861
b 8862
b 8863
b 8864
b 8865
b 8866
b 8867
b 8868
b 8869
b 8870
b 8871
b 8872
b 8873
b 8874
b 8875
b 8876
b 8877
b 8878
b 8879
b 8880
b 8881
b 8882
b 8883
b 8884
b 8885
b 8886
b 8887
b 8888
b 8889
b 8890
b 8891
b 8892
b 8893
b 8894
b 8895
b 8896
b 8897
b 8898
b 8899
b 8900
b 8901
b 8902
b 8903
b 8904
b 8905
b 8906
b 8907
b 8908
b 8909
b 8910
b 8911
b 8912
b 8913
b 8914
b 8915
b 8916
b 8917
b 8918
b 8919
b 8920
b 8921
b 8922
b 8923
b 8924
b 8925
b 8926
b 8927
b 8928
b 8929
b 8930
b 8931
b 8932
b 8933
b 8934
b 8935
b 8936
b 8937
b 8938
b 8939
b 8940
b 8941
b 8942
b 8943
b 8944
b 8945
b 8946
b 8947
b 8948
b 8949
b 8950
b 8951
b 8952
b 8953
b 8954
b 8955
b 8956
b 8957
b 8958
b 8959
b 8960
b 8961
b 8962
b 8963
b 8964
b 8965
b 8966
b 8967
b 8968
b 8969
b 8970
b 8971
b 8972
b 8973
b 8974
b 8975
b 8976
b 8977
b 8978
b 8979
b 8980
b 8981
b 8982
b 8983
b 8984
b 8985
b 8986
b 8987
b 8988
b 8989
b 8990
b 8991
b 8992
b 8993
b 8994
b 8995
b 8996
b 8997
b 8998
b 8999
b 9000
b 9001
b 9002
b 9003
b 9004
b 9005
b 9006
b 9007
b 9008
b 9009
b 9010
b 9011
b 9012
b 9013
b 9014
b 9015
b 9016
b 9017
b 9018
b 9019
b 9020
b 9021
b 9022
b 9023
b 9024
b 9025
b 9026
b 9027
b 9028
b 9029
b 9030
b 9031
b 9032
b 9033
b 9034
b 9035
b 9036
b 9037
b 9038
b 9039
b 9040
b 9041
b 9042
b 9043
b 9044
b 9045
b 9046
b 9047
b 9048
b 9049
b 9050
b 9051
b 9052
b 9053
b 9054
b 9055
b 9056
b 9057
b 9058
b 9059
b 9060
b 9061
b 9062
b 9063
b 9064
b 9065
b 9066
b 9067
b 9068
b 9069
b 9070
b 9071
b 9072
b 9073
b 9074
b 9075
b 9076
b 9077
b 9078
b 9079
b 9080
b 9081
b 9082
b 9083
b 9084
b 9085
b 9086
b 9087
b 9088
b 9089
b 9090
b 9091
b 9092
b 9093
b 9094
b 9095
b 9096
b 9097
b 9098
b 9099
b 9100
b 9101
b 9102
b 9103
b 9104
b 9105
b 9106
b 9107
b 9108
b 9109
b 9110
b 9111
b 9112
b 9113
b 9114
b 9115
b 9116
b 9117
b 9118
b 9119
b 9120
b 9121
b 9122
b 9123
b 9124
b 9125
b 9126
b 9127
b 9128
b 9129
b 9130
b 9131
b 9132
b 9133
b 9134
b 9135
b 9136
b 9137
b 9138
b 9139
b 9140
b 9141
b 9142
b 9143
b 9144
b 9145
b 9146
b 9147
b 9148
b 9149
b 9150
b 9151
b 9152
b 9153
b 9154
b 9155
b 9156
b 9157
b 9158
b 9159
b 9160
b 9161
b 9162
b 9163
b 9164
b 9165
b 9166
b 9167
b 9168
b 9169
b 9170
b 9171
b 9172
b 9173
b 9174
b 9175
b 9176
b 9177
b 9178
b 9179
b 9180
b 9181
b 9182
b 9183
b 9184
b 9185
b 9186
b 9187
b 9188
b 9189
b 9190
b 9191
b 9192
b 9193
b 9194
b 9195
b 9196
b 9197
b 9198
b 9199
b 9200
b 9201
b 9202
b 9203
b 9204
b 9205
b 9206
b 9207
b 9208
b 9209
b 9210
b 9211
b 9212
b 9213
b 9214
b 9215
b 9216
b 9217
b 9218
b 9219
b 9220
b 9221
b 9222
b 9223
b 9224
b 9225
b 9226
b 9227
b 9228
b 9229
b 9230
b 9231
b 9232
b 9233
b 9234
b 9235
b 9236
b 9237
b 9238
b 9239
b 9240
b 9241
b 9242
b 9243
b 9244
b 9245
b 9246
b 9247
b 9248
b 9249
b 9250
b 9251
b 9252
b 9253
b 9254
b 9255
b 9256
b 9257
b 9258
b 9259
b 9260
b 9261
b 9262
b 9263
b 9264
b 9265
b 9266
b 9267
b 9268
b 9269
b 9270
b 9271
b 9272
b 9273
b 9274
b 9275
b 9276
b 9277
b 9278
b 9279
b 9280
b 9281
b 9282
b 9283
b 9284
b 9285
b 9286
b 9287
b 9288
b 9289
b 9290
b 9291
b 9292
b 9293
b 9294
b 9295
b 9296
b 9297
b 9298
b 9299
b 9300
b 9301
b 9302
b 9303
b 9304
b 9305
b 9306
b 9307
b 9308
b 9309
b 9310
b 9311
b 9312
b 9313
b 9314
b 9315
b 9316
b 9317
b 9318
b 9319
b 9320
b 9321
b 9322
b 9323
b 9324
b 9325
b 9326
b 9327
b 9328
b 9329
b 9330
b 9331
b 9332
b 9333
b 9334
b 9335
b 9336
b 9337
b 9338
b 9339
b 9340
b 9341
b 9342
b 9343
b 9344
b 9345
b 9346
b 9347
b 9348
b 9349
b 9350
b 9351
b 9352
b 9353
b 9354
b 9355
b 9356
b 9357
b 9358
b 9359
b 9360
b 9361
b 9362
b 9363
b 9364
b 9365
b 9366
b 9367
b 9368
b 9369
b 9370
b 9371
b 9372
b 9373
b 9374
b 9375
b 9376
b 9377
b 9378
b 9379
b 9380
b 9381
b 9382
b 9383
b 9384
b 9385
b 9386
b 9387
b 9388
b 9389
b 9390
b 9391
b 9392
b 9393
b 9394
b 9395
b 9396
b 9397
b 9398
b 9399
b 9400
b 9401
b 9402
b 9403
b 9404
b 9405
b 9406
b 9407
b 9408
b 9409
b 9410
b 9411
b 9412
b 9413
b 9414
b 9415
b 9416
b 9417
b 9418
b 9419
b 9420
b 9421
b 9422
b 9423
b 9424
b 9425
b 9426
b 9427
b 9428
b 9429
b 9430
b 9431
b 9432
b 9433
b 9434
b 9435
b 9436
b 9437
b 9438
b 9439
b 9440
b 9441
b 9442
b 9443
b 9444
b 9445
b 9446
b 9447
b 9448
b 9449
b 9450
b 9451
b 9452
b 9453
b 9454
b 9455
b 9456
b 9457
b 9458
b 9459
b 9460
b 9461
b 9462
b 9463
b 9464
b 9465
b 9466
b 9467
b 9468
b 9469
b 9470
b 9471
b 9472
b 9473
b 9474
b 9475
b 9476
b 9477
b 9478
b 9479
b 9480
b 9481
b 9482
b 9483
b 9484
b 9485
b 9486
b 9487
b 9488
b 9489
b 9490
b 9491
b 9492
b 9493
b 9494
b 9495
b 9496
b 9497
b 9498
b 9499
b 9500
b 9501
b 9502
b 9503
b 9504
b 9505
b 9506
b 9507
b 9508
b 9509
b 9510
b 9511
b 9512
b 9513
b 9514
b 9515
b 9516
b 9517
b 9518
b 9519
b 9520
b 9521
b 9522
b 9523
b 9524
b 9525
b 9526
b 9527
b 9528
b 9529
b 9530
b 9531
b 9532
b 9533
b 9534
b 9535
b 9536
b 9537
b 9538
b 9539
b 9540
b 9541
b 9542
b 9543
b 9544
b 9545
b 9546
b 9547
b 9548
b 9549
b 9550
b 9551
b 9552
b 9553
b 9554
b 9555
b 9556
b 9557
b 9558
b 9559
b 9560
b 9561
b 9562
b 9563
b 9564
b 9565
b 9566
b 9567
b 9568
b 9569
b 9570
b 9571
b 9572
b 9573
b 9574
b 9575
b 9576
b 9577
b 9578
b 9579
b 9580
b 9581
b 9582
b 9583
b 9584
b 9585
b 9586
b 9587
b 9588
b 9589
b 9590
b 9591
b 9592
b 9593
b 9594
b 9595
b 9596
b 9597
b 9598
b 9599
b 9600
b 9601
b 9602
b 9603
b 9604
b 9605
b 9606
b 9607
b 9608
d 1 8793
d 1 8794
d 1 8795
d 1 8796
d 1 8797
d 1 8798
d 1 8799
d 1 8800
d 1 8801
d 1 8802
d 1 8803
d 1 8804
d 1 8805
d 1 8806
d 1 8807
d 1 8808
b 9609
b 9610
b 9611
b 9612
b 9613
b 9614
b 9615
b 9616
b 9617
b 9618
b 9619
b 9620
b 9621
b 9622
b 9623
b 9624
d 1 8809
d 1 8810
d 1 8811
d 1 8812
d 1 8813
d 1 8814
d 1 8815
d 1 8816
d 1 8817
d 1 8818
d 1 8819
d 1 8820
d 1 8821
d 1 8822
d 1 8823
d 1 8824
d 1 8825
d 1 8826
d 1 8827
d 1 8828
d 1 8829
d 1 8830
d 1 8831
d 1 8832
d 1 8833
d 1 8834
d 1 8835
d 1 8836
d 1 8837
d 1 8838
d 1 8839
d 1 8840
d 1 8841
d 1 8842
d 1 8843
d 1 8844
d 1 8845
d 1 8846
d 1 8847
d 1 8848
d 1 8849
d 1 8850
d 1 8851
d 1 8852
d 1 8853
d 1 8854
d 1 8855
d 1 8856
d 1 8857
d 1 8858
d 1 8859
d 1 8860
d 1 8861
d 1 8862
d 1 8863
d 1 8864
d 1 8865
d 1 8866
d 1 8867
d 1 8868
d 1 8869
d 1 8870
d 1 8871
d 1 8872
d 1 8873
d 1 8874
d 1 8875
d 1 8876
d 1 8877
d 1 8878
d 1 8879
d 1 8880
d 1 8881
d 1 8882
d 1 8883
d 1 8884
d 1 8885
d 1 8886
d 1 8887
d 1 8888
d 1 8889
d 1 8890
d 1 8891
d 1 8892
d 1 8893
d 1 8894
d 1 8895
d 1 8896
d 1 8897
d 1 8898
d 1 8899
d 1 8900
d 1 8901
d 1 8902
d 1 8903
d 1 8904
d 1 8905
d 1 8906
d 1 8907
d 1 8908
d 1 8909
d 1 8910
d 1 8911
d 1 8912
d 1 8913
d 1 8914
d 1 8915
d 1 8916
d 1 8917
d 1 8918
d 1 8919
d 1 8920
d 1 8921
d 1 8922
d 1 8923
d 1 8924
d 1 8925
d 1 8926
d 1 8927
d 1 8928
d 1 8929
d 1 8930
d 1 8931
d 1 8932
d 1 8933
d 1 8934
d 1 8935
d 1 8936
d 1 8937
d 1 8938
d 1 8939
d 1 8940
d 1 8941
d 1 8942
d 1 8943
d 1 8944
d 1 8945
d 1 8946
d 1 8947
d 1 8948
d 1 8949
d 1 8950
d 1 8951
d 1 8952
d 1 8953
d 1 8954
d 1 8955
d 1 8956
d 1 8957
d 1 8958
d 1 8959
d 1 8960
d 1 8961
d 1 8962
d 1 8963
d 1 8964
d 1 8965
d 1 8966
d 1 8967
d 1 8968
d 1 8969
d 1 8970
d 1 8971
d 1 8972
d 1 8973
d 1 8974
d 1 8975
d 1 8976
d 1 8977
d 1 8978
d 1 8979
d 1 8980
d 1 8981
d 1 8982
d 1 8983
d 1 8984
d 1 8985
d 1 8986
d 1 8987
d 1 8988
d 1 8989
d 1 8990
d 1 8991
d 1 8992
d 1 8993
d 1 8994
d 1 8995
d 1 8996
d 1 8997
d 1 8998
d 1 8999
d 1 9000
d 1 9001
d 1 9002
d 1 9003
d 1 9004
d 1 9005
d 1 9006
d 1 9007
d 1 9008
d 1 9009
d 1 9010
d 1 9011
d 1 9012
d 1 9013
d 1 9014
d 1 9015
d 1 9016
d 1 9017
d 1 9018
d 1 9019
d 1 9020
d 1 9021
d 1 9022
d 1 9023
d 1 9024
d 1 9025
d 1 9026
d 1 9027
d 1 9028
d 1 9029
d 1 9030
d 1 9031
d 1 9032
d 1 9033
d 1 9034
d 1 9035
d 1 9036
d 1 9037
d 1 9038
d 1 9039
d 1 9040
d 1 9041
d 1 9042
d 1 9043
d 1 9044
d 1 9045
d 1 9046
d 1 9047
d 1 9048
d 1 9049
d 1 9050
d 1 9051
d 1 9052
d 1 9053
d 1 9054
d 1 9055
d 1 9056
d 1 9057
d 1 9058
d 1 9059
d 1 9060
d 1 9061
d 1 9062
d 1 9063
d 1 9064
d 1 9065
d 1 9066
d 1 9067
d 1 9068
d 1 9069
d 1 9070
d 1 9071
d 1 9072
d 1 9073
d 1 9074
d 1 9075
d 1 9076
d 1 9077
d 1 9078
d 1 9079
d 1 9080
d 1 9081
d 1 9082
d 1 9083
d 1 9084
d 1 9085
d 1 9086
d 1 9087
d 1 9088
d 1 9089
d 1 9090
d 1 9091
d 1 9092
d 1 9093
d 1 9094
d 1 9095
d 1 9096
d 1 9097
d 1 9098
d 1 9099
d 1 9100
d 1 9101
d 1 9102
d 1 9103
d 1 9104
d 1 9105
d 1 9106
d 1 9107
d 1 9108
d 1 9109
d 1 9110
d 1 9111
d 1 9112
d 1 9113
d 1 9114
d 1 9115
d 1 9116
d 1 9117
d 1 9118
d 1 9119
d 1 9120
d 1 9121
d 1 9122
d 1 9123
d 1 9124
d 1 9125
d 1 9126
d 1 9127
d 1 9128
d 1 9129
d 1 9130
d 1 9131
d 1 9132
d 1 9133
d 1 9134
d 1 9135
d 1 9136
d 1 9137
d 1 9138
d 1 9139
d 1 9140
d 1 9141
d 1 9142
d 1 9143
d 1 9144
d 1 9145
d 1 9146
d 1 9147
d 1 9148
d 1 9149
d 1 9150
d 1 9151
d 1 9152
d 1 9153
d 1 9154
d 1 9155
d 1 9156
d 1 9157
d 1 9158
d 1 9159
d 1 9160
d 1 9161
d 1 9162
d 1 9163
d 1 9164
d 1 9165
d 1 9166
d 1 9167
d 1 9168
d 1 9169
d 1 9170
d 1 9171
d 1 9172
d 1 9173
d 1 9174
d 1 9175
d 1 9176
d 1 9177
d 1 9178
d 1 9179
d 1 9180
d 1 9181
d 1 9182
d 1 9183
d 1 9184
d 1 9185
d 1 9186
d 1 9187
d 1 9188
d 1 9189
d 1 9190
d 1 9191
d 1 9192
d 1 9193
d 1 9194
d 1 9195
d 1 9196
d 1 9197
d 1 9198
d 1 9199
d 1 9200
d 1 9201
d 1 9202
d 1 9203
d 1 9204
d 1 9205
d 1 9206
d 1 9207
d 1 9208
d 1 9209
d 1 9210
d 1 9211
d 1 9212
d 1 9213
d 1 9214
d 1 9215
d 1 9216
d 1 9217
d 1 9218
d 1 9219
d 1 9220
d 1 9221
d 1 9222
d 1 9223
d 1 9224
d 1 9225
d 1 9226
d 1 9227
d 1 9228
d 1 9229
d 1 9230
d 1 9231
d 1 9232
d 1 9233
d 1 9234
d 1 9235
d 1 9236
d 1 9237
d 1 9238
d 1 9239
d 1 9240
d 1 9241
d 1 9242
d 1 9243
d 1 9244
d 1 9245
d 1 9246
d 1 9247
d 1 9248
d 1 9249
d 1 9250
d 1 9251
d 1 9252
d 1 9253
d 1 9254
d 1 9255
d 1 9256
d 1 9257
d 1 9258
d 1 9259
d 1 9260
d 1 9261
d 1 9262
d 1 9263
d 1 9264
d 1 9265
d 1 9266
d 1 9267
d 1 9268
d 1 9269
d 1 9270
d 1 9271
d 1 9272
d 1 9273
d 1 9274
d 1 9275
d 1 9276
d 1 9277
d 1 9278
d 1 9279
d 1 9280
d 1 9281
d 1 9282
d 1 9283
d 1 9284
d 1 9285
d 1 9286
d 1 9287
d 1 9288
d 1 9289
d 1 9290
d 1 9291
d 1 9292
d 1 9293
d 1 9294
d 1 9295
d 1 9296
d 1 9297
d 1 9298
d 1 9299
d 1 9300
d 1 9301
d 1 9302
d 1 9303
d 1 9304
d 1 9305
d 1 9306
d 1 9307
d 1 9308
d 1 9309
d 1 9310
d 1 9311
d 1 9312
d 1 9313
d 1 9314
d 1 9315
d 1 9316
d 1 9317
d 1 9318
d 1 9319
d 1 9320
d 1 9321
d 1 9322
d 1 9323
d 1 9324
d 1 9325
d 1 9326
d 1 9327
d 1 9328
d 1 9329
d 1 9330
d 1 9331
d 1 9332
d 1 9333
d 1 9334
d 1 9335
d 1 9336
d 1 9337
d 1 9338
d 1 9339
d 1 9340
d 1 9341
d 1 9342
d 1 9343
d 1 9344
d 1 9345
d 1 9346
d 1 9347
d 1 9348
d 1 9349
d 1 9350
d 1 9351
d 1 9352
d 1 9353
d 1 9354
d 1 9355
d 1 9356
d 1 9357
d 1 9358
d 1 9359
d 1 9360
d 1 9361
d 1 9362
d 1 9363
d 1 9364
d 1 9365
d 1 9366
d 1 9367
d 1 9368
d 1 9369
d 1 9370
d 1 9371
d 1 9372
d 1 9373
d 1 9374
d 1 9375
d 1 9376
d 1 9377
d 1 9378
d 1 9379
d 1 9380
d 1 9381
d 1 9382
d 1 9383
d 1 9384
d 1 9385
d 1 9386
d 1 9387
d 1 9388
d 1 9389
d 1 9390
d 1 9391
d 1 9392
d 1 9393
d 1 9394
d 1 9395
d 1 9396
d 1 9397
d 1 9398
d 1 9399
d 1 9400
d 1 9401
d 1 9402
d 1 9403
d 1 9404
d 1 9405
d 1 9406
d 1 9407
d 1 9408
d 1 9409
d 1 9410
d 1 9411
d 1 9412
d 1 9413
d 1 9414
d 1 9415
d 1 9416
d 1 9417
d 1 9418
d 1 9419
d 1 9420
d 1 9421
d 1 9422
d 1 9423
d 1 9424
d 1 9425
d 1 9426
d 1 9427
d 1 9428
d 1 9429
d 1 9430
d 1 9431
d 1 9432
d 1 9433
d 1 9434
d 1 9435
d 1 9436
d 1 9437
d 1 9438
d 1 9439
d 1 9440
d 1 9441
d 1 9442
d 1 9443
d 1 9444
d 1 9445
d 1 9446
d 1 9447
d 1 9448
d 1 9449
d 1 9450
d 1 9451
d 1 9452
d 1 9453
d 1 9454
d 1 9455
d 1 9456
d 1 9457
d 1 9458
d 1 9459
d 1 9460
d 1 9461
d 1 9462
d 1 9463
d 1 9464
d 1 9465
d 1 9466
d 1 9467
d 1 9468
d 1 9469
d 1 9470
d 1 9471
d 1 9472
d 1 9473
d 1 9474
d 1 9475
d 1 9476
d 1 9477
d 1 9478
d 1 9479
d 1 9480
d 1 9481
d 1 9482
d 1 9483
d 1 9484
d 1 9485
d 1 9486
d 1 9487
d 1 9488
b 9625
b 9626
b 9627
b 9628
b 9629
b 9630
b 9631
b 9632
b 9633
b 9634
b 9635
b 9636
b 9637
b 9638
b 9639
b 9640
b 9641
b 9642
b 9643
b 9644
b 9645
b 9646
b 9647
b 9648
b 9649
b 9650
b 9651
b 9652
b 9653
b 9654
b 9655
b 9656
b 9657
b 9658
b 9659
b 9660
b 9661
b 9662
b 9663
b 9664
b 9665
b 9666
b 9667
b 9668
b 9669
b 9670
b 9671
b 9672
b 9673
b 9674
b 9675
b 9676
b 9677
b 9678
b 9679
b 9680
b 9681
b 9682
b 9683
b 9684
b 9685
b 9686
b 9687
b 9688
b 9689
b 9690
b 9691
b 9692
b 9693
b 9694
b 9695
b 9696
b 9697
b 9698
b 9699
b 9700
b 9701
b 9702
b 9703
b 9704
b 9705
b 9706
b 9707
b 9708
b 9709
b 9710
b 9711
b 9712
b 9713
b 9714
b 9715
b 9716
b 9717
b 9718
b 9719
b 9720
b 9721
b 9722
b 9723
b 9724
b 9725
b 9726
b 9727
b 9728
b 9729
b 9730
b 9731
b 9732
b 9733
b 9734
b 9735
b 9736
b 9737
b 9738
b 9739
b 9740
b 9741
b 9742
b 9743
b 9744
b 9745
b 9746
b 9747
b 9748
b 9749
b 9750
b 9751
b 9752
b 9753
b 9754
b 9755
b 9756
b 9757
b 9758
b 9759
b 9760
b 9761
b 9762
b 9763
b 9764
b 9765
b 9766
b 9767
b 9768
b 9769
b 9770
b 9771
b 9772
b 9773
b 9774
b 9775
b 9776
b 9777
b 9778
b 9779
b 9780
b 9781
b 9782
b 9783
b 9784
b 9785
b 9786
b 9787
b 9788
b 9789
b 9790
b 9791
b 9792
b 9793
b 9794
b 9795
b 9796
b 9797
b 9798
b 9799
b 9800
b 9801
b 9802
b 9803
b 9804
b 9805
b 9806
b 9807
b 9808
b 9809
b 9810
b 9811
b 9812
b 9813
b 9814
b 9815
b 9816
b 9817
b 9818
b 9819
b 9820
b 9821
b 9822
b 9823
b 9824
b 9825
b 9826
b 9827
b 9828
b 9829
b 9830
b 9831
b 9832
b 9833
b 9834
b 9835
b 9836
b 9837
b 9838
b 9839
b 9840
b 9841
b 9842
b 9843
b 9844
b 9845
b 9846
b 9847
b 9848
b 9849
b 9850
b 9851
b 9852
b 9853
b 9854
b 9855
b 9856
b 9857
b 9858
b 9859
b 9860
b 9861
b 9862
b 9863
b 9864
b 9865
b 9866
b 9867
b 9868
b 9869
b 9870
b 9871
b 9872
b 9873
b 9874
b 9875
b 9876
b 9877
b 9878
b 9879
b 9880
b 9881
b 9882
b 9883
b 9884
b 9885
b 9886
b 9887
b 9888
b 9889
b 9890
b 9891
b 9892
b 9893
b 9894
b 9895
b 9896
b 9897
b 9898
b 9899
b 9900
b 9901
b 9902
b 9903
b 9904
b 9905
b 9906
b 9907
b 9908
b 9909
b 9910
b 9911
b 9912
b 9913
b 9914
b 9915
b 9916
b 9917
b 9918
b 9919
b 9920
b 9921
b 9922
b 9923
b 9924
b 9925
b 9926
b 9927
b 9928
b 9929
b 9930
b 9931
b 9932
b 9933
b 9934
b 9935
b 9936
b 9937
b 9938
b 9939
b 9940
b 9941
b 9942
b 9943
b 9944
b 9945
b 9946
b 9947
b 9948
b 9949
b 9950
b 9951
b 9952
b 9953
b 9954
b 9955
b 9956
b 9957
b 9958
b 9959
b 9960
b 9961
b 9962
b 9963
b 9964
b 9965
b 9966
b 9967
b 9968
b 9969
b 9970
b 9971
b 9972
b 9973
b 9974
b 9975
b 9976
b 9977
b 9978
b 9979
b 9980
b 9981
b 9982
b 9983
b 9984
b 9985
b 9986
b 9987
b 9988
b 9989
b 9990
b 9991
b 9992
b 9993
b 9994
b 9995
b 9996
b 9997
b 9998
b 9999
b 10000
b 10001
b 10002
b 10003
b 10004
b 10005
b 10006
b 10007
b 10008
b 10009
b 10010
b 10011
b 10012
b 10013
b 10014
b 10015
b 10016
b 10017
b 10018
b 10019
b 10020
b 10021
b 10022
b 10023
b 10024
b 10025
b 10026
b 10027
b 10028
b 10029
b 10030
b 10031
b 10032
b 10033
b 10034
b 10035
b 10036
b 10037
b 10038
b 10039
b 10040
b 10041
b 10042
b 10043
b 10044
b 10045
b 10046
b 10047
b 10048
b 10049
b 10050
b 10051
b 10052
b 10053
b 10054
b 10055
b 10056
b 10057
b 10058
b 10059
b 10060
b 10061
b 10062
b 10063
b 10064
b 10065
b 10066
b 10067
b 10068
b 10069
b 10070
b 10071
b 10072
b 10073
b 10074
b 10075
b 10076
b 10077
b 10078
b 10079
b 10080
b 10081
b 10082
b 10083
b 10084
b 10085
b 10086
b 10087
b 10088
b 10089
b 10090
b 10091
b 10092
b 10093
b 10094
b 10095
b 10096
b 10097
b 10098
b 10099
b 10100
b 10101
b 10102
b 10103
b 10104
b 10105
b 10106
b 10107
b 10108
b 10109
b 10110
b 10111
b 10112
b 10113
b 10114
b 10115
b 10116
b 10117
b 10118
b 10119
b 10120
b 10121
b 10122
b 10123
b 10124
b 10125
b 10126
b 10127
b 10128
b 10129
b 10130
b 10131
b 10132
b 10133
b 10134
b 10135
b 10136
b 10137
b 10138
b 10139
b 10140
b 10141
b 10142
b 10143
b 10144
b 10145
b 10146
b 10147
b 10148
b 10149
b 10150
b 10151
b 10152
b 10153
b 10154
b 10155
b 10156
b 10157
b 10158
b 10159
b 10160
b 10161
b 10162
b 10163
b 10164
b 10165
b 10166
b 10167
b 10168
b 10169
b 10170
b 10171
b 10172
b 10173
b 10174
b 10175
b 10176
b 10177
b 10178
b 10179
b 10180
b 10181
b 10182
b 10183
b 10184
b 10185
b 10186
b 10187
b 10188
b 10189
b 10190
b 10191
b 10192
b 10193
b 10194
b 10195
b 10196
b 10197
b 10198
b 10199
b 10200
b 10201
b 10202
b 10203
b 10204
b 10205
b 10206
b 10207
b 10208
b 10209
b 10210
b 10211
b 10212
b 10213
b 10214
b 10215
b 10216
b 10217
b 10218
b 10219
b 10220
b 10221
b 10222
b 10223
b 10224
b 10225
b 10226
b 10227
b 10228
b 10229
b 10230
b 10231
b 10232
b 10233
b 10234
b 10235
b 10236
b 10237
b 10238
b 10239
b 10240
b 10241
b 10242
b 10243
b 10244
b 10245
b 10246
b 10247
b 10248
b 10249
b 10250
b 10251
b 10252
b 10253
b 10254
b 10255
b 10256
b 10257
b 10258
b 10259
b 10260
b 10261
b 10262
b 10263
b 10264
b 10265
b 10266
b 10267
b 10268
b 10269
b 10270
b 10271
b 10272
b 10273
b 10274
b 10275
b 10276
b 10277
b 10278
b 10279
b 10280
b 10281
b 10282
b 10283
b 10284
b 10285
b 10286
b 10287
b 10288
b 10289
b 10290
b 10291
b 10292
b 10293
b 10294
b 10295
b 10296
b 10297
b 10298
b 10299
b 10300
b 10301
b 10302
b 10303
b 10304
d 1 9489
d 1 9490
d 1 9491
d 1 9492
d 1 9493
d 1 9494
d 1 9495
d 1 9496
d 1 9497
d 1 9498
d 1 9499
d 1 9500
d 1 9501
d 1 9502
d 1 9503
d 1 9504
d 1 9505
d 1 9506
d 1 9507
d 1 9508
d 1 9509
d 1 9510
d 1 9511
d 1 9512
d 1 9513
d 1 9514
d 1 9515
d 1 9516
d 1 9517
d 1 9518
d 1 9519
d 1 9520
d 1 9521
d 1 9522
d 1 9523
d 1 9524
d 1 9525
d 1 9526
d 1 9527
d 1 9528
d 1 9529
d 1 9530
d 1 9531
d 1 9532
d 1 9533
d 1 9534
d 1 9535
d 1 9536
d 1 9537
d 1 9538
d 1 9539
d 1 9540
d 1 9541
d 1 9542
d 1 9543
d 1 9544
d 1 9545
d 1 9546
d 1 9547
d 1 9548
d 1 9549
d 1 9550
d 1 9551
d 1 9552
d 1 9553
d 1 9554
d 1 9555
d 1 9556
d 1 9557
d 1 9558
d 1 9559
d 1 9560
d 1 9561
d 1 9562
d 1 9563
d 1 9564
d 1 9565
d 1 9566
d 1 9567
d 1 9568
d 1 9569
d 1 9570
d 1 9571
d 1 9572
d 1 9573
d 1 9574
d 1 9575
d 1 9576
d 1 9577
d 1 9578
d 1 9579
d 1 9580
d 1 9581
d 1 9582
d 1 9583
d 1 9584
d 1 9585
d 1 9586
d 1 9587
d 1 9588
d 1 9589
d 1 9590
d 1 9591
d 1 9592
d 1 9593
d 1 9594
d 1 9595
d 1 9596
d 1 9597
d 1 9598
d 1 9599
d 1 9600
d 1 9601
d 1 9602
d 1 9603
d 1 9604
d 1 9605
d 1 9606
d 1 9607
d 1 9608
d 1 9609
d 1 9610
d 1 9611
d 1 9612
d 1 9613
d 1 9614
d 1 9615
d 1 9616
d 1 9617
d 1 9618
d 1 9619
d 1 9620
d 1 9621
d 1 9622
d 1 9623
d 1 9624
d 1 9625
d 1 9626
d 1 9627
d 1 9628
d 1 9629
d 1 9630
d 1 9631
d 1 9632
b 10305
b 10306
b 10307
b 10308
b 10309
b 10310
b 10311
b 10312
b 10313
b 10314
b 10315
b 10316
b 10317
b 10318
b 10319
b 10320
b 10321
b 10322
b 10323
b 10324
b 10325
b 10326
b 10327
b 10328
b 10329
b 10330
b 10331
b 10332
b 10333
b 10334
b 10335
b 10336
b 10337
b 10338
b 10339
b 10340
b 10341
b 10342
b 10343
b 10344
b 10345
b 10346
b 10347
b 10348
b 10349
b 10350
b 10351
b 10352
b 10353
b 10354
b 10355
b 10356
b 10357
b 10358
b 10359
b 10360
b 10361
b 10362
b 10363
b 10364
b 10365
b 10366
b 10367
b 10368
b 10369
b 10370
b 10371
b 10372
b 10373
b 10374
b 10375
b 10376
b 10377
b 10378
b 10379
b 10380
b 10381
b 10382
b 10383
b 10384
b 10385
b 10386
b 10387
b 10388
b 10389
b 10390
b 10391
b 10392
b 10393
b 10394
b 10395
b 10396
b 10397
b 10398
b 10399
b 10400
b 10401
b 10402
b 10403
b 10404
b 10405
b 10406
b 10407
b 10408
b 10409
b 10410
b 10411
b 10412
b 10413
b 10414
b 10415
b 10416
b 10417
b 10418
b 10419
b 10420
b 10421
b 10422
b 10423
b 10424
b 10425
b 10426
b 10427
b 10428
b 10429
b 10430
b 10431
b 10432
b 10433
b 10434
b 10435
b 10436
b 10437
b 10438
b 10439
b 10440
b 10441
b 10442
b 10443
b 10444
b 10445
b 10446
b 10447
b 10448
d 1 9633
d 1 9634
d 1 9635
d 1 9636
d 1 9637
d 1 9638
d 1 9639
d 1 9640
b 10449
b 10450
b 10451
b 10452
b 10453
b 10454
b 10455
b 10456
d 1 9641
d 1 9642
d 1 9643
d 1 9644
d 1 9645
d 1 9646
d 1 9647
d 1 9648
d 1 9649
d 1 9650
d 1 9651
d 1 9652
d 1 9653
d 1 9654
d 1 9655
d 1 9656
b 10457
b 10458
b 10459
b 10460
b 10461
b 10462
b 10463
b 10464
b 10465
b 10466
b 10467
b 10468
b 10469
b 10470
b 10471
b 10472
d 1 9657
d 1 9658
d 1 9659
d 1 9660
d 1 9661
d 1 9662
d 1 9663
d 1 9664
d 1 9665
d 1 9666
d 1 9667
d 1 9668
d 1 9669
d 1 9670
d 1 9671
d 1 9672
b 10473
b 10474
b 10475
b 10476
b 10477
b 10478
b 10479
b 10480
b 10481
b 10482
b 10483
b 10484
b 10485
b 10486
b 10487
b 10488
d 1 9673
d 1 9674
d 1 9675
d 1 9676
d 1 9677
d 1 9678
d 1 9679
d 1 9680
b 10489
b 10490
b 10491
b 10492
b 10493
b 10494
b 10495
b 10496
d 1 9681
d 1 9682
d 1 9683
d 1 9684
d 1 9685
d 1 9686
d 1 9687
d 1 9688
d 1 9689
d 1 9690
d 1 9691
d 1 9692
d 1 9693
d 1 9694
d 1 9695
d 1 9696
d 1 9697
d 1 9698
d 1 9699
d 1 9700
d 1 9701
d 1 9702
d 1 9703
d 1 9704
d 1 9705
d 1 9706
d 1 9707
d 1 9708
d 1 9709
d 1 9710
d 1 9711
d 1 9712
d 1 9713
d 1 9714
d 1 9715
d 1 9716
d 1 9717
d 1 9718
d 1 9719
d 1 9720
d 1 9721
d 1 9722
d 1 9723
d 1 9724
d 1 9725
d 1 9726
d 1 9727
d 1 9728
d 1 9729
d 1 9730
d 1 9731
d 1 9732
d 1 9733
d 1 9734
d 1 9735
d 1 9736
d 1 9737
d 1 9738
d 1 9739
d 1 9740
d 1 9741
d 1 9742
d 1 9743
d 1 9744
d 1 9745
d 1 9746
d 1 9747
d 1 9748
d 1 9749
d 1 9750
d 1 9751
d 1 9752
d 1 9753
d 1 9754
d 1 9755
d 1 9756
d 1 9757
d 1 9758
d 1 9759
d 1 9760
d 1 9761
d 1 9762
d 1 9763
d 1 9764
d 1 9765
d 1 9766
d 1 9767
d 1 9768
d 1 9769
d 1 9770
d 1 9771
d 1 9772
d 1 9773
d 1 9774
d 1 9775
d 1 9776
d 1 9777
d 1 9778
d 1 9779
d 1 9780
d 1 9781
d 1 9782
d 1 9783
d 1 9784
d 1 9785
d 1 9786
d 1 9787
d 1 9788
d 1 9789
d 1 9790
d 1 9791
d 1 9792
d 1 9793
d 1 9794
d 1 9795
d 1 9796
d 1 9797
d 1 9798
d 1 9799
d 1 9800
d 1 9801
d 1 9802
d 1 9803
d 1 9804
d 1 9805
d 1 9806
d 1 9807
d 1 9808
d 1 9809
d 1 9810
d 1 9811
d 1 9812
d 1 9813
d 1 9814
d 1 9815
d 1 9816
d 1 9817
d 1 9818
d 1 9819
d 1 9820
d 1 9821
d 1 9822
d 1 9823
d 1 9824
d 1 9825
d 1 9826
d 1 9827
d 1 9828
d 1 9829
d 1 9830
d 1 9831
d 1 9832
d 1 9833
d 1 9834
d 1 9835
d 1 9836
d 1 9837
d 1 9838
d 1 9839
d 1 9840
d 1 9841
d 1 9842
d 1 9843
d 1 9844
d 1 9845
d 1 9846
d 1 9847
d 1 9848
d 1 9849
d 1 9850
d 1 9851
d 1 9852
d 1 9853
d 1 9854
d 1 9855
d 1 9856
d 1 9857
d 1 9858
d 1 9859
d 1 9860
d 1 9861
d 1 9862
d 1 9863
d 1 9864
d 1 9865
d 1 9866
d 1 9867
d 1 9868
d 1 9869
d 1 9870
d 1 9871
d 1 9872
d 1 9873
d 1 9874
d 1 9875
d 1 9876
d 1 9877
d 1 9878
d 1 9879
d 1 9880
d 1 9881
d 1 9882
d 1 9883
d 1 9884
d 1 9885
d 1 9886
d 1 9887
d 1 9888
d 1 9889
d 1 9890
d 1 9891
d 1 9892
d 1 9893
d 1 9894
d 1 9895
d 1 9896
d 1 9897
d 1 9898
d 1 9899
d 1 9900
d 1 9901
d 1 9902
d 1 9903
d 1 9904
d 1 9905
d 1 9906
d 1 9907
d 1 9908
d 1 9909
d 1 9910
d 1 9911
d 1 9912
d 1 9913
d 1 9914
d 1 9915
d 1 9916
d 1 9917
d 1 9918
d 1 9919
d 1 9920
d 1 9921
d 1 9922
d 1 9923
d 1 9924
d 1 9925
d 1 9926
d 1 9927
d 1 9928
d 1 9929
d 1 9930
d 1 9931
d 1 9932
d 1 9933
d 1 9934
d 1 9935
d 1 9936
d 1 9937
d 1 9938
d 1 9939
d 1 9940
d 1 9941
d 1 9942
d 1 9943
d 1 9944
d 1 9945
d 1 9946
d 1 9947
d 1 9948
d 1 9949
d 1 9950
d 1 9951
d 1 9952
d 1 9953
d 1 9954
d 1 9955
d 1 9956
d 1 9957
d 1 9958
d 1 9959
d 1 9960
d 1 9961
d 1 9962
d 1 9963
d 1 9964
d 1 9965
d 1 9966
d 1 9967
d 1 9968
d 1 9969
d 1 9970
d 1 9971
d 1 9972
d 1 9973
d 1 9974
d 1 9975
d 1 9976
d 1 9977
d 1 9978
d 1 9979
d 1 9980
d 1 9981
d 1 9982
d 1 9983
d 1 9984
d 1 9985
d 1 9986
d 1 9987
d 1 9988
d 1 9989
d 1 9990
d 1 9991
d 1 9992
d 1 9993
d 1 9994
d 1 9995
d 1 9996
d 1 9997
d 1 9998
d 1 9999
d 1 10000
d 1 10001
d 1 10002
d 1 10003
d 1 10004
d 1 10005
d 1 10006
d 1 10007
d 1 10008
d 1 10009
d 1 10010
d 1 10011
d 1 10012
d 1 10013
d 1 10014
d 1 10015
d 1 10016
d 1 10017
d 1 10018
d 1 10019
d 1 10020
d 1 10021
d 1 10022
d 1 10023
d 1 10024
d 1 10025
d 1 10026
d 1 10027
d 1 10028
d 1 10029
d 1 10030
d 1 10031
d 1 10032
d 1 10033
d 1 10034
d 1 10035
d 1 10036
d 1 10037
d 1 10038
d 1 10039
d 1 10040
d 1 10041
d 1 10042
d 1 10043
d 1 10044
d 1 10045
d 1 10046
d 1 10047
d 1 10048
d 1 10049
d 1 10050
d 1 10051
d 1 10052
d 1 10053
d 1 10054
d 1 10055
d 1 10056
d 1 10057
d 1 10058
d 1 10059
d 1 10060
d 1 10061
d 1 10062
d 1 10063
d 1 10064
d 1 10065
d 1 10066
d 1 10067
d 1 10068
d 1 10069
d 1 10070
d 1 10071
d 1 10072
d 1 10073
d 1 10074
d 1 10075
d 1 10076
d 1 10077
d 1 10078
d 1 10079
d 1 10080
d 1 10081
d 1 10082
d 1 10083
d 1 10084
d 1 10085
d 1 10086
d 1 10087
d 1 10088
d 1 10089
d 1 10090
d 1 10091
d 1 10092
d 1 10093
d 1 10094
d 1 10095
d 1 10096
d 1 10097
d 1 10098
d 1 10099
d 1 10100
d 1 10101
d 1 10102
d 1 10103
d 1 10104
d 1 10105
d 1 10106
d 1 10107
d 1 10108
d 1 10109
d 1 10110
d 1 10111
d 1 10112
d 1 10113
d 1 10114
d 1 10115
d 1 10116
d 1 10117
d 1 10118
d 1 10119
d 1 10120
d 1 10121
d 1 10122
d 1 10123
d 1 10124
d 1 10125
d 1 10126
d 1 10127
d 1 10128
d 1 10129
d 1 10130
d 1 10131
d 1 10132
d 1 10133
d 1 10134
d 1 10135
d 1 10136
d 1 10137
d 1 10138
d 1 10139
d 1 10140
d 1 10141
d 1 10142
d 1 10143
d 1 10144
d 1 10145
d 1 10146
d 1 10147
d 1 10148
d 1 10149
d 1 10150
d 1 10151
d 1 10152
d 1 10153
d 1 10154
d 1 10155
d 1 10156
d 1 10157
d 1 10158
d 1 10159
d 1 10160
d 1 10161
d 1 10162
d 1 10163
d 1 10164
d 1 10165
d 1 10166
d 1 10167
d 1 10168
d 1 10169
d 1 10170
d 1 10171
d 1 10172
d 1 10173
d 1 10174
d 1 10175
d 1 10176
d 1 10177
d 1 10178
d 1 10179
d 1 10180
d 1 10181
d 1 10182
d 1 10183
d 1 10184
d 1 10185
d 1 10186
d 1 10187
d 1 10188
d 1 10189
d 1 10190
d 1 10191
d 1 10192
d 1 10193
d 1 10194
d 1 10195
d 1 10196
d 1 10197
d 1 10198
d 1 10199
d 1 10200
d 1 10201
d 1 10202
d 1 10203
d 1 10204
d 1 10205
d 1 10206
d 1 10207
d 1 10208
d 1 10209
d 1 10210
d 1 10211
d 1 10212
d 1 10213
d 1 10214
d 1 10215
d 1 10216
d 1 10217
d 1 10218
d 1 10219
d 1 10220
d 1 10221
d 1 10222
d 1 10223
d 1 10224
d 1 10225
d 1 10226
d 1 10227
d 1 10228
d 1 10229
d 1 10230
d 1 10231
d 1 10232
d 1 10233
d 1 10234
d 1 10235
d 1 10236
d 1 10237
d 1 10238
d 1 10239
d 1 10240
d 1 10241
d 1 10242
d 1 10243
d 1 10244
d 1 10245
d 1 10246
d 1 10247
d 1 10248
d 1 10249
d 1 10250
d 1 10251
d 1 10252
d 1 10253
d 1 10254
d 1 10255
d 1 10256
d 1 10257
d 1 10258
d 1 10259
d 1 10260
d 1 10261
d 1 10262
d 1 10263
d 1 10264
d 1 10265
d 1 10266
d 1 10267
d 1 10268
d 1 10269
d 1 10270
d 1 10271
d 1 10272
d 1 10273
d 1 10274
d 1 10275
d 1 10276
d 1 10277
d 1 10278
d 1 10279
d 1 10280
d 1 10281
d 1 10282
d 1 10283
d 1 10284
d 1 10285
d 1 10286
d 1 10287
d 1 10288
b 10497
b 10498
b 10499
b 10500
b 10501
b 10502
b 10503
b 10504
b 10505
b 10506
b 10507
b 10508
b 10509
b 10510
b 10511
b 10512
b 10513
b 10514
b 10515
b 10516
b 10517
b 10518
b 10519
b 10520
b 10521
b 10522
b 10523
b 10524
b 10525
b 10526
b 10527
b 10528
b 10529
b 10530
b 10531
b 10532
b 10533
b 10534
b 10535
b 10536
b 10537
b 10538
b 10539
b 10540
b 10541
b 10542
b 10543
b 10544
b 10545
b 10546
b 10547
b 10548
b 10549
b 10550
b 10551
b 10552
b 10553
b 10554
b 10555
b 10556
b 10557
b 10558
b 10559
b 10560
b 10561
b 10562
b 10563
b 10564
b 10565
b 10566
b 10567
b 10568
b 10569
b 10570
b 10571
b 10572
b 10573
b 10574
b 10575
b 10576
b 10577
b 10578
b 10579
b 10580
b 10581
b 10582
b 10583
b 10584
b 10585
b 10586
b 10587
b 10588
b 10589
b 10590
b 10591
b 10592
b 10593
b 10594
b 10595
b 10596
b 10597
b 10598
b 10599
b 10600
b 10601
b 10602
b 10603
b 10604
b 10605
b 10606
b 10607
b 10608
b 10609
b 10610
b 10611
b 10612
b 10613
b 10614
b 10615
b 10616
b 10617
b 10618
b 10619
b 10620
b 10621
b 10622
b 10623
b 10624
b 10625
b 10626
b 10627
b 10628
b 10629
b 10630
b 10631
b 10632
b 10633
b 10634
b 10635
b 10636
b 10637
b 10638
b 10639
b 10640
b 10641
b 10642
b 10643
b 10644
b 10645
b 10646
b 10647
b 10648
b 10649
b 10650
b 10651
b 10652
b 10653
b 10654
b 10655
b 10656
b 10657
b 10658
b 10659
b 10660
b 10661
b 10662
b 10663
b 10664
b 10665
b 10666
b 10667
b 10668
b 10669
b 10670
b 10671
b 10672
b 10673
b 10674
b 10675
b 10676
b 10677
b 10678
b 10679
b 10680
b 10681
b 10682
b 10683
b 10684
b 10685
b 10686
b 10687
b 10688
b 10689
b 10690
b 10691
b 10692
b 10693
b 10694
b 10695
b 10696
b 10697
b 10698
b 10699
b 10700
b 10701
b 10702
b 10703
b 10704
b 10705
b 10706
b 10707
b 10708
b 10709
b 10710
b 10711
b 10712
b 10713
b 10714
b 10715
b 10716
b 10717
b 10718
b 10719
b 10720
b 10721
b 10722
b 10723
b 10724
b 10725
b 10726
b 10727
b 10728
b 10729
b 10730
b 10731
b 10732
b 10733
b 10734
b 10735
b 10736
b 10737
b 10738
b 10739
b 10740
b 10741
b 10742
b 10743
b 10744
b 10745
b 10746
b 10747
b 10748
b 10749
b 10750
b 10751
b 10752
b 10753
b 10754
b 10755
b 10756
b 10757
b 10758
b 10759
b 10760
b 10761
b 10762
b 10763
b 10764
b 10765
b 10766
b 10767
b 10768
b 10769
b 10770
b 10771
b 10772
b 10773
b 10774
b 10775
b 10776
b 10777
b 10778
b 10779
b 10780
b 10781
b 10782
b 10783
b 10784
b 10785
b 10786
b 10787
b 10788
b 10789
b 10790
b 10791
b 10792
b 10793
b 10794
b 10795
b 10796
b 10797
b 10798
b 10799
b 10800
b 10801
b 10802
b 10803
b 10804
b 10805
b 10806
b 10807
b 10808
b 10809
b 10810
b 10811
b 10812
b 10813
b 10814
b 10815
b 10816
b 10817
b 10818
b 10819
b 10820
b 10821
b 10822
b 10823
b 10824
b 10825
b 10826
b 10827
b 10828
b 10829
b 10830
b 10831
b 10832
b 10833
b 10834
b 10835
b 10836
b 10837
b 10838
b 10839
b 10840
b 10841
b 10842
b 10843
b 10844
b 10845
b 10846
b 10847
b 10848
b 10849
b 10850
b 10851
b 10852
b 10853
b 10854
b 10855
b 10856
b 10857
b 10858
b 10859
b 10860
b 10861
b 10862
b 10863
b 10864
b 10865
b 10866
b 10867
b 10868
b 10869
b 10870
b 10871
b 10872
b 10873
b 10874
b 10875
b 10876
b 10877
b 10878
b 10879
b 10880
b 10881
b 10882
b 10883
b 10884
b 10885
b 10886
b 10887
b 10888
b 10889
b 10890
b 10891
b 10892
b 10893
b 10894
b 10895
b 10896
b 10897
b 10898
b 10899
b 10900
b 10901
b 10902
b 10903
b 10904
b 10905
b 10906
b 10907
b 10908
b 10909
b 10910
b 10911
b 10912
b 10913
b 10914
b 10915
b 10916
b 10917
b 10918
b 10919
b 10920
b 10921
b 10922
b 10923
b 10924
b 10925
b 10926
b 10927
b 10928
b 10929
b 10930
b 10931
b 10932
b 10933
b 10934
b 10935
b 10936
b 10937
b 10938
b 10939
b 10940
b 10941
b 10942
b 10943
b 10944
b 10945
b 10946
b 10947
b 10948
b 10949
b 10950
b 10951
b 10952
b 10953
b 10954
b 10955
b 10956
b 10957
b 10958
b 10959
b 10960
b 10961
b 10962
b 10963
b 10964
b 10965
b 10966
b 10967
b 10968
b 10969
b 10970
b 10971
b 10972
b 10973
b 10974
b 10975
b 10976
b 10977
b 10978
b 10979
b 10980
b 10981
b 10982
b 10983
b 10984
b 10985
b 10986
b 10987
b 10988
b 10989
b 10990
b 10991
b 10992
b 10993
b 10994
b 10995
b 10996
b 10997
b 10998
b 10999
b 11000
b 11001
b 11002
b 11003
b 11004
b 11005
b 11006
b 11007
b 11008
b 11009
b 11010
b 11011
b 11012
b 11013
b 11014
b 11015
b 11016
b 11017
b 11018
b 11019
b 11020
b 11021
b 11022
b 11023
b 11024
b 11025
b 11026
b 11027
b 11028
b 11029
b 11030
b 11031
b 11032
b 11033
b 11034
b 11035
b 11036
b 11037
b 11038
b 11039
b 11040
b 11041
b 11042
b 11043
b 11044
b 11045
b 11046
b 11047
b 11048
b 11049
b 11050
b 11051
b 11052
b 11053
b 11054
b 11055
b 11056
b 11057
b 11058
b 11059
b 11060
b 11061
b 11062
b 11063
b 11064
b 11065
b 11066
b 11067
b 11068
b 11069
b 11070
b 11071
b 11072
b 11073
b 11074
b 11075
b 11076
b 11077
b 11078
b 11079
b 11080
b 11081
b 11082
b 11083
b 11084
b 11085
b 11086
b 11087
b 11088
b 11089
b 11090
b 11091
b 11092
b 11093
b 11094
b 11095
b 11096
b 11097
b 11098
b 11099
b 11100
b 11101
b 11102
b 11103
b 11104
d 1 10289
d 1 10290
d 1 10291
d 1 10292
d 1 10293
d 1 10294
d 1 10295
d 1 10296
d 1 10297
d 1 10298
d 1 10299
d 1 10300
d 1 10301
d 1 10302
d 1 10303
d 1 10304
d 1 10305
d 1 10306
d 1 10307
d 1 10308
d 1 10309
d 1 10310
d 1 10311
d 1 10312
d 1 10313
d 1 10314
d 1 10315
d 1 10316
d 1 10317
d 1 10318
d 1 10319
d 1 10320
d 1 10321
d 1 10322
d 1 10323
d 1 10324
d 1 10325
d 1 10326
d 1 10327
d 1 10328
d 1 10329
d 1 10330
d 1 10331
d 1 10332
d 1 10333
d 1 10334
d 1 10335
d 1 10336
d 1 10337
d 1 10338
d 1 10339
d 1 10340
d 1 10341
d 1 10342
d 1 10343
d 1 10344
d 1 10345
d 1 10346
d 1 10347
d 1 10348
d 1 10349
d 1 10350
d 1 10351
d 1 10352
d 1 10353
d 1 10354
d 1 10355
d 1 10356
d 1 10357
d 1 10358
d 1 10359
d 1 10360
d 1 10361
d 1 10362
d 1 10363
d 1 10364
d 1 10365
d 1 10366
d 1 10367
d 1 10368
d 1 10369
d 1 10370
d 1 10371
d 1 10372
d 1 10373
d 1 10374
d 1 10375
d 1 10376
d 1 10377
d 1 10378
d 1 10379
d 1 10380
d 1 10381
d 1 10382
d 1 10383
d 1 10384
d 1 10385
d 1 10386
d 1 10387
d 1 10388
d 1 10389
d 1 10390
d 1 10391
d 1 10392
d 1 10393
d 1 10394
d 1 10395
d 1 10396
d 1 10397
d 1 10398
d 1 10399
d 1 10400
d 1 10401
d 1 10402
d 1 10403
d 1 10404
d 1 10405
d 1 10406
d 1 10407
d 1 10408
d 1 10409
d 1 10410
d 1 10411
d 1 10412
d 1 10413
d 1 10414
d 1 10415
d 1 10416
d 1 10417
d 1 10418
d 1 10419
d 1 10420
d 1 10421
d 1 10422
d 1 10423
d 1 10424
d 1 10425
d 1 10426
d 1 10427
d 1 10428
d 1 10429
d 1 10430
d 1 10431
d 1 10432
d 1 10433
d 1 10434
d 1 10435
d 1 10436
d 1 10437
d 1 10438
d 1 10439
d 1 10440
d 1 10441
d 1 10442
d 1 10443
d 1 10444
d 1 10445
d 1 10446
d 1 10447
d 1 10448
d 1 10449
d 1 10450
d 1 10451
d 1 10452
d 1 10453
d 1 10454
d 1 10455
d 1 10456
d 1 10457
d 1 10458
d 1 10459
d 1 10460
d 1 10461
d 1 10462
d 1 10463
d 1 10464
d 1 10465
d 1 10466
d 1 10467
d 1 10468
d 1 10469
d 1 10470
d 1 10471
d 1 10472
d 1 10473
d 1 10474
d 1 10475
d 1 10476
d 1 10477
d 1 10478
d 1 10479
d 1 10480
d 1 10481
d 1 10482
d 1 10483
d 1 10484
d 1 10485
d 1 10486
d 1 10487
d 1 10488
d 1 10489
d 1 10490
d 1 10491
d 1 10492
d 1 10493
d 1 10494
d 1 10495
d 1 10496
d 1 10497
d 1 10498
d 1 10499
d 1 10500
d 1 10501
d 1 10502
d 1 10503
d 1 10504
d 1 10505
d 1 10506
d 1 10507
d 1 10508
d 1 10509
d 1 10510
d 1 10511
d 1 10512
d 1 10513
d 1 10514
d 1 10515
d 1 10516
d 1 10517
d 1 10518
d 1 10519
d 1 10520
d 1 10521
d 1 10522
d 1 10523
d 1 10524
d 1 10525
d 1 10526
d 1 10527
d 1 10528
d 1 10529
d 1 10530
d 1 10531
d 1 10532
d 1 10533
d 1 10534
d 1 10535
d 1 10536
d 1 10537
d 1 10538
d 1 10539
d 1 10540
d 1 10541
d 1 10542
d 1 10543
d 1 10544
d 1 10545
d 1 10546
d 1 10547
d 1 10548
d 1 10549
d 1 10550
d 1 10551
d 1 10552
d 1 10553
d 1 10554
d 1 10555
d 1 10556
d 1 10557
d 1 10558
d 1 10559
d 1 10560
d 1 10561
d 1 10562
d 1 10563
d 1 10564
d 1 10565
d 1 10566
d 1 10567
d 1 10568
d 1 10569
d 1 10570
d 1 10571
d 1 10572
d 1 10573
d 1 10574
d 1 10575
d 1 10576
d 1 10577
d 1 10578
d 1 10579
d 1 10580
d 1 10581
d 1 10582
d 1 10583
d 1 10584
d 1 10585
d 1 10586
d 1 10587
d 1 10588
d 1 10589
d 1 10590
d 1 10591
d 1 10592
d 1 10593
d 1 10594
d 1 10595
d 1 10596
d 1 10597
d 1 10598
d 1 10599
d 1 10600
d 1 10601
d 1 10602
d 1 10603
d 1 10604
d 1 10605
d 1 10606
d 1 10607
d 1 10608
d 1 10609
d 1 10610
d 1 10611
d 1 10612
d 1 10613
d 1 10614
d 1 10615
d 1 10616
d 1 10617
d 1 10618
d 1 10619
d 1 10620
d 1 10621
d 1 10622
d 1 10623
d 1 10624
d 1 10625
d 1 10626
d 1 10627
d 1 10628
d 1 10629
d 1 10630
d 1 10631
d 1 10632
d 1 10633
d 1 10634
d 1 10635
d 1 10636
d 1 10637
d 1 10638
d 1 10639
d 1 10640
d 1 10641
d 1 10642
d 1 10643
d 1 10644
d 1 10645
d 1 10646
d 1 10647
d 1 10648
d 1 10649
d 1 10650
d 1 10651
d 1 10652
d 1 10653
d 1 10654
d 1 10655
d 1 10656
d 1 10657
d 1 10658
d 1 10659
d 1 10660
d 1 10661
d 1 10662
d 1 10663
d 1 10664
d 1 10665
d 1 10666
d 1 10667
d 1 10668
d 1 10669
d 1 10670
d 1 10671
d 1 10672
b 11105
b 11106
b 11107
b 11108
b 11109
b 11110
b 11111
b 11112
b 11113
b 11114
b 11115
b 11116
b 11117
b 11118
b 11119
b 11120
b 11121
b 11122
b 11123
b 11124
b 11125
b 11126
b 11127
b 11128
b 11129
b 11130
b 11131
b 11132
b 11133
b 11134
b 11135
b 11136
b 11137
b 11138
b 11139
b 11140
b 11141
b 11142
b 11143
b 11144
b 11145
b 11146
b 11147
b 11148
b 11149
b 11150
b 11151
b 11152
b 11153
b 11154
b 11155
b 11156
b 11157
b 11158
b 11159
b 11160
b 11161
b 11162
b 11163
b 11164
b 11165
b 11166
b 11167
b 11168
b 11169
b 11170
b 11171
b 11172
b 11173
b 11174
b 11175
b 11176
b 11177
b 11178
b 11179
b 11180
b 11181
b 11182
b 11183
b 11184
b 11185
b 11186
b 11187
b 11188
b 11189
b 11190
b 11191
b 11192
b 11193
b 11194
b 11195
b 11196
b 11197
b 11198
b 11199
b 11200
b 11201
b 11202
b 11203
b 11204
b 11205
b 11206
b 11207
b 11208
b 11209
b 11210
b 11211
b 11212
b 11213
b 11214
b 11215
b 11216
b 11217
b 11218
b 11219
b 11220
b 11221
b 11222
b 11223
b 11224
b 11225
b 11226
b 11227
b 11228
b 11229
b 11230
b 11231
b 11232
b 11233
b 11234
b 11235
b 11236
b 11237
b 11238
b 11239
b 11240
b 11241
b 11242
b 11243
b 11244
b 11245
b 11246
b 11247
b 11248
b 11249
b 11250
b 11251
b 11252
b 11253
b 11254
b 11255
b 11256
b 11257
b 11258
b 11259
b 11260
b 11261
b 11262
b 11263
b 11264
b 11265
b 11266
b 11267
b 11268
b 11269
b 11270
b 11271
b 11272
b 11273
b 11274
b 11275
b 11276
b 11277
b 11278
b 11279
b 11280
b 11281
b 11282
b 11283
b 11284
b 11285
b 11286
b 11287
b 11288
b 11289
b 11290
b 11291
b 11292
b 11293
b 11294
b 11295
b 11296
b 11297
b 11298
b 11299
b 11300
b 11301
b 11302
b 11303
b 11304
b 11305
b 11306
b 11307
b 11308
b 11309
b 11310
b 11311
b 11312
b 11313
b 11314
b 11315
b 11316
b 11317
b 11318
b 11319
b 11320
b 11321
b 11322
b 11323
b 11324
b 11325
b 11326
b 11327
b 11328
b 11329
b 11330
b 11331
b 11332
b 11333
b 11334
b 11335
b 11336
b 11337
b 11338
b 11339
b 11340
b 11341
b 11342
b 11343
b 11344
b 11345
b 11346
b 11347
b 11348
b 11349
b 11350
b 11351
b 11352
b 11353
b 11354
b 11355
b 11356
b 11357
b 11358
b 11359
b 11360
b 11361
b 11362
b 11363
b 11364
b 11365
b 11366
b 11367
b 11368
b 11369
b 11370
b 11371
b 11372
b 11373
b 11374
b 11375
b 11376
b 11377
b 11378
b 11379
b 11380
b 11381
b 11382
b 11383
b 11384
b 11385
b 11386
b 11387
b 11388
b 11389
b 11390
b 11391
b 11392
b 11393
b 11394
b 11395
b 11396
b 11397
b 11398
b 11399
b 11400
b 11401
b 11402
b 11403
b 11404
b 11405
b 11406
b 11407
b 11408
b 11409
b 11410
b 11411
b 11412
b 11413
b 11414
b 11415
b 11416
b 11417
b 11418
b 11419
b 11420
b 11421
b 11422
b 11423
b 11424
b 11425
b 11426
b 11427
b 11428
b 11429
b 11430
b 11431
b 11432
b 11433
b 11434
b 11435
b 11436
b 11437
b 11438
b 11439
b 11440
b 11441
b 11442
b 11443
b 11444
b 11445
b 11446
b 11447
b 11448
b 11449
b 11450
b 11451
b 11452
b 11453
b 11454
b 11455
b 11456
b 11457
b 11458
b 11459
b 11460
b 11461
b 11462
b 11463
b 11464
b 11465
b 11466
b 11467
b 11468
b 11469
b 11470
b 11471
b 11472
b 11473
b 11474
b 11475
b 11476
b 11477
b 11478
b 11479
b 11480
b 11481
b 11482
b 11483
b 11484
b 11485
b 11486
b 11487
b 11488
d 1 10673
d 1 10674
d 1 10675
d 1 10676
d 1 10677
d 1 10678
d 1 10679
d 1 10680
d 1 10681
d 1 10682
d 1 10683
d 1 10684
d 1 10685
d 1 10686
d 1 10687
d 1 10688
d 1 10689
d 1 10690
d 1 10691
d 1 10692
d 1 10693
d 1 10694
d 1 10695
d 1 10696
d 1 10697
d 1 10698
d 1 10699
d 1 10700
d 1 10701
d 1 10702
d 1 10703
d 1 10704
d 1 10705
d 1 10706
d 1 10707
d 1 10708
d 1 10709
d 1 10710
d 1 10711
d 1 10712
d 1 10713
d 1 10714
d 1 10715
d 1 10716
d 1 10717
d 1 10718
d 1 10719
d 1 10720
d 1 10721
d 1 10722
d 1 10723
d 1 10724
d 1 10725
d 1 10726
d 1 10727
d 1 10728
d 1 10729
d 1 10730
d 1 10731
d 1 10732
d 1 10733
d 1 10734
d 1 10735
d 1 10736
d 1 10737
d 1 10738
d 1 10739
d 1 10740
d 1 10741
d 1 10742
d 1 10743
d 1 10744
d 1 10745
d 1 10746
d 1 10747
d 1 10748
d 1 10749
d 1 10750
d 1 10751
d 1 10752
d 1 10753
d 1 10754
d 1 10755
d 1 10756
d 1 10757
d 1 10758
d 1 10759
d 1 10760
d 1 10761
d 1 10762
d 1 10763
d 1 10764
d 1 10765
d 1 10766
d 1 10767
d 1 10768
d 1 10769
d 1 10770
d 1 10771
d 1 10772
d 1 10773
d 1 10774
d 1 10775
d 1 10776
d 1 10777
d 1 10778
d 1 10779
d 1 10780
d 1 10781
d 1 10782
d 1 10783
d 1 10784
d 1 10785
d 1 10786
d 1 10787
d 1 10788
d 1 10789
d 1 10790
d 1 10791
d 1 10792
d 1 10793
d 1 10794
d 1 10795
d 1 10796
d 1 10797
d 1 10798
d 1 10799
d 1 10800
d 1 10801
d 1 10802
d 1 10803
d 1 10804
d 1 10805
d 1 10806
d 1 10807
d 1 10808
d 1 10809
d 1 10810
d 1 10811
d 1 10812
d 1 10813
d 1 10814
d 1 10815
d 1 10816
d 1 10817
d 1 10818
d 1 10819
d 1 10820
d 1 10821
d 1 10822
d 1 10823
d 1 10824
d 1 10825
d 1 10826
d 1 10827
d 1 10828
d 1 10829
d 1 10830
d 1 10831
d 1 10832
d 1 10833
d 1 10834
d 1 10835
d 1 10836
d 1 10837
d 1 10838
d 1 10839
d 1 10840
d 1 10841
d 1 10842
d 1 10843
d 1 10844
d 1 10845
d 1 10846
d 1 10847
d 1 10848
d 1 10849
d 1 10850
d 1 10851
d 1 10852
d 1 10853
d 1 10854
d 1 10855
d 1 10856
d 1 10857
d 1 10858
d 1 10859
d 1 10860
d 1 10861
d 1 10862
d 1 10863
d 1 10864
d 1 10865
d 1 10866
d 1 10867
d 1 10868
d 1 10869
d 1 10870
d 1 10871
d 1 10872
d 1 10873
d 1 10874
d 1 10875
d 1 10876
d 1 10877
d 1 10878
d 1 10879
d 1 10880
d 1 10881
d 1 10882
d 1 10883
d 1 10884
d 1 10885
d 1 10886
d 1 10887
d 1 10888
d 1 10889
d 1 10890
d 1 10891
d 1 10892
d 1 10893
d 1 10894
d 1 10895
d 1 10896
d 1 10897
d 1 10898
d 1 10899
d 1 10900
d 1 10901
d 1 10902
d 1 10903
d 1 10904
d 1 10905
d 1 10906
d 1 10907
d 1 10908
d 1 10909
d 1 10910
d 1 10911
d 1 10912
d 1 10913
d 1 10914
d 1 10915
d 1 10916
d 1 10917
d 1 10918
d 1 10919
d 1 10920
d 1 10921
d 1 10922
d 1 10923
d 1 10924
d 1 10925
d 1 10926
d 1 10927
d 1 10928
b 11489
b 11490
b 11491
b 11492
b 11493
b 11494
b 11495
b 11496
b 11497
b 11498
b 11499
b 11500
b 11501
b 11502
b 11503
b 11504
b 11505
b 11506
b 11507
b 11508
b 11509
b 11510
b 11511
b 11512
b 11513
b 11514
b 11515
b 11516
b 11517
b 11518
b 11519
b 11520
b 11521
b 11522
b 11523
b 11524
b 11525
b 11526
b 11527
b 11528
b 11529
b 11530
b 11531
b 11532
b 11533
b 11534
b 11535
b 11536
b 11537
b 11538
b 11539
b 11540
b 11541
b 11542
b 11543
b 11544
b 11545
b 11546
b 11547
b 11548
b 11549
b 11550
b 11551
b 11552
b 11553
b 11554
b 11555
b 11556
b 11557
b 11558
b 11559
b 11560
b 11561
b 11562
b 11563
b 11564
b 11565
b 11566
b 11567
b 11568
b 11569
b 11570
b 11571
b 11572
b 11573
b 11574
b 11575
b 11576
b 11577
b 11578
b 11579
b 11580
b 11581
b 11582
b 11583
b 11584
b 11585
b 11586
b 11587
b 11588
b 11589
b 11590
b 11591
b 11592
b 11593
b 11594
b 11595
b 11596
b 11597
b 11598
b 11599
b 11600
b 11601
b 11602
b 11603
b 11604
b 11605
b 11606
b 11607
b 11608
b 11609
b 11610
b 11611
b 11612
b 11613
b 11614
b 11615
b 11616
b 11617
b 11618
b 11619
b 11620
b 11621
b 11622
b 11623
b 11624
b 11625
b 11626
b 11627
b 11628
b 11629
b 11630
b 11631
b 11632
b 11633
b 11634
b 11635
b 11636
b 11637
b 11638
b 11639
b 11640
b 11641
b 11642
b 11643
b 11644
b 11645
b 11646
b 11647
b 11648
b 11649
b 11650
b 11651
b 11652
b 11653
b 11654
b 11655
b 11656
b 11657
b 11658
b 11659
b 11660
b 11661
b 11662
b 11663
b 11664
b 11665
b 11666
b 11667
b 11668
b 11669
b 11670
b 11671
b 11672
b 11673
b 11674
b 11675
b 11676
b 11677
b 11678
b 11679
b 11680
b 11681
b 11682
b 11683
b 11684
b 11685
b 11686
b 11687
b 11688
b 11689
b 11690
b 11691
b 11692
b 11693
b 11694
b 11695
b 11696
b 11697
b 11698
b 11699
b 11700
b 11701
b 11702
b 11703
b 11704
b 11705
b 11706
b 11707
b 11708
b 11709
b 11710
b 11711
b 11712
b 11713
b 11714
b 11715
b 11716
b 11717
b 11718
b 11719
b 11720
b 11721
b 11722
b 11723
b 11724
b 11725
b 11726
b 11727
b 11728
b 11729
b 11730
b 11731
b 11732
b 11733
b 11734
b 11735
b 11736
b 11737
b 11738
b 11739
b 11740
b 11741
b 11742
b 11743
b 11744
d 1 10929
d 1 10930
d 1 10931
d 1 10932
d 1 10933
d 1 10934
d 1 10935
d 1 10936
d 1 10937
d 1 10938
d 1 10939
d 1 10940
d 1 10941
d 1 10942
d 1 10943
d 1 10944
d 1 10945
d 1 10946
d 1 10947
d 1 10948
d 1 10949
d 1 10950
d 1 10951
d 1 10952
d 1 10953
d 1 10954
d 1 10955
d 1 10956
d 1 10957
d 1 10958
d 1 10959
d 1 10960
d 1 10961
d 1 10962
d 1 10963
d 1 10964
d 1 10965
d 1 10966
d 1 10967
d 1 10968
d 1 10969
d 1 10970
d 1 10971
d 1 10972
d 1 10973
d 1 10974
d 1 10975
d 1 10976
d 1 10977
d 1 10978
d 1 10979
d 1 10980
d 1 10981
d 1 10982
d 1 10983
d 1 10984
d 1 10985
d 1 10986
d 1 10987
d 1 10988
d 1 10989
d 1 10990
d 1 10991
d 1 10992
d 1 10993
d 1 10994
d 1 10995
d 1 10996
d 1 10997
d 1 10998
d 1 10999
d 1 11000
d 1 11001
d 1 11002
d 1 11003
d 1 11004
d 1 11005
d 1 11006
d 1 11007
d 1 11008
d 1 11009
d 1 11010
d 1 11011
d 1 11012
d 1 11013
d 1 11014
d 1 11015
d 1 11016
d 1 11017
d 1 11018
d 1 11019
d 1 11020
d 1 11021
d 1 11022
d 1 11023
d 1 11024
d 1 11025
d 1 11026
d 1 11027
d 1 11028
d 1 11029
d 1 11030
d 1 11031
d 1 11032
d 1 11033
d 1 11034
d 1 11035
d 1 11036
d 1 11037
d 1 11038
d 1 11039
d 1 11040
d 1 11041
d 1 11042
d 1 11043
d 1 11044
d 1 11045
d 1 11046
d 1 11047
d 1 11048
d 1 11049
d 1 11050
d 1 11051
d 1 11052
d 1 11053
d 1 11054
d 1 11055
d 1 11056
d 1 11057
d 1 11058
d 1 11059
d 1 11060
d 1 11061
d 1 11062
d 1 11063
d 1 11064
d 1 11065
d 1 11066
d 1 11067
d 1 11068
d 1 11069
d 1 11070
d 1 11071
d 1 11072
d 1 11073
d 1 11074
d 1 11075
d 1 11076
d 1 11077
d 1 11078
d 1 11079
d 1 11080
d 1 11081
d 1 11082
d 1 11083
d 1 11084
d 1 11085
d 1 11086
d 1 11087
d 1 11088
d 1 11089
d 1 11090
d 1 11091
d 1 11092
d 1 11093
d 1 11094
d 1 11095
d 1 11096
d 1 11097
d 1 11098
d 1 11099
d 1 11100
d 1 11101
d 1 11102
d 1 11103
d 1 11104
d 1 11105
d 1 11106
d 1 11107
d 1 11108
d 1 11109
d 1 11110
d 1 11111
d 1 11112
d 1 11113
d 1 11114
d 1 11115
d 1 11116
d 1 11117
d 1 11118
d 1 11119
d 1 11120
d 1 11121
d 1 11122
d 1 11123
d 1 11124
d 1 11125
d 1 11126
d 1 11127
d 1 11128
d 1 11129
d 1 11130
d 1 11131
d 1 11132
d 1 11133
d 1 11134
d 1 11135
d 1 11136
d 1 11137
d 1 11138
d 1 11139
d 1 11140
d 1 11141
d 1 11142
d 1 11143
d 1 11144
d 1 11145
d 1 11146
d 1 11147
d 1 11148
d 1 11149
d 1 11150
d 1 11151
d 1 11152
d 1 11153
d 1 11154
d 1 11155
d 1 11156
d 1 11157
d 1 11158
d 1 11159
d 1 11160
d 1 11161
d 1 11162
d 1 11163
d 1 11164
d 1 11165
d 1 11166
d 1 11167
d 1 11168
d 1 11169
d 1 11170
d 1 11171
d 1 11172
d 1 11173
d 1 11174
d 1 11175
d 1 11176
d 1 11177
d 1 11178
d 1 11179
d 1 11180
d 1 11181
d 1 11182
d 1 11183
d 1 11184
d 1 11185
d 1 11186
d 1 11187
d 1 11188
d 1 11189
d 1 11190
d 1 11191
d 1 11192
d 1 11193
d 1 11194
d 1 11195
d 1 11196
d 1 11197
d 1 11198
d 1 11199
d 1 11200
d 1 11201
d 1 11202
d 1 11203
d 1 11204
d 1 11205
d 1 11206
d 1 11207
d 1 11208
d 1 11209
d 1 11210
d 1 11211
d 1 11212
d 1 11213
d 1 11214
d 1 11215
d 1 11216
d 1 11217
d 1 11218
d 1 11219
d 1 11220
d 1 11221
d 1 11222
d 1 11223
d 1 11224
d 1 11225
d 1 11226
d 1 11227
d 1 11228
d 1 11229
d 1 11230
d 1 11231
d 1 11232
d 1 11233
d 1 11234
d 1 11235
d 1 11236
d 1 11237
d 1 11238
d 1 11239
d 1 11240
d 1 11241
d 1 11242
d 1 11243
d 1 11244
d 1 11245
d 1 11246
d 1 11247
d 1 11248
d 1 11249
d 1 11250
d 1 11251
d 1 11252
d 1 11253
d 1 11254
d 1 11255
d 1 11256
d 1 11257
d 1 11258
d 1 11259
d 1 11260
d 1 11261
d 1 11262
d 1 11263
d 1 11264
d 1 11265
d 1 11266
d 1 11267
d 1 11268
d 1 11269
d 1 11270
d 1 11271
d 1 11272
d 1 11273
d 1 11274
d 1 11275
d 1 11276
d 1 11277
d 1 11278
d 1 11279
d 1 11280
d 1 11281
d 1 11282
d 1 11283
d 1 11284
d 1 11285
d 1 11286
d 1 11287
d 1 11288
d 1 11289
d 1 11290
d 1 11291
d 1 11292
d 1 11293
d 1 11294
d 1 11295
d 1 11296
b 11745
b 11746
b 11747
b 11748
b 11749
b 11750
b 11751
b 11752
b 11753
b 11754
b 11755
b 11756
b 11757
b 11758
b 11759
b 11760
b 11761
b 11762
b 11763
b 11764
b 11765
b 11766
b 11767
b 11768
b 11769
b 11770
b 11771
b 11772
b 11773
b 11774
b 11775
b 11776
b 11777
b 11778
b 11779
b 11780
b 11781
b 11782
b 11783
b 11784
b 11785
b 11786
b 11787
b 11788
b 11789
b 11790
b 11791
b 11792
b 11793
b 11794
b 11795
b 11796
b 11797
b 11798
b 11799
b 11800
b 11801
b 11802
b 11803
b 11804
b 11805
b 11806
b 11807
b 11808
b 11809
b 11810
b 11811
b 11812
b 11813
b 11814
b 11815
b 11816
b 11817
b 11818
b 11819
b 11820
b 11821
b 11822
b 11823
b 11824
b 11825
b 11826
b 11827
b 11828
b 11829
b 11830
b 11831
b 11832
b 11833
b 11834
b 11835
b 11836
b 11837
b 11838
b 11839
b 11840
b 11841
b 11842
b 11843
b 11844
b 11845
b 11846
b 11847
b 11848
b 11849
b 11850
b 11851
b 11852
b 11853
b 11854
b 11855
b 11856
b 11857
b 11858
b 11859
b 11860
b 11861
b 11862
b 11863
b 11864
b 11865
b 11866
b 11867
b 11868
b 11869
b 11870
b 11871
b 11872
b 11873
b 11874
b 11875
b 11876
b 11877
b 11878
b 11879
b 11880
b 11881
b 11882
b 11883
b 11884
b 11885
b 11886
b 11887
b 11888
b 11889
b 11890
b 11891
b 11892
b 11893
b 11894
b 11895
b 11896
b 11897
b 11898
b 11899
b 11900
b 11901
b 11902
b 11903
b 11904
b 11905
b 11906
b 11907
b 11908
b 11909
b 11910
b 11911
b 11912
b 11913
b 11914
b 11915
b 11916
b 11917
b 11918
b 11919
b 11920
b 11921
b 11922
b 11923
b 11924
b 11925
b 11926
b 11927
b 11928
b 11929
b 11930
b 11931
b 11932
b 11933
b 11934
b 11935
b 11936
b 11937
b 11938
b 11939
b 11940
b 11941
b 11942
b 11943
b 11944
b 11945
b 11946
b 11947
b 11948
b 11949
b 11950
b 11951
b 11952
b 11953
b 11954
b 11955
b 11956
b 11957
b 11958
b 11959
b 11960
b 11961
b 11962
b 11963
b 11964
b 11965
b 11966
b 11967
b 11968
b 11969
b 11970
b 11971
b 11972
b 11973
b 11974
b 11975
b 11976
b 11977
b 11978
b 11979
b 11980
b 11981
b 11982
b 11983
b 11984
b 11985
b 11986
b 11987
b 11988
b 11989
b 11990
b 11991
b 11992
b 11993
b 11994
b 11995
b 11996
b 11997
b 11998
b 11999
b 12000
b 12001
b 12002
b 12003
b 12004
b 12005
b 12006
b 12007
b 12008
b 12009
b 12010
b 12011
b 12012
b 12013
b 12014
b 12015
b 12016
b 12017
b 12018
b 12019
b 12020
b 12021
b 12022
b 12023
b 12024
b 12025
b 12026
b 12027
b 12028
b 12029
b 12030
b 12031
b 12032
b 12033
b 12034
b 12035
b 12036
b 12037
b 12038
b 12039
b 12040
b 12041
b 12042
b 12043
b 12044
b 12045
b 12046
b 12047
b 12048
b 12049
b 12050
b 12051
b 12052
b 12053
b 12054
b 12055
b 12056
b 12057
b 12058
b 12059
b 12060
b 12061
b 12062
b 12063
b 12064
b 12065
b 12066
b 12067
b 12068
b 12069
b 12070
b 12071
b 12072
b 12073
b 12074
b 12075
b 12076
b 12077
b 12078
b 12079
b 12080
b 12081
b 12082
b 12083
b 12084
b 12085
b 12086
b 12087
b 12088
b 12089
b 12090
b 12091
b 12092
b 12093
b 12094
b 12095
b 12096
b 12097
b 12098
b 12099
b 12100
b 12101
b 12102
b 12103
b 12104
b 12105
b 12106
b 12107
b 12108
b 12109
b 12110
b 12111
b 12112
d 1 11297
d 1 11298
d 1 11299
d 1 11300
d 1 11301
d 1 11302
d 1 11303
d 1 11304
d 1 11305
d 1 11306
d 1 11307
d 1 11308
d 1 11309
d 1 11310
d 1 11311
d 1 11312
d 1 11313
d 1 11314
d 1 11315
d 1 11316
d 1 11317
d 1 11318
d 1 11319
d 1 11320
d 1 11321
d 1 11322
d 1 11323
d 1 11324
d 1 11325
d 1 11326
d 1 11327
d 1 11328
d 1 11329
d 1 11330
d 1 11331
d 1 11332
d 1 11333
d 1 11334
d 1 11335
d 1 11336
b 12113
b 12114
b 12115
b 12116
b 12117
b 12118
b 12119
b 12120
b 12121
b 12122
b 12123
b 12124
b 12125
b 12126
b 12127
b 12128
b 12129
b 12130
b 12131
b 12132
b 12133
b 12134
b 12135
b 12136
b 12137
b 12138
b 12139
b 12140
b 12141
b 12142
b 12143
b 12144
b 12145
b 12146
b 12147
b 12148
b 12149
b 12150
b 12151
b 12152
d 1 11337
d 1 11338
d 1 11339
d 1 11340
d 1 11341
d 1 11342
d 1 11343
d 1 11344
d 1 11345
d 1 11346
d 1 11347
d 1 11348
d 1 11349
d 1 11350
d 1 11351
d 1 11352
d 1 11353
d 1 11354
d 1 11355
d 1 11356
d 1 11357
d 1 11358
d 1 11359
d 1 11360
d 1 11361
d 1 11362
d 1 11363
d 1 11364
d 1 11365
d 1 11366
d 1 11367
d 1 11368
d 1 11369
d 1 11370
d 1 11371
d 1 11372
d 1 11373
d 1 11374
d 1 11375
d 1 11376
d 1 11377
d 1 11378
d 1 11379
d 1 11380
d 1 11381
d 1 11382
d 1 11383
d 1 11384
d 1 11385
d 1 11386
d 1 11387
d 1 11388
d 1 11389
d 1 11390
d 1 11391
d 1 11392
d 1 11393
d 1 11394
d 1 11395
d 1 11396
d 1 11397
d 1 11398
d 1 11399
d 1 11400
d 1 11401
d 1 11402
d 1 11403
d 1 11404
d 1 11405
d 1 11406
d 1 11407
d 1 11408
d 1 11409
d 1 11410
d 1 11411
d 1 11412
d 1 11413
d 1 11414
d 1 11415
d 1 11416
d 1 11417
d 1 11418
d 1 11419
d 1 11420
d 1 11421
d 1 11422
d 1 11423
d 1 11424
d 1 11425
d 1 11426
d 1 11427
d 1 11428
d 1 11429
d 1 11430
d 1 11431
d 1 11432
d 1 11433
d 1 11434
d 1 11435
d 1 11436
d 1 11437
d 1 11438
d 1 11439
d 1 11440
d 1 11441
d 1 11442
d 1 11443
d 1 11444
d 1 11445
d 1 11446
d 1 11447
d 1 11448
d 1 11449
d 1 11450
d 1 11451
d 1 11452
d 1 11453
d 1 11454
d 1 11455
d 1 11456
d 1 11457
d 1 11458
d 1 11459
d 1 11460
d 1 11461
d 1 11462
d 1 11463
d 1 11464
d 1 11465
d 1 11466
d 1 11467
d 1 11468
d 1 11469
d 1 11470
d 1 11471
d 1 11472
d 1 11473
d 1 11474
d 1 11475
d 1 11476
d 1 11477
d 1 11478
d 1 11479
d 1 11480
d 1 11481
d 1 11482
d 1 11483
d 1 11484
d 1 11485
d 1 11486
d 1 11487
d 1 11488
b 12153
b 12154
b 12155
b 12156
b 12157
b 12158
b 12159
b 12160
b 12161
b 12162
b 12163
b 12164
b 12165
b 12166
b 12167
b 12168
b 12169
b 12170
b 12171
b 12172
b 12173
b 12174
b 12175
b 12176
b 12177
b 12178
b 12179
b 12180
b 12181
b 12182
b 12183
b 12184
b 12185
b 12186
b 12187
b 12188
b 12189
b 12190
b 12191
b 12192
b 12193
b 12194
b 12195
b 12196
b 12197
b 12198
b 12199
b 12200
b 12201
b 12202
b 12203
b 12204
b 12205
b 12206
b 12207
b 12208
b 12209
b 12210
b 12211
b 12212
b 12213
b 12214
b 12215
b 12216
b 12217
b 12218
b 12219
b 12220
b 12221
b 12222
b 12223
b 12224
b 12225
b 12226
b 12227
b 12228
b 12229
b 12230
b 12231
b 12232
b 12233
b 12234
b 12235
b 12236
b 12237
b 12238
b 12239
b 12240
b 12241
b 12242
b 12243
b 12244
b 12245
b 12246
b 12247
b 12248
b 12249
b 12250
b 12251
b 12252
b 12253
b 12254
b 12255
b 12256
b 12257
b 12258
b 12259
b 12260
b 12261
b 12262
b 12263
b 12264
b 12265
b 12266
b 12267
b 12268
b 12269
b 12270
b 12271
b 12272
b 12273
b 12274
b 12275
b 12276
b 12277
b 12278
b 12279
b 12280
b 12281
b 12282
b 12283
b 12284
b 12285
b 12286
b 12287
b 12288
b 12289
b 12290
b 12291
b 12292
b 12293
b 12294
b 12295
b 12296
b 12297
b 12298
b 12299
b 12300
b 12301
b 12302
b 12303
b 12304
d 1 11489
d 1 11490
d 1 11491
d 1 11492
d 1 11493
d 1 11494
d 1 11495
d 1 11496
d 1 11497
d 1 11498
d 1 11499
d 1 11500
d 1 11501
d 1 11502
d 1 11503
d 1 11504
d 1 11505
d 1 11506
d 1 11507
d 1 11508
d 1 11509
d 1 11510
d 1 11511
d 1 11512
d 1 11513
d 1 11514
d 1 11515
d 1 11516
d 1 11517
d 1 11518
d 1 11519
d 1 11520
d 1 11521
d 1 11522
d 1 11523
d 1 11524
d 1 11525
d 1 11526
d 1 11527
d 1 11528
d 1 11529
d 1 11530
d 1 11531
d 1 11532
d 1 11533
d 1 11534
d 1 11535
d 1 11536
d 1 11537
d 1 11538
d 1 11539
d 1 11540
d 1 11541
d 1 11542
d 1 11543
d 1 11544
d 1 11545
d 1 11546
d 1 11547
d 1 11548
d 1 11549
d 1 11550
d 1 11551
d 1 11552
d 1 11553
d 1 11554
d 1 11555
d 1 11556
d 1 11557
d 1 11558
d 1 11559
d 1 11560
d 1 11561
d 1 11562
d 1 11563
d 1 11564
d 1 11565
d 1 11566
d 1 11567
d 1 11568
d 1 11569
d 1 11570
d 1 11571
d 1 11572
d 1 11573
d 1 11574
d 1 11575
d 1 11576
d 1 11577
d 1 11578
d 1 11579
d 1 11580
d 1 11581
d 1 11582
d 1 11583
d 1 11584
d 1 11585
d 1 11586
d 1 11587
d 1 11588
d 1 11589
d 1 11590
d 1 11591
d 1 11592
d 1 11593
d 1 11594
d 1 11595
d 1 11596
d 1 11597
d 1 11598
d 1 11599
d 1 11600
d 1 11601
d 1 11602
d 1 11603
d 1 11604
d 1 11605
d 1 11606
d 1 11607
d 1 11608
d 1 11609
d 1 11610
d 1 11611
d 1 11612
d 1 11613
d 1 11614
d 1 11615
d 1 11616
d 1 11617
d 1 11618
d 1 11619
d 1 11620
d 1 11621
d 1 11622
d 1 11623
d 1 11624
d 1 11625
d 1 11626
d 1 11627
d 1 11628
d 1 11629
d 1 11630
d 1 11631
d 1 11632
d 1 11633
d 1 11634
d 1 11635
d 1 11636
d 1 11637
d 1 11638
d 1 11639
d 1 11640
d 1 11641
d 1 11642
d 1 11643
d 1 11644
d 1 11645
d 1 11646
d 1 11647
d 1 11648
d 1 11649
d 1 11650
d 1 11651
d 1 11652
d 1 11653
d 1 11654
d 1 11655
d 1 11656
d 1 11657
d 1 11658
d 1 11659
d 1 11660
d 1 11661
d 1 11662
d 1 11663
d 1 11664
d 1 11665
d 1 11666
d 1 11667
d 1 11668
d 1 11669
d 1 11670
d 1 11671
d 1 11672
d 1 11673
d 1 11674
d 1 11675
d 1 11676
d 1 11677
d 1 11678
d 1 11679
d 1 11680
d 1 11681
d 1 11682
d 1 11683
d 1 11684
d 1 11685
d 1 11686
d 1 11687
d 1 11688
d 1 11689
d 1 11690
d 1 11691
d 1 11692
d 1 11693
d 1 11694
d 1 11695
d 1 11696
d 1 11697
d 1 11698
d 1 11699
d 1 11700
d 1 11701
d 1 11702
d 1 11703
d 1 11704
d 1 11705
d 1 11706
d 1 11707
d 1 11708
d 1 11709
d 1 11710
d 1 11711
d 1 11712
d 1 11713
d 1 11714
d 1 11715
d 1 11716
d 1 11717
d 1 11718
d 1 11719
d 1 11720
d 1 11721
d 1 11722
d 1 11723
d 1 11724
d 1 11725
d 1 11726
d 1 11727
d 1 11728
d 1 11729
d 1 11730
d 1 11731
d 1 11732
d 1 11733
d 1 11734
d 1 11735
d 1 11736
d 1 11737
d 1 11738
d 1 11739
d 1 11740
d 1 11741
d 1 11742
d 1 11743
d 1 11744
d 1 11745
d 1 11746
d 1 11747
d 1 11748
d 1 11749
d 1 11750
d 1 11751
d 1 11752
d 1 11753
d 1 11754
d 1 11755
d 1 11756
d 1 11757
d 1 11758
d 1 11759
d 1 11760
d 1 11761
d 1 11762
d 1 11763
d 1 11764
d 1 11765
d 1 11766
d 1 11767
d 1 11768
d 1 11769
d 1 11770
d 1 11771
d 1 11772
d 1 11773
d 1 11774
d 1 11775
d 1 11776
d 1 11777
d 1 11778
d 1 11779
d 1 11780
d 1 11781
d 1 11782
d 1 11783
d 1 11784
d 1 11785
d 1 11786
d 1 11787
d 1 11788
d 1 11789
d 1 11790
d 1 11791
d 1 11792
d 1 11793
d 1 11794
d 1 11795
d 1 11796
d 1 11797
d 1 11798
d 1 11799
d 1 11800
d 1 11801
d 1 11802
d 1 11803
d 1 11804
d 1 11805
d 1 11806
d 1 11807
d 1 11808
d 1 11809
d 1 11810
d 1 11811
d 1 11812
d 1 11813
d 1 11814
d 1 11815
d 1 11816
d 1 11817
d 1 11818
d 1 11819
d 1 11820
d 1 11821
d 1 11822
d 1 11823
d 1 11824
d 1 11825
d 1 11826
d 1 11827
d 1 11828
d 1 11829
d 1 11830
d 1 11831
d 1 11832
d 1 11833
d 1 11834
d 1 11835
d 1 11836
d 1 11837
d 1 11838
d 1 11839
d 1 11840
d 1 11841
d 1 11842
d 1 11843
d 1 11844
d 1 11845
d 1 11846
d 1 11847
d 1 11848
d 1 11849
d 1 11850
d 1 11851
d 1 11852
d 1 11853
d 1 11854
d 1 11855
d 1 11856
d 1 11857
d 1 11858
d 1 11859
d 1 11860
d 1 11861
d 1 11862
d 1 11863
d 1 11864
b 12305
b 12306
b 12307
b 12308
b 12309
b 12310
b 12311
b 12312
b 12313
b 12314
b 12315
b 12316
b 12317
b 12318
b 12319
b 12320
b 12321
b 12322
b 12323
b 12324
b 12325
b 12326
b 12327
b 12328
b 12329
b 12330
b 12331
b 12332
b 12333
b 12334
b 12335
b 12336
b 12337
b 12338
b 12339
b 12340
b 12341
b 12342
b 12343
b 12344
b 12345
b 12346
b 12347
b 12348
b 12349
b 12350
b 12351
b 12352
b 12353
b 12354
b 12355
b 12356
b 12357
b 12358
b 12359
b 12360
b 12361
b 12362
b 12363
b 12364
b 12365
b 12366
b 12367
b 12368
b 12369
b 12370
b 12371
b 12372
b 12373
b 12374
b 12375
b 12376
b 12377
b 12378
b 12379
b 12380
b 12381
b 12382
b 12383
b 12384
b 12385
b 12386
b 12387
b 12388
b 12389
b 12390
b 12391
b 12392
b 12393
b 12394
b 12395
b 12396
b 12397
b 12398
b 12399
b 12400
b 12401
b 12402
b 12403
b 12404
b 12405
b 12406
b 12407
b 12408
b 12409
b 12410
b 12411
b 12412
b 12413
b 12414
b 12415
b 12416
b 12417
b 12418
b 12419
b 12420
b 12421
b 12422
b 12423
b 12424
b 12425
b 12426
b 12427
b 12428
b 12429
b 12430
b 12431
b 12432
b 12433
b 12434
b 12435
b 12436
b 12437
b 12438
b 12439
b 12440
b 12441
b 12442
b 12443
b 12444
b 12445
b 12446
b 12447
b 12448
b 12449
b 12450
b 12451
b 12452
b 12453
b 12454
b 12455
b 12456
b 12457
b 12458
b 12459
b 12460
b 12461
b 12462
b 12463
b 12464
b 12465
b 12466
b 12467
b 12468
b 12469
b 12470
b 12471
b 12472
b 12473
b 12474
b 12475
b 12476
b 12477
b 12478
b 12479
b 12480
b 12481
b 12482
b 12483
b 12484
b 12485
b 12486
b 12487
b 12488
b 12489
b 12490
b 12491
b 12492
b 12493
b 12494
b 12495
b 12496
b 12497
b 12498
b 12499
b 12500
b 12501
b 12502
b 12503
b 12504
b 12505
b 12506
b 12507
b 12508
b 12509
b 12510
b 12511
b 12512
b 12513
b 12514
b 12515
b 12516
b 12517
b 12518
b 12519
b 12520
b 12521
b 12522
b 12523
b 12524
b 12525
b 12526
b 12527
b 12528
b 12529
b 12530
b 12531
b 12532
b 12533
b 12534
b 12535
b 12536
b 12537
b 12538
b 12539
b 12540
b 12541
b 12542
b 12543
b 12544
b 12545
b 12546
b 12547
b 12548
b 12549
b 12550
b 12551
b 12552
b 12553
b 12554
b 12555
b 12556
b 12557
b 12558
b 12559
b 12560
b 12561
b 12562
b 12563
b 12564
b 12565
b 12566
b 12567
b 12568
b 12569
b 12570
b 12571
b 12572
b 12573
b 12574
b 12575
b 12576
b 12577
b 12578
b 12579
b 12580
b 12581
b 12582
b 12583
b 12584
b 12585
b 12586
b 12587
b 12588
b 12589
b 12590
b 12591
b 12592
b 12593
b 12594
b 12595
b 12596
b 12597
b 12598
b 12599
b 12600
b 12601
b 12602
b 12603
b 12604
b 12605
b 12606
b 12607
b 12608
b 12609
b 12610
b 12611
b 12612
b 12613
b 12614
b 12615
b 12616
b 12617
b 12618
b 12619
b 12620
b 12621
b 12622
b 12623
b 12624
b 12625
b 12626
b 12627
b 12628
b 12629
b 12630
b 12631
b 12632
b 12633
b 12634
b 12635
b 12636
b 12637
b 12638
b 12639
b 12640
b 12641
b 12642
b 12643
b 12644
b 12645
b 12646
b 12647
b 12648
b 12649
b 12650
b 12651
b 12652
b 12653
b 12654
b 12655
b 12656
b 12657
b 12658
b 12659
b 12660
b 12661
b 12662
b 12663
b 12664
b 12665
b 12666
b 12667
b 12668
b 12669
b 12670
b 12671
b 12672
b 12673
b 12674
b 12675
b 12676
b 12677
b 12678
b 12679
b 12680
d 1 11865
d 1 11866
d 1 11867
d 1 11868
d 1 11869
d 1 11870
d 1 11871
d 1 11872
d 1 11873
d 1 11874
d 1 11875
d 1 11876
d 1 11877
d 1 11878
d 1 11879
d 1 11880
d 1 11881
d 1 11882
d 1 11883
d 1 11884
d 1 11885
d 1 11886
d 1 11887
d 1 11888
d 1 11889
d 1 11890
d 1 11891
d 1 11892
d 1 11893
d 1 11894
d 1 11895
d 1 11896
d 1 11897
d 1 11898
d 1 11899
d 1 11900
d 1 11901
d 1 11902
d 1 11903
d 1 11904
d 1 11905
d 1 11906
d 1 11907
d 1 11908
d 1 11909
d 1 11910
d 1 11911
d 1 11912
d 1 11913
d 1 11914
d 1 11915
d 1 11916
d 1 11917
d 1 11918
d 1 11919
d 1 11920
d 1 11921
d 1 11922
d 1 11923
d 1 11924
d 1 11925
d 1 11926
d 1 11927
d 1 11928
d 1 11929
d 1 11930
d 1 11931
d 1 11932
d 1 11933
d 1 11934
d 1 11935
d 1 11936
d 1 11937
d 1 11938
d 1 11939
d 1 11940
d 1 11941
d 1 11942
d 1 11943
d 1 11944
d 1 11945
d 1 11946
d 1 11947
d 1 11948
d 1 11949
d 1 11950
d 1 11951
d 1 11952
d 1 11953
d 1 11954
d 1 11955
d 1 11956
d 1 11957
d 1 11958
d 1 11959
d 1 11960
d 1 11961
d 1 11962
d 1 11963
d 1 11964
d 1 11965
d 1 11966
d 1 11967
d 1 11968
d 1 11969
d 1 11970
d 1 11971
d 1 11972
d 1 11973
d 1 11974
d 1 11975
d 1 11976
d 1 11977
d 1 11978
d 1 11979
d 1 11980
d 1 11981
d 1 11982
d 1 11983
d 1 11984
d 1 11985
d 1 11986
d 1 11987
d 1 11988
d 1 11989
d 1 11990
d 1 11991
d 1 11992
d 1 11993
d 1 11994
d 1 11995
d 1 11996
d 1 11997
d 1 11998
d 1 11999
d 1 12000
d 1 12001
d 1 12002
d 1 12003
d 1 12004
d 1 12005
d 1 12006
d 1 12007
d 1 12008
d 1 12009
d 1 12010
d 1 12011
d 1 12012
d 1 12013
d 1 12014
d 1 12015
d 1 12016
d 1 12017
d 1 12018
d 1 12019
d 1 12020
d 1 12021
d 1 12022
d 1 12023
d 1 12024
d 1 12025
d 1 12026
d 1 12027
d 1 12028
d 1 12029
d 1 12030
d 1 12031
d 1 12032
d 1 12033
d 1 12034
d 1 12035
d 1 12036
d 1 12037
d 1 12038
d 1 12039
d 1 12040
d 1 12041
d 1 12042
d 1 12043
d 1 12044
d 1 12045
d 1 12046
d 1 12047
d 1 12048
d 1 12049
d 1 12050
d 1 12051
d 1 12052
d 1 12053
d 1 12054
d 1 12055
d 1 12056
d 1 12057
d 1 12058
d 1 12059
d 1 12060
d 1 12061
d 1 12062
d 1 12063
d 1 12064
d 1 12065
d 1 12066
d 1 12067
d 1 12068
d 1 12069
d 1 12070
d 1 12071
d 1 12072
d 1 12073
d 1 12074
d 1 12075
d 1 12076
d 1 12077
d 1 12078
d 1 12079
d 1 12080
d 1 12081
d 1 12082
d 1 12083
d 1 12084
d 1 12085
d 1 12086
d 1 12087
d 1 12088
d 1 12089
d 1 12090
d 1 12091
d 1 12092
d 1 12093
d 1 12094
d 1 12095
d 1 12096
d 1 12097
d 1 12098
d 1 12099
d 1 12100
d 1 12101
d 1 12102
d 1 12103
d 1 12104
d 1 12105
d 1 12106
d 1 12107
d 1 12108
d 1 12109
d 1 12110
d 1 12111
d 1 12112
d 1 12113
d 1 12114
d 1 12115
d 1 12116
d 1 12117
d 1 12118
d 1 12119
d 1 12120
d 1 12121
d 1 12122
d 1 12123
d 1 12124
d 1 12125
d 1 12126
d 1 12127
d 1 12128
d 1 12129
d 1 12130
d 1 12131
d 1 12132
d 1 12133
d 1 12134
d 1 12135
d 1 12136
b 12681
b 12682
b 12683
b 12684
b 12685
b 12686
b 12687
b 12688
b 12689
b 12690
b 12691
b 12692
b 12693
b 12694
b 12695
b 12696
b 12697
b 12698
b 12699
b 12700
b 12701
b 12702
b 12703
b 12704
b 12705
b 12706
b 12707
b 12708
b 12709
b 12710
b 12711
b 12712
b 12713
b 12714
b 12715
b 12716
b 12717
b 12718
b 12719
b 12720
b 12721
b 12722
b 12723
b 12724
b 12725
b 12726
b 12727
b 12728
b 12729
b 12730
b 12731
b 12732
b 12733
b 12734
b 12735
b 12736
b 12737
b 12738
b 12739
b 12740
b 12741
b 12742
b 12743
b 12744
b 12745
b 12746
b 12747
b 12748
b 12749
b 12750
b 12751
b 12752
b 12753
b 12754
b 12755
b 12756
b 12757
b 12758
b 12759
b 12760
b 12761
b 12762
b 12763
b 12764
b 12765
b 12766
b 12767
b 12768
b 12769
b 12770
b 12771
b 12772
b 12773
b 12774
b 12775
b 12776
b 12777
b 12778
b 12779
b 12780
b 12781
b 12782
b 12783
b 12784
b 12785
b 12786
b 12787
b 12788
b 12789
b 12790
b 12791
b 12792
b 12793
b 12794
b 12795
b 12796
b 12797
b 12798
b 12799
b 12800
b 12801
b 12802
b 12803
b 12804
b 12805
b 12806
b 12807
b 12808
b 12809
b 12810
b 12811
b 12812
b 12813
b 12814
b 12815
b 12816
b 12817
b 12818
b 12819
b 12820
b 12821
b 12822
b 12823
b 12824
b 12825
b 12826
b 12827
b 12828
b 12829
b 12830
b 12831
b 12832
b 12833
b 12834
b 12835
b 12836
b 12837
b 12838
b 12839
b 12840
b 12841
b 12842
b 12843
b 12844
b 12845
b 12846
b 12847
b 12848
b 12849
b 12850
b 12851
b 12852
b 12853
b 12854
b 12855
b 12856
b 12857
b 12858
b 12859
b 12860
b 12861
b 12862
b 12863
b 12864
b 12865
b 12866
b 12867
b 12868
b 12869
b 12870
b 12871
b 12872
b 12873
b 12874
b 12875
b 12876
b 12877
b 12878
b 12879
b 12880
b 12881
b 12882
b 12883
b 12884
b 12885
b 12886
b 12887
b 12888
b 12889
b 12890
b 12891
b 12892
b 12893
b 12894
b 12895
b 12896
b 12897
b 12898
b 12899
b 12900
b 12901
b 12902
b 12903
b 12904
b 12905
b 12906
b 12907
b 12908
b 12909
b 12910
b 12911
b 12912
b 12913
b 12914
b 12915
b 12916
b 12917
b 12918
b 12919
b 12920
b 12921
b 12922
b 12923
b 12924
b 12925
b 12926
b 12927
b 12928
b 12929
b 12930
b 12931
b 12932
b 12933
b 12934
b 12935
b 12936
b 12937
b 12938
b 12939
b 12940
b 12941
b 12942
b 12943
b 12944
b 12945
b 12946
b 12947
b 12948
b 12949
b 12950
b 12951
b 12952
d 1 12137
d 1 12138
d 1 12139
d 1 12140
d 1 12141
d 1 12142
d 1 12143
d 1 12144
d 1 12145
d 1 12146
d 1 12147
d 1 12148
d 1 12149
d 1 12150
d 1 12151
d 1 12152
d 1 12153
d 1 12154
d 1 12155
d 1 12156
d 1 12157
d 1 12158
d 1 12159
d 1 12160
d 1 12161
d 1 12162
d 1 12163
d 1 12164
d 1 12165
d 1 12166
d 1 12167
d 1 12168
d 1 12169
d 1 12170
d 1 12171
d 1 12172
d 1 12173
d 1 12174
d 1 12175
d 1 12176
d 1 12177
d 1 12178
d 1 12179
d 1 12180
d 1 12181
d 1 12182
d 1 12183
d 1 12184
d 1 12185
d 1 12186
d 1 12187
d 1 12188
d 1 12189
d 1 12190
d 1 12191
d 1 12192
d 1 12193
d 1 12194
d 1 12195
d 1 12196
d 1 12197
d 1 12198
d 1 12199
d 1 12200
d 1 12201
d 1 12202
d 1 12203
d 1 12204
d 1 12205
d 1 12206
d 1 12207
d 1 12208
d 1 12209
d 1 12210
d 1 12211
d 1 12212
d 1 12213
d 1 12214
d 1 12215
d 1 12216
d 1 12217
d 1 12218
d 1 12219
d 1 12220
d 1 12221
d 1 12222
d 1 12223
d 1 12224
d 1 12225
d 1 12226
d 1 12227
d 1 12228
d 1 12229
d 1 12230
d 1 12231
d 1 12232
d 1 12233
d 1 12234
d 1 12235
d 1 12236
d 1 12237
d 1 12238
d 1 12239
d 1 12240
d 1 12241
d 1 12242
d 1 12243
d 1 12244
d 1 12245
d 1 12246
d 1 12247
d 1 12248
d 1 12249
d 1 12250
d 1 12251
d 1 12252
d 1 12253
d 1 12254
d 1 12255
d 1 12256
d 1 12257
d 1 12258
d 1 12259
d 1 12260
d 1 12261
d 1 12262
d 1 12263
d 1 12264
d 1 12265
d 1 12266
d 1 12267
d 1 12268
d 1 12269
d 1 12270
d 1 12271
d 1 12272
b 12953
b 12954
b 12955
b 12956
b 12957
b 12958
b 12959
b 12960
b 12961
b 12962
b 12963
b 12964
b 12965
b 12966
b 12967
b 12968
b 12969
b 12970
b 12971
b 12972
b 12973
b 12974
b 12975
b 12976
b 12977
b 12978
b 12979
b 12980
b 12981
b 12982
b 12983
b 12984
b 12985
b 12986
b 12987
b 12988
b 12989
b 12990
b 12991
b 12992
b 12993
b 12994
b 12995
b 12996
b 12997
b 12998
b 12999
b 13000
b 13001
b 13002
b 13003
b 13004
b 13005
b 13006
b 13007
b 13008
b 13009
b 13010
b 13011
b 13012
b 13013
b 13014
b 13015
b 13016
b 13017
b 13018
b 13019
b 13020
b 13021
b 13022
b 13023
b 13024
b 13025
b 13026
b 13027
b 13028
b 13029
b 13030
b 13031
b 13032
b 13033
b 13034
b 13035
b 13036
b 13037
b 13038
b 13039
b 13040
b 13041
b 13042
b 13043
b 13044
b 13045
b 13046
b 13047
b 13048
b 13049
b 13050
b 13051
b 13052
b 13053
b 13054
b 13055
b 13056
b 13057
b 13058
b 13059
b 13060
b 13061
b 13062
b 13063
b 13064
b 13065
b 13066
b 13067
b 13068
b 13069
b 13070
b 13071
b 13072
b 13073
b 13074
b 13075
b 13076
b 13077
b 13078
b 13079
b 13080
b 13081
b 13082
b 13083
b 13084
b 13085
b 13086
b 13087
b 13088
d 1 12273
d 1 12274
d 1 12275
d 1 12276
d 1 12277
d 1 12278
d 1 12279
d 1 12280
d 1 12281
d 1 12282
d 1 12283
d 1 12284
d 1 12285
d 1 12286
d 1 12287
d 1 12288
d 1 12289
d 1 12290
d 1 12291
d 1 12292
d 1 12293
d 1 12294
d 1 12295
d 1 12296
d 1 12297
d 1 12298
d 1 12299
d 1 12300
d 1 12301
d 1 12302
d 1 12303
d 1 12304
d 1 12305
d 1 12306
d 1 12307
d 1 12308
d 1 12309
d 1 12310
d 1 12311
d 1 12312
d 1 12313
d 1 12314
d 1 12315
d 1 12316
d 1 12317
d 1 12318
d 1 12319
d 1 12320
b 13089
b 13090
b 13091
b 13092
b 13093
b 13094
b 13095
b 13096
b 13097
b 13098
b 13099
b 13100
b 13101
b 13102
b 13103
b 13104
b 13105
b 13106
b 13107
b 13108
b 13109
b 13110
b 13111
b 13112
b 13113
b 13114
b 13115
b 13116
b 13117
b 13118
b 13119
b 13120
b 13121
b 13122
b 13123
b 13124
b 13125
b 13126
b 13127
b 13128
b 13129
b 13130
b 13131
b 13132
b 13133
b 13134
b 13135
b 13136
d 1 12321
d 1 12322
d 1 12323
d 1 12324
d 1 12325
d 1 12326
d 1 12327
d 1 12328
d 1 12329
d 1 12330
d 1 12331
d 1 12332
d 1 12333
d 1 12334
d 1 12335
d 1 12336
d 1 12337
d 1 12338
d 1 12339
d 1 12340
d 1 12341
d 1 12342
d 1 12343
d 1 12344
d 1 12345
d 1 12346
d 1 12347
d 1 12348
d 1 12349
d 1 12350
d 1 12351
d 1 12352
d 1 12353
d 1 12354
d 1 12355
d 1 12356
d 1 12357
d 1 12358
d 1 12359
d 1 12360
d 1 12361
d 1 12362
d 1 12363
d 1 12364
d 1 12365
d 1 12366
d 1 12367
d 1 12368
d 1 12369
d 1 12370
d 1 12371
d 1 12372
d 1 12373
d 1 12374
d 1 12375
d 1 12376
d 1 12377
d 1 12378
d 1 12379
d 1 12380
d 1 12381
d 1 12382
d 1 12383
d 1 12384
d 1 12385
d 1 12386
d 1 12387
d 1 12388
d 1 12389
d 1 12390
d 1 12391
d 1 12392
d 1 12393
d 1 12394
d 1 12395
d 1 12396
d 1 12397
d 1 12398
d 1 12399
d 1 12400
d 1 12401
d 1 12402
d 1 12403
d 1 12404
d 1 12405
d 1 12406
d 1 12407
d 1 12408
d 1 12409
d 1 12410
d 1 12411
d 1 12412
d 1 12413
d 1 12414
d 1 12415
d 1 12416
d 1 12417
d 1 12418
d 1 12419
d 1 12420
d 1 12421
d 1 12422
d 1 12423
d 1 12424
d 1 12425
d 1 12426
d 1 12427
d 1 12428
d 1 12429
d 1 12430
d 1 12431
d 1 12432
d 1 12433
d 1 12434
d 1 12435
d 1 12436
d 1 12437
d 1 12438
d 1 12439
d 1 12440
d 1 12441
d 1 12442
d 1 12443
d 1 12444
d 1 12445
d 1 12446
d 1 12447
d 1 12448
d 1 12449
d 1 12450
d 1 12451
d 1 12452
d 1 12453
d 1 12454
d 1 12455
d 1 12456
d 1 12457
d 1 12458
d 1 12459
d 1 12460
d 1 12461
d 1 12462
d 1 12463
d 1 12464
d 1 12465
d 1 12466
d 1 12467
d 1 12468
d 1 12469
d 1 12470
d 1 12471
d 1 12472
d 1 12473
d 1 12474
d 1 12475
d 1 12476
d 1 12477
d 1 12478
d 1 12479
d 1 12480
d 1 12481
d 1 12482
d 1 12483
d 1 12484
d 1 12485
d 1 12486
d 1 12487
d 1 12488
d 1 12489
d 1 12490
d 1 12491
d 1 12492
d 1 12493
d 1 12494
d 1 12495
d 1 12496
d 1 12497
d 1 12498
d 1 12499
d 1 12500
d 1 12501
d 1 12502
d 1 12503
d 1 12504
d 1 12505
d 1 12506
d 1 12507
d 1 12508
d 1 12509
d 1 12510
d 1 12511
d 1 12512
d 1 12513
d 1 12514
d 1 12515
d 1 12516
d 1 12517
d 1 12518
d 1 12519
d 1 12520
d 1 12521
d 1 12522
d 1 12523
d 1 12524
d 1 12525
d 1 12526
d 1 12527
d 1 12528
d 1 12529
d 1 12530
d 1 12531
d 1 12532
d 1 12533
d 1 12534
d 1 12535
d 1 12536
d 1 12537
d 1 12538
d 1 12539
d 1 12540
d 1 12541
d 1 12542
d 1 12543
d 1 12544
d 1 12545
d 1 12546
d 1 12547
d 1 12548
d 1 12549
d 1 12550
d 1 12551
d 1 12552
d 1 12553
d 1 12554
d 1 12555
d 1 12556
d 1 12557
d 1 12558
d 1 12559
d 1 12560
d 1 12561
d 1 12562
d 1 12563
d 1 12564
d 1 12565
d 1 12566
d 1 12567
d 1 12568
d 1 12569
d 1 12570
d 1 12571
d 1 12572
d 1 12573
d 1 12574
d 1 12575
d 1 12576
b 13137
b 13138
b 13139
b 13140
b 13141
b 13142
b 13143
b 13144
b 13145
b 13146
b 13147
b 13148
b 13149
b 13150
b 13151
b 13152
b 13153
b 13154
b 13155
b 13156
b 13157
b 13158
b 13159
b 13160
b 13161
b 13162
b 13163
b 13164
b 13165
b 13166
b 13167
b 13168
b 13169
b 13170
b 13171
b 13172
b 13173
b 13174
b 13175
b 13176
b 13177
b 13178
b 13179
b 13180
b 13181
b 13182
b 13183
b 13184
b 13185
b 13186
b 13187
b 13188
b 13189
b 13190
b 13191
b 13192
b 13193
b 13194
b 13195
b 13196
b 13197
b 13198
b 13199
b 13200
b 13201
b 13202
b 13203
b 13204
b 13205
b 13206
b 13207
b 13208
b 13209
b 13210
b 13211
b 13212
b 13213
b 13214
b 13215
b 13216
b 13217
b 13218
b 13219
b 13220
b 13221
b 13222
b 13223
b 13224
b 13225
b 13226
b 13227
b 13228
b 13229
b 13230
b 13231
b 13232
b 13233
b 13234
b 13235
b 13236
b 13237
b 13238
b 13239
b 13240
b 13241
b 13242
b 13243
b 13244
b 13245
b 13246
b 13247
b 13248
b 13249
b 13250
b 13251
b 13252
b 13253
b 13254
b 13255
b 13256
b 13257
b 13258
b 13259
b 13260
b 13261
b 13262
b 13263
b 13264
b 13265
b 13266
b 13267
b 13268
b 13269
b 13270
b 13271
b 13272
b 13273
b 13274
b 13275
b 13276
b 13277
b 13278
b 13279
b 13280
b 13281
b 13282
b 13283
b 13284
b 13285
b 13286
b 13287
b 13288
b 13289
b 13290
b 13291
b 13292
b 13293
b 13294
b 13295
b 13296
b 13297
b 13298
b 13299
b 13300
b 13301
b 13302
b 13303
b 13304
b 13305
b 13306
b 13307
b 13308
b 13309
b 13310
b 13311
b 13312
b 13313
b 13314
b 13315
b 13316
b 13317
b 13318
b 13319
b 13320
b 13321
b 13322
b 13323
b 13324
b 13325
b 13326
b 13327
b 13328
b 13329
b 13330
b 13331
b 13332
b 13333
b 13334
b 13335
b 13336
b 13337
b 13338
b 13339
b 13340
b 13341
b 13342
b 13343
b 13344
b 13345
b 13346
b 13347
b 13348
b 13349
b 13350
b 13351
b 13352
b 13353
b 13354
b 13355
b 13356
b 13357
b 13358
b 13359
b 13360
b 13361
b 13362
b 13363
b 13364
b 13365
b 13366
b 13367
b 13368
b 13369
b 13370
b 13371
b 13372
b 13373
b 13374
b 13375
b 13376
b 13377
b 13378
b 13379
b 13380
b 13381
b 13382
b 13383
b 13384
b 13385
b 13386
b 13387
b 13388
b 13389
b 13390
b 13391
b 13392
d 1 12577
d 1 12578
d 1 12579
d 1 12580
d 1 12581
d 1 12582
d 1 12583
d 1 12584
d 1 12585
d 1 12586
d 1 12587
d 1 12588
d 1 12589
d 1 12590
d 1 12591
d 1 12592
d 1 12593
d 1 12594
d 1 12595
d 1 12596
d 1 12597
d 1 12598
d 1 12599
d 1 12600
d 1 12601
d 1 12602
d 1 12603
d 1 12604
d 1 12605
d 1 12606
d 1 12607
d 1 12608
d 1 12609
d 1 12610
d 1 12611
d 1 12612
d 1 12613
d 1 12614
d 1 12615
d 1 12616
d 1 12617
d 1 12618
d 1 12619
d 1 12620
d 1 12621
d 1 12622
d 1 12623
d 1 12624
d 1 12625
d 1 12626
d 1 12627
d 1 12628
d 1 12629
d 1 12630
d 1 12631
d 1 12632
b 13393
b 13394
b 13395
b 13396
b 13397
b 13398
b 13399
b 13400
b 13401
b 13402
b 13403
b 13404
b 13405
b 13406
b 13407
b 13408
b 13409
b 13410
b 13411
b 13412
b 13413
b 13414
b 13415
b 13416
b 13417
b 13418
b 13419
b 13420
b 13421
b 13422
b 13423
b 13424
b 13425
b 13426
b 13427
b 13428
b 13429
b 13430
b 13431
b 13432
b 13433
b 13434
b 13435
b 13436
b 13437
b 13438
b 13439
b 13440
b 13441
b 13442
b 13443
b 13444
b 13445
b 13446
b 13447
b 13448
d 1 12633
d 1 12634
d 1 12635
d 1 12636
d 1 12637
d 1 12638
d 1 12639
d 1 12640
d 1 12641
d 1 12642
d 1 12643
d 1 12644
d 1 12645
d 1 12646
d 1 12647
d 1 12648
d 1 12649
d 1 12650
d 1 12651
d 1 12652
d 1 12653
d 1 12654
d 1 12655
d 1 12656
d 1 12657
d 1 12658
d 1 12659
d 1 12660
d 1 12661
d 1 12662
d 1 12663
d 1 12664
d 1 12665
d 1 12666
d 1 12667
d 1 12668
d 1 12669
d 1 12670
d 1 12671
d 1 12672
b 13449
b 13450
b 13451
b 13452
b 13453
b 13454
b 13455
b 13456
b 13457
b 13458
b 13459
b 13460
b 13461
b 13462
b 13463
b 13464
b 13465
b 13466
b 13467
b 13468
b 13469
b 13470
b 13471
b 13472
b 13473
b 13474
b 13475
b 13476
b 13477
b 13478
b 13479
b 13480
b 13481
b 13482
b 13483
b 13484
b 13485
b 13486
b 13487
b 13488
d 1 12673
d 1 12674
d 1 12675
d 1 12676
d 1 12677
d 1 12678
d 1 12679
d 1 12680
d 1 12681
d 1 12682
d 1 12683
d 1 12684
d 1 12685
d 1 12686
d 1 12687
d 1 12688
d 1 12689
d 1 12690
d 1 12691
d 1 12692
d 1 12693
d 1 12694
d 1 12695
d 1 12696
d 1 12697
d 1 12698
d 1 12699
d 1 12700
d 1 12701
d 1 12702
d 1 12703
d 1 12704
d 1 12705
d 1 12706
d 1 12707
d 1 12708
d 1 12709
d 1 12710
d 1 12711
d 1 12712
d 1 12713
d 1 12714
d 1 12715
d 1 12716
d 1 12717
d 1 12718
d 1 12719
d 1 12720
d 1 12721
d 1 12722
d 1 12723
d 1 12724
d 1 12725
d 1 12726
d 1 12727
d 1 12728
d 1 12729
d 1 12730
d 1 12731
d 1 12732
d 1 12733
d 1 12734
d 1 12735
d 1 12736
d 1 12737
d 1 12738
d 1 12739
d 1 12740
d 1 12741
d 1 12742
d 1 12743
d 1 12744
d 1 12745
d 1 12746
d 1 12747
d 1 12748
d 1 12749
d 1 12750
d 1 12751
d 1 12752
d 1 12753
d 1 12754
d 1 12755
d 1 12756
d 1 12757
d 1 12758
d 1 12759
d 1 12760
d 1 12761
d 1 12762
d 1 12763
d 1 12764
d 1 12765
d 1 12766
d 1 12767
d 1 12768
d 1 12769
d 1 12770
d 1 12771
d 1 12772
d 1 12773
d 1 12774
d 1 12775
d 1 12776
d 1 12777
d 1 12778
d 1 12779
d 1 12780
d 1 12781
d 1 12782
d 1 12783
d 1 12784
d 1 12785
d 1 12786
d 1 12787
d 1 12788
d 1 12789
d 1 12790
d 1 12791
d 1 12792
d 1 12793
d 1 12794
d 1 12795
d 1 12796
d 1 12797
d 1 12798
d 1 12799
d 1 12800
b 13489
b 13490
b 13491
b 13492
b 13493
b 13494
b 13495
b 13496
b 13497
b 13498
b 13499
b 13500
b 13501
b 13502
b 13503
b 13504
b 13505
b 13506
b 13507
b 13508
b 13509
b 13510
b 13511
b 13512
b 13513
b 13514
b 13515
b 13516
b 13517
b 13518
b 13519
b 13520
b 13521
b 13522
b 13523
b 13524
b 13525
b 13526
b 13527
b 13528
b 13529
b 13530
b 13531
b 13532
b 13533
b 13534
b 13535
b 13536
b 13537
b 13538
b 13539
b 13540
b 13541
b 13542
b 13543
b 13544
b 13545
b 13546
b 13547
b 13548
b 13549
b 13550
b 13551
b 13552
b 13553
b 13554
b 13555
b 13556
b 13557
b 13558
b 13559
b 13560
b 13561
b 13562
b 13563
b 13564
b 13565
b 13566
b 13567
b 13568
b 13569
b 13570
b 13571
b 13572
b 13573
b 13574
b 13575
b 13576
b 13577
b 13578
b 13579
b 13580
b 13581
b 13582
b 13583
b 13584
b 13585
b 13586
b 13587
b 13588
b 13589
b 13590
b 13591
b 13592
b 13593
b 13594
b 13595
b 13596
b 13597
b 13598
b 13599
b 13600
b 13601
b 13602
b 13603
b 13604
b 13605
b 13606
b 13607
b 13608
b 13609
b 13610
b 13611
b 13612
b 13613
b 13614
b 13615
b 13616
d 1 12801
d 1 12802
d 1 12803
d 1 12804
d 1 12805
d 1 12806
d 1 12807
d 1 12808
d 1 12809
d 1 12810
d 1 12811
d 1 12812
d 1 12813
d 1 12814
d 1 12815
d 1 12816
d 1 12817
d 1 12818
d 1 12819
d 1 12820
d 1 12821
d 1 12822
d 1 12823
d 1 12824
d 1 12825
d 1 12826
d 1 12827
d 1 12828
d 1 12829
d 1 12830
d 1 12831
d 1 12832
d 1 12833
d 1 12834
d 1 12835
d 1 12836
d 1 12837
d 1 12838
d 1 12839
d 1 12840
d 1 12841
d 1 12842
d 1 12843
d 1 12844
d 1 12845
d 1 12846
d 1 12847
d 1 12848
d 1 12849
d 1 12850
d 1 12851
d 1 12852
d 1 12853
d 1 12854
d 1 12855
d 1 12856
d 1 12857
d 1 12858
d 1 12859
d 1 12860
d 1 12861
d 1 12862
d 1 12863
d 1 12864
d 1 12865
d 1 12866
d 1 12867
d 1 12868
d 1 12869
d 1 12870
d 1 12871
d 1 12872
d 1 12873
d 1 12874
d 1 12875
d 1 12876
d 1 12877
d 1 12878
d 1 12879
d 1 12880
d 1 12881
d 1 12882
d 1 12883
d 1 12884
d 1 12885
d 1 12886
d 1 12887
d 1 12888
b 13617
b 13618
b 13619
b 13620
b 13621
b 13622
b 13623
b 13624
b 13625
b 13626
b 13627
b 13628
b 13629
b 13630
b 13631
b 13632
b 13633
b 13634
b 13635
b 13636
b 13637
b 13638
b 13639
b 13640
b 13641
b 13642
b 13643
b 13644
b 13645
b 13646
b 13647
b 13648
b 13649
b 13650
b 13651
b 13652
b 13653
b 13654
b 13655
b 13656
b 13657
b 13658
b 13659
b 13660
b 13661
b 13662
b 13663
b 13664
b 13665
b 13666
b 13667
b 13668
b 13669
b 13670
b 13671
b 13672
b 13673
b 13674
b 13675
b 13676
b 13677
b 13678
b 13679
b 13680
b 13681
b 13682
b 13683
b 13684
b 13685
b 13686
b 13687
b 13688
b 13689
b 13690
b 13691
b 13692
b 13693
b 13694
b 13695
b 13696
b 13697
b 13698
b 13699
b 13700
b 13701
b 13702
b 13703
b 13704
d 1 12889
d 1 12890
d 1 12891
d 1 12892
d 1 12893
d 1 12894
d 1 12895
d 1 12896
d 1 12897
d 1 12898
d 1 12899
d 1 12900
d 1 12901
d 1 12902
d 1 12903
d 1 12904
d 1 12905
d 1 12906
d 1 12907
d 1 12908
d 1 12909
d 1 12910
d 1 12911
d 1 12912
d 1 12913
d 1 12914
d 1 12915
d 1 12916
d 1 12917
d 1 12918
d 1 12919
d 1 12920
d 1 12921
d 1 12922
d 1 12923
d 1 12924
d 1 12925
d 1 12926
d 1 12927
d 1 12928
d 1 12929
d 1 12930
d 1 12931
d 1 12932
d 1 12933
d 1 12934
d 1 12935
d 1 12936
d 1 12937
d 1 12938
d 1 12939
d 1 12940
d 1 12941
d 1 12942
d 1 12943
d 1 12944
d 1 12945
d 1 12946
d 1 12947
d 1 12948
d 1 12949
d 1 12950
d 1 12951
d 1 12952
d 1 12953
d 1 12954
d 1 12955
d 1 12956
d 1 12957
d 1 12958
d 1 12959
d 1 12960
d 1 12961
d 1 12962
d 1 12963
d 1 12964
d 1 12965
d 1 12966
d 1 12967
d 1 12968
d 1 12969
d 1 12970
d 1 12971
d 1 12972
d 1 12973
d 1 12974
d 1 12975
d 1 12976
b 13705
b 13706
b 13707
b 13708
b 13709
b 13710
b 13711
b 13712
b 13713
b 13714
b 13715
b 13716
b 13717
b 13718
b 13719
b 13720
b 13721
b 13722
b 13723
b 13724
b 13725
b 13726
b 13727
b 13728
b 13729
b 13730
b 13731
b 13732
b 13733
b 13734
b 13735
b 13736
b 13737
b 13738
b 13739
b 13740
b 13741
b 13742
b 13743
b 13744
b 13745
b 13746
b 13747
b 13748
b 13749
b 13750
b 13751
b 13752
b 13753
b 13754
b 13755
b 13756
b 13757
b 13758
b 13759
b 13760
b 13761
b 13762
b 13763
b 13764
b 13765
b 13766
b 13767
b 13768
b 13769
b 13770
b 13771
b 13772
b 13773
b 13774
b 13775
b 13776
b 13777
b 13778
b 13779
b 13780
b 13781
b 13782
b 13783
b 13784
b 13785
b 13786
b 13787
b 13788
b 13789
b 13790
b 13791
b 13792
d 1 12977
d 1 12978
d 1 12979
d 1 12980
d 1 12981
d 1 12982
d 1 12983
d 1 12984
d 1 12985
d 1 12986
d 1 12987
d 1 12988
d 1 12989
d 1 12990
d 1 12991
d 1 12992
d 1 12993
d 1 12994
d 1 12995
d 1 12996
d 1 12997
d 1 12998
d 1 12999
d 1 13000
d 1 13001
d 1 13002
d 1 13003
d 1 13004
d 1 13005
d 1 13006
d 1 13007
d 1 13008
d 1 13009
d 1 13010
d 1 13011
d 1 13012
d 1 13013
d 1 13014
d 1 13015
d 1 13016
b 13793
b 13794
b 13795
b 13796
b 13797
b 13798
b 13799
b 13800
b 13801
b 13802
b 13803
b 13804
b 13805
b 13806
b 13807
b 13808
b 13809
b 13810
b 13811
b 13812
b 13813
b 13814
b 13815
b 13816
b 13817
b 13818
b 13819
b 13820
b 13821
b 13822
b 13823
b 13824
b 13825
b 13826
b 13827
b 13828
b 13829
b 13830
b 13831
b 13832
d 1 13017
d 1 13018
d 1 13019
d 1 13020
d 1 13021
d 1 13022
d 1 13023
d 1 13024
d 1 13025
d 1 13026
d 1 13027
d 1 13028
d 1 13029
d 1 13030
d 1 13031
d 1 13032
d 1 13033
d 1 13034
d 1 13035
d 1 13036
d 1 13037
d 1 13038
d 1 13039
d 1 13040
d 1 13041
d 1 13042
d 1 13043
d 1 13044
d 1 13045
d 1 13046
d 1 13047
d 1 13048
d 1 13049
d 1 13050
d 1 13051
d 1 13052
d 1 13053
d 1 13054
d 1 13055
d 1 13056
d 1 13057
d 1 13058
d 1 13059
d 1 13060
d 1 13061
d 1 13062
d 1 13063
d 1 13064
d 1 13065
d 1 13066
d 1 13067
d 1 13068
d 1 13069
d 1 13070
d 1 13071
d 1 13072
d 1 13073
d 1 13074
d 1 13075
d 1 13076
d 1 13077
d 1 13078
d 1 13079
d 1 13080
d 1 13081
d 1 13082
d 1 13083
d 1 13084
d 1 13085
d 1 13086
d 1 13087
d 1 13088
d 1 13089
d 1 13090
d 1 13091
d 1 13092
d 1 13093
d 1 13094
d 1 13095
d 1 13096
d 1 13097
d 1 13098
d 1 13099
d 1 13100
d 1 13101
d 1 13102
d 1 13103
d 1 13104
d 1 13105
d 1 13106
d 1 13107
d 1 13108
d 1 13109
d 1 13110
d 1 13111
d 1 13112
b 13833
b 13834
b 13835
b 13836
b 13837
b 13838
b 13839
b 13840
b 13841
b 13842
b 13843
b 13844
b 13845
b 13846
b 13847
b 13848
b 13849
b 13850
b 13851
b 13852
b 13853
b 13854
b 13855
b 13856
b 13857
b 13858
b 13859
b 13860
b 13861
b 13862
b 13863
b 13864
b 13865
b 13866
b 13867
b 13868
b 13869
b 13870
b 13871
b 13872
b 13873
b 13874
b 13875
b 13876
b 13877
b 13878
b 13879
b 13880
b 13881
b 13882
b 13883
b 13884
b 13885
b 13886
b 13887
b 13888
b 13889
b 13890
b 13891
b 13892
b 13893
b 13894
b 13895
b 13896
b 13897
b 13898
b 13899
b 13900
b 13901
b 13902
b 13903
b 13904
b 13905
b 13906
b 13907
b 13908
b 13909
b 13910
b 13911
b 13912
b 13913
b 13914
b 13915
b 13916
b 13917
b 13918
b 13919
b 13920
b 13921
b 13922
b 13923
b 13924
b 13925
b 13926
b 13927
b 13928
d 1 13113
d 1 13114
d 1 13115
d 1 13116
d 1 13117
d 1 13118
d 1 13119
d 1 13120
d 1 13121
d 1 13122
d 1 13123
d 1 13124
d 1 13125
d 1 13126
d 1 13127
d 1 13128
d 1 13129
d 1 13130
d 1 13131
d 1 13132
d 1 13133
d 1 13134
d 1 13135
d 1 13136
d 1 13137
d 1 13138
d 1 13139
d 1 13140
d 1 13141
d 1 13142
d 1 13143
d 1 13144
d 1 13145
d 1 13146
d 1 13147
d 1 13148
d 1 13149
d 1 13150
d 1 13151
d 1 13152
d 1 13153
d 1 13154
d 1 13155
d 1 13156
d 1 13157
d 1 13158
d 1 13159
d 1 13160
d 1 13161
d 1 13162
d 1 13163
d 1 13164
d 1 13165
d 1 13166
d 1 13167
d 1 13168
d 1 13169
d 1 13170
d 1 13171
d 1 13172
d 1 13173
d 1 13174
d 1 13175
d 1 13176
d 1 13177
d 1 13178
d 1 13179
d 1 13180
d 1 13181
d 1 13182
d 1 13183
d 1 13184
d 1 13185
d 1 13186
d 1 13187
d 1 13188
d 1 13189
d 1 13190
d 1 13191
d 1 13192
d 1 13193
d 1 13194
d 1 13195
d 1 13196
d 1 13197
d 1 13198
d 1 13199
d 1 13200
d 1 13201
d 1 13202
d 1 13203
d 1 13204
d 1 13205
d 1 13206
d 1 13207
d 1 13208
d 1 13209
d 1 13210
d 1 13211
d 1 13212
d 1 13213
d 1 13214
d 1 13215
d 1 13216
d 1 13217
d 1 13218
d 1 13219
d 1 13220
d 1 13221
d 1 13222
d 1 13223
d 1 13224
d 1 13225
d 1 13226
d 1 13227
d 1 13228
d 1 13229
d 1 13230
d 1 13231
d 1 13232
d 1 13233
d 1 13234
d 1 13235
d 1 13236
d 1 13237
d 1 13238
d 1 13239
d 1 13240
d 1 13241
d 1 13242
d 1 13243
d 1 13244
d 1 13245
d 1 13246
d 1 13247
d 1 13248
d 1 13249
d 1 13250
d 1 13251
d 1 13252
d 1 13253
d 1 13254
d 1 13255
d 1 13256
d 1 13257
d 1 13258
d 1 13259
d 1 13260
d 1 13261
d 1 13262
d 1 13263
d 1 13264
d 1 13265
d 1 13266
d 1 13267
d 1 13268
d 1 13269
d 1 13270
d 1 13271
d 1 13272
d 1 13273
d 1 13274
d 1 13275
d 1 13276
d 1 13277
d 1 13278
d 1 13279
d 1 13280
d 1 13281
d 1 13282
d 1 13283
d 1 13284
d 1 13285
d 1 13286
d 1 13287
d 1 13288
d 1 13289
d 1 13290
d 1 13291
d 1 13292
d 1 13293
d 1 13294
d 1 13295
d 1 13296
d 1 13297
d 1 13298
d 1 13299
d 1 13300
d 1 13301
d 1 13302
d 1 13303
d 1 13304
d 1 13305
d 1 13306
d 1 13307
d 1 13308
d 1 13309
d 1 13310
d 1 13311
d 1 13312
d 1 13313
d 1 13314
d 1 13315
d 1 13316
d 1 13317
d 1 13318
d 1 13319
d 1 13320
d 1 13321
d 1 13322
d 1 13323
d 1 13324
d 1 13325
d 1 13326
d 1 13327
d 1 13328
b 13929
b 13930
b 13931
b 13932
b 13933
b 13934
b 13935
b 13936
b 13937
b 13938
b 13939
b 13940
b 13941
b 13942
b 13943
b 13944
b 13945
b 13946
b 13947
b 13948
b 13949
b 13950
b 13951
b 13952
b 13953
b 13954
b 13955
b 13956
b 13957
b 13958
b 13959
b 13960
b 13961
b 13962
b 13963
b 13964
b 13965
b 13966
b 13967
b 13968
b 13969
b 13970
b 13971
b 13972
b 13973
b 13974
b 13975
b 13976
b 13977
b 13978
b 13979
b 13980
b 13981
b 13982
b 13983
b 13984
b 13985
b 13986
b 13987
b 13988
b 13989
b 13990
b 13991
b 13992
b 13993
b 13994
b 13995
b 13996
b 13997
b 13998
b 13999
b 14000
b 14001
b 14002
b 14003
b 14004
b 14005
b 14006
b 14007
b 14008
b 14009
b 14010
b 14011
b 14012
b 14013
b 14014
b 14015
b 14016
b 14017
b 14018
b 14019
b 14020
b 14021
b 14022
b 14023
b 14024
b 14025
b 14026
b 14027
b 14028
b 14029
b 14030
b 14031
b 14032
b 14033
b 14034
b 14035
b 14036
b 14037
b 14038
b 14039
b 14040
b 14041
b 14042
b 14043
b 14044
b 14045
b 14046
b 14047
b 14048
b 14049
b 14050
b 14051
b 14052
b 14053
b 14054
b 14055
b 14056
b 14057
b 14058
b 14059
b 14060
b 14061
b 14062
b 14063
b 14064
b 14065
b 14066
b 14067
b 14068
b 14069
b 14070
b 14071
b 14072
b 14073
b 14074
b 14075
b 14076
b 14077
b 14078
b 14079
b 14080
b 14081
b 14082
b 14083
b 14084
b 14085
b 14086
b 14087
b 14088
b 14089
b 14090
b 14091
b 14092
b 14093
b 14094
b 14095
b 14096
b 14097
b 14098
b 14099
b 14100
b 14101
b 14102
b 14103
b 14104
b 14105
b 14106
b 14107
b 14108
b 14109
b 14110
b 14111
b 14112
b 14113
b 14114
b 14115
b 14116
b 14117
b 14118
b 14119
b 14120
b 14121
b 14122
b 14123
b 14124
b 14125
b 14126
b 14127
b 14128
b 14129
b 14130
b 14131
b 14132
b 14133
b 14134
b 14135
b 14136
b 14137
b 14138
b 14139
b 14140
b 14141
b 14142
b 14143
b 14144
d 1 13329
d 1 13330
d 1 13331
d 1 13332
d 1 13333
d 1 13334
d 1 13335
d 1 13336
b 14145
b 14146
b 14147
b 14148
b 14149
b 14150
b 14151
b 14152
d 1 13337
d 1 13338
d 1 13339
d 1 13340
d 1 13341
d 1 13342
d 1 13343
d 1 13344
d 1 13345
d 1 13346
d 1 13347
d 1 13348
d 1 13349
d 1 13350
d 1 13351
d 1 13352
d 1 13353
d 1 13354
d 1 13355
d 1 13356
d 1 13357
d 1 13358
d 1 13359
d 1 13360
d 1 13361
d 1 13362
d 1 13363
d 1 13364
d 1 13365
d 1 13366
d 1 13367
d 1 13368
d 1 13369
d 1 13370
d 1 13371
d 1 13372
d 1 13373
d 1 13374
d 1 13375
d 1 13376
d 1 13377
d 1 13378
d 1 13379
d 1 13380
d 1 13381
d 1 13382
d 1 13383
d 1 13384
d 1 13385
d 1 13386
d 1 13387
d 1 13388
d 1 13389
d 1 13390
d 1 13391
d 1 13392
d 1 13393
d 1 13394
d 1 13395
d 1 13396
d 1 13397
d 1 13398
d 1 13399
d 1 13400
d 1 13401
d 1 13402
d 1 13403
d 1 13404
d 1 13405
d 1 13406
d 1 13407
d 1 13408
d 1 13409
d 1 13410
d 1 13411
d 1 13412
d 1 13413
d 1 13414
d 1 13415
d 1 13416
d 1 13417
d 1 13418
d 1 13419
d 1 13420
d 1 13421
d 1 13422
d 1 13423
d 1 13424
d 1 13425
d 1 13426
d 1 13427
d 1 13428
d 1 13429
d 1 13430
d 1 13431
d 1 13432
d 1 13433
d 1 13434
d 1 13435
d 1 13436
d 1 13437
d 1 13438
d 1 13439
d 1 13440
d 1 13441
d 1 13442
d 1 13443
d 1 13444
d 1 13445
d 1 13446
d 1 13447
d 1 13448
d 1 13449
d 1 13450
d 1 13451
d 1 13452
d 1 13453
d 1 13454
d 1 13455
d 1 13456
d 1 13457
d 1 13458
d 1 13459
d 1 13460
d 1 13461
d 1 13462
d 1 13463
d 1 13464
d 1 13465
d 1 13466
d 1 13467
d 1 13468
d 1 13469
d 1 13470
d 1 13471
d 1 13472
d 1 13473
d 1 13474
d 1 13475
d 1 13476
d 1 13477
d 1 13478
d 1 13479
d 1 13480
d 1 13481
d 1 13482
d 1 13483
d 1 13484
d 1 13485
d 1 13486
d 1 13487
d 1 13488
d 1 13489
d 1 13490
d 1 13491
d 1 13492
d 1 13493
d 1 13494
d 1 13495
d 1 13496
d 1 13497
d 1 13498
d 1 13499
d 1 13500
d 1 13501
d 1 13502
d 1 13503
d 1 13504
d 1 13505
d 1 13506
d 1 13507
d 1 13508
d 1 13509
d 1 13510
d 1 13511
d 1 13512
d 1 13513
d 1 13514
d 1 13515
d 1 13516
d 1 13517
d 1 13518
d 1 13519
d 1 13520
d 1 13521
d 1 13522
d 1 13523
d 1 13524
d 1 13525
d 1 13526
d 1 13527
d 1 13528
d 1 13529
d 1 13530
d 1 13531
d 1 13532
d 1 13533
d 1 13534
d 1 13535
d 1 13536
d 1 13537
d 1 13538
d 1 13539
d 1 13540
d 1 13541
d 1 13542
d 1 13543
d 1 13544
d 1 13545
d 1 13546
d 1 13547
d 1 13548
d 1 13549
d 1 13550
d 1 13551
d 1 13552
d 1 13553
d 1 13554
d 1 13555
d 1 13556
d 1 13557
d 1 13558
d 1 13559
d 1 13560
d 1 13561
d 1 13562
d 1 13563
d 1 13564
d 1 13565
d 1 13566
d 1 13567
d 1 13568
d 1 13569
d 1 13570
d 1 13571
d 1 13572
d 1 13573
d 1 13574
d 1 13575
d 1 13576
d 1 13577
d 1 13578
d 1 13579
d 1 13580
d 1 13581
d 1 13582
d 1 13583
d 1 13584
d 1 13585
d 1 13586
d 1 13587
d 1 13588
d 1 13589
d 1 13590
d 1 13591
d 1 13592
d 1 13593
d 1 13594
d 1 13595
d 1 13596
d 1 13597
d 1 13598
d 1 13599
d 1 13600
d 1 13601
d 1 13602
d 1 13603
d 1 13604
d 1 13605
d 1 13606
d 1 13607
d 1 13608
d 1 13609
d 1 13610
d 1 13611
d 1 13612
d 1 13613
d 1 13614
d 1 13615
d 1 13616
d 1 13617
d 1 13618
d 1 13619
d 1 13620
d 1 13621
d 1 13622
d 1 13623
d 1 13624
d 1 13625
d 1 13626
d 1 13627
d 1 13628
d 1 13629
d 1 13630
d 1 13631
d 1 13632
d 1 13633
d 1 13634
d 1 13635
d 1 13636
d 1 13637
d 1 13638
d 1 13639
d 1 13640
d 1 13641
d 1 13642
d 1 13643
d 1 13644
d 1 13645
d 1 13646
d 1 13647
d 1 13648
b 14153
b 14154
b 14155
b 14156
b 14157
b 14158
b 14159
b 14160
b 14161
b 14162
b 14163
b 14164
b 14165
b 14166
b 14167
b 14168
b 14169
b 14170
b 14171
b 14172
b 14173
b 14174
b 14175
b 14176
b 14177
b 14178
b 14179
b 14180
b 14181
b 14182
b 14183
b 14184
b 14185
b 14186
b 14187
b 14188
b 14189
b 14190
b 14191
b 14192
b 14193
b 14194
b 14195
b 14196
b 14197
b 14198
b 14199
b 14200
b 14201
b 14202
b 14203
b 14204
b 14205
b 14206
b 14207
b 14208
b 14209
b 14210
b 14211
b 14212
b 14213
b 14214
b 14215
b 14216
b 14217
b 14218
b 14219
b 14220
b 14221
b 14222
b 14223
b 14224
b 14225
b 14226
b 14227
b 14228
b 14229
b 14230
b 14231
b 14232
b 14233
b 14234
b 14235
b 14236
b 14237
b 14238
b 14239
b 14240
b 14241
b 14242
b 14243
b 14244
b 14245
b 14246
b 14247
b 14248
b 14249
b 14250
b 14251
b 14252
b 14253
b 14254
b 14255
b 14256
b 14257
b 14258
b 14259
b 14260
b 14261
b 14262
b 14263
b 14264
b 14265
b 14266
b 14267
b 14268
b 14269
b 14270
b 14271
b 14272
b 14273
b 14274
b 14275
b 14276
b 14277
b 14278
b 14279
b 14280
b 14281
b 14282
b 14283
b 14284
b 14285
b 14286
b 14287
b 14288
b 14289
b 14290
b 14291
b 14292
b 14293
b 14294
b 14295
b 14296
b 14297
b 14298
b 14299
b 14300
b 14301
b 14302
b 14303
b 14304
b 14305
b 14306
b 14307
b 14308
b 14309
b 14310
b 14311
b 14312
b 14313
b 14314
b 14315
b 14316
b 14317
b 14318
b 14319
b 14320
b 14321
b 14322
b 14323
b 14324
b 14325
b 14326
b 14327
b 14328
b 14329
b 14330
b 14331
b 14332
b 14333
b 14334
b 14335
b 14336
b 14337
b 14338
b 14339
b 14340
b 14341
b 14342
b 14343
b 14344
b 14345
b 14346
b 14347
b 14348
b 14349
b 14350
b 14351
b 14352
b 14353
b 14354
b 14355
b 14356
b 14357
b 14358
b 14359
b 14360
b 14361
b 14362
b 14363
b 14364
b 14365
b 14366
b 14367
b 14368
b 14369
b 14370
b 14371
b 14372
b 14373
b 14374
b 14375
b 14376
b 14377
b 14378
b 14379
b 14380
b 14381
b 14382
b 14383
b 14384
b 14385
b 14386
b 14387
b 14388
b 14389
b 14390
b 14391
b 14392
b 14393
b 14394
b 14395
b 14396
b 14397
b 14398
b 14399
b 14400
b 14401
b 14402
b 14403
b 14404
b 14405
b 14406
b 14407
b 14408
b 14409
b 14410
b 14411
b 14412
b 14413
b 14414
b 14415
b 14416
b 14417
b 14418
b 14419
b 14420
b 14421
b 14422
b 14423
b 14424
b 14425
b 14426
b 14427
b 14428
b 14429
b 14430
b 14431
b 14432
b 14433
b 14434
b 14435
b 14436
b 14437
b 14438
b 14439
b 14440
b 14441
b 14442
b 14443
b 14444
b 14445
b 14446
b 14447
b 14448
b 14449
b 14450
b 14451
b 14452
b 14453
b 14454
b 14455
b 14456
b 14457
b 14458
b 14459
b 14460
b 14461
b 14462
b 14463
b 14464
d 1 13649
d 1 13650
d 1 13651
d 1 13652
d 1 13653
d 1 13654
d 1 13655
d 1 13656
d 1 13657
d 1 13658
d 1 13659
d 1 13660
d 1 13661
d 1 13662
d 1 13663
d 1 13664
d 1 13665
d 1 13666
d 1 13667
d 1 13668
d 1 13669
d 1 13670
d 1 13671
d 1 13672
d 1 13673
d 1 13674
d 1 13675
d 1 13676
d 1 13677
d 1 13678
d 1 13679
d 1 13680
d 1 13681
d 1 13682
d 1 13683
d 1 13684
d 1 13685
d 1 13686
d 1 13687
d 1 13688
d 1 13689
d 1 13690
d 1 13691
d 1 13692
d 1 13693
d 1 13694
d 1 13695
d 1 13696
d 1 13697
d 1 13698
d 1 13699
d 1 13700
d 1 13701
d 1 13702
d 1 13703
d 1 13704
d 1 13705
d 1 13706
d 1 13707
d 1 13708
d 1 13709
d 1 13710
d 1 13711
d 1 13712
d 1 13713
d 1 13714
d 1 13715
d 1 13716
d 1 13717
d 1 13718
d 1 13719
d 1 13720
d 1 13721
d 1 13722
d 1 13723
d 1 13724
d 1 13725
d 1 13726
d 1 13727
d 1 13728
d 1 13729
d 1 13730
d 1 13731
d 1 13732
d 1 13733
d 1 13734
d 1 13735
d 1 13736
d 1 13737
d 1 13738
d 1 13739
d 1 13740
d 1 13741
d 1 13742
d 1 13743
d 1 13744
d 1 13745
d 1 13746
d 1 13747
d 1 13748
d 1 13749
d 1 13750
d 1 13751
d 1 13752
d 1 13753
d 1 13754
d 1 13755
d 1 13756
d 1 13757
d 1 13758
d 1 13759
d 1 13760
d 1 13761
d 1 13762
d 1 13763
d 1 13764
d 1 13765
d 1 13766
d 1 13767
d 1 13768
d 1 13769
d 1 13770
d 1 13771
d 1 13772
d 1 13773
d 1 13774
d 1 13775
d 1 13776
d 1 13777
d 1 13778
d 1 13779
d 1 13780
d 1 13781
d 1 13782
d 1 13783
d 1 13784
d 1 13785
d 1 13786
d 1 13787
d 1 13788
d 1 13789
d 1 13790
d 1 13791
d 1 13792
d 1 13793
d 1 13794
d 1 13795
d 1 13796
d 1 13797
d 1 13798
d 1 13799
d 1 13800
d 1 13801
d 1 13802
d 1 13803
d 1 13804
d 1 13805
d 1 13806
d 1 13807
d 1 13808
d 1 13809
d 1 13810
d 1 13811
d 1 13812
d 1 13813
d 1 13814
d 1 13815
d 1 13816
d 1 13817
d 1 13818
d 1 13819
d 1 13820
d 1 13821
d 1 13822
d 1 13823
d 1 13824
d 1 13825
d 1 13826
d 1 13827
d 1 13828
d 1 13829
d 1 13830
d 1 13831
d 1 13832
d 1 13833
d 1 13834
d 1 13835
d 1 13836
d 1 13837
d 1 13838
d 1 13839
d 1 13840
d 1 13841
d 1 13842
d 1 13843
d 1 13844
d 1 13845
d 1 13846
d 1 13847
d 1 13848
d 1 13849
d 1 13850
d 1 13851
d 1 13852
d 1 13853
d 1 13854
d 1 13855
d 1 13856
d 1 13857
d 1 13858
d 1 13859
d 1 13860
d 1 13861
d 1 13862
d 1 13863
d 1 13864
d 1 13865
d 1 13866
d 1 13867
d 1 13868
d 1 13869
d 1 13870
d 1 13871
d 1 13872
d 1 13873
d 1 13874
d 1 13875
d 1 13876
d 1 13877
d 1 13878
d 1 13879
d 1 13880
d 1 13881
d 1 13882
d 1 13883
d 1 13884
d 1 13885
d 1 13886
d 1 13887
d 1 13888
d 1 13889
d 1 13890
d 1 13891
d 1 13892
d 1 13893
d 1 13894
d 1 13895
d 1 13896
d 1 13897
d 1 13898
d 1 13899
d 1 13900
d 1 13901
d 1 13902
d 1 13903
d 1 13904
d 1 13905
d 1 13906
d 1 13907
d 1 13908
d 1 13909
d 1 13910
d 1 13911
d 1 13912
d 1 13913
d 1 13914
d 1 13915
d 1 13916
d 1 13917
d 1 13918
d 1 13919
d 1 13920
d 1 13921
d 1 13922
d 1 13923
d 1 13924
d 1 13925
d 1 13926
d 1 13927
d 1 13928
d 1 13929
d 1 13930
d 1 13931
d 1 13932
d 1 13933
d 1 13934
d 1 13935
d 1 13936
d 1 13937
d 1 13938
d 1 13939
d 1 13940
d 1 13941
d 1 13942
d 1 13943
d 1 13944
d 1 13945
d 1 13946
d 1 13947
d 1 13948
d 1 13949
d 1 13950
d 1 13951
d 1 13952
b 14465
b 14466
b 14467
b 14468
b 14469
b 14470
b 14471
b 14472
b 14473
b 14474
b 14475
b 14476
b 14477
b 14478
b 14479
b 14480
b 14481
b 14482
b 14483
b 14484
b 14485
b 14486
b 14487
b 14488
b 14489
b 14490
b 14491
b 14492
b 14493
b 14494
b 14495
b 14496
b 14497
b 14498
b 14499
b 14500
b 14501
b 14502
b 14503
b 14504
b 14505
b 14506
b 14507
b 14508
b 14509
b 14510
b 14511
b 14512
b 14513
b 14514
b 14515
b 14516
b 14517
b 14518
b 14519
b 14520
b 14521
b 14522
b 14523
b 14524
b 14525
b 14526
b 14527
b 14528
b 14529
b 14530
b 14531
b 14532
b 14533
b 14534
b 14535
b 14536
b 14537
b 14538
b 14539
b 14540
b 14541
b 14542
b 14543
b 14544
b 14545
b 14546
b 14547
b 14548
b 14549
b 14550
b 14551
b 14552
b 14553
b 14554
b 14555
b 14556
b 14557
b 14558
b 14559
b 14560
b 14561
b 14562
b 14563
b 14564
b 14565
b 14566
b 14567
b 14568
b 14569
b 14570
b 14571
b 14572
b 14573
b 14574
b 14575
b 14576
b 14577
b 14578
b 14579
b 14580
b 14581
b 14582
b 14583
b 14584
b 14585
b 14586
b 14587
b 14588
b 14589
b 14590
b 14591
b 14592
b 14593
b 14594
b 14595
b 14596
b 14597
b 14598
b 14599
b 14600
b 14601
b 14602
b 14603
b 14604
b 14605
b 14606
b 14607
b 14608
b 14609
b 14610
b 14611
b 14612
b 14613
b 14614
b 14615
b 14616
b 14617
b 14618
b 14619
b 14620
b 14621
b 14622
b 14623
b 14624
b 14625
b 14626
b 14627
b 14628
b 14629
b 14630
b 14631
b 14632
b 14633
b 14634
b 14635
b 14636
b 14637
b 14638
b 14639
b 14640
b 14641
b 14642
b 14643
b 14644
b 14645
b 14646
b 14647
b 14648
b 14649
b 14650
b 14651
b 14652
b 14653
b 14654
b 14655
b 14656
b 14657
b 14658
b 14659
b 14660
b 14661
b 14662
b 14663
b 14664
b 14665
b 14666
b 14667
b 14668
b 14669
b 14670
b 14671
b 14672
b 14673
b 14674
b 14675
b 14676
b 14677
b 14678
b 14679
b 14680
b 14681
b 14682
b 14683
b 14684
b 14685
b 14686
b 14687
b 14688
b 14689
b 14690
b 14691
b 14692
b 14693
b 14694
b 14695
b 14696
b 14697
b 14698
b 14699
b 14700
b 14701
b 14702
b 14703
b 14704
b 14705
b 14706
b 14707
b 14708
b 14709
b 14710
b 14711
b 14712
b 14713
b 14714
b 14715
b 14716
b 14717
b 14718
b 14719
b 14720
b 14721
b 14722
b 14723
b 14724
b 14725
b 14726
b 14727
b 14728
b 14729
b 14730
b 14731
b 14732
b 14733
b 14734
b 14735
b 14736
b 14737
b 14738
b 14739
b 14740
b 14741
b 14742
b 14743
b 14744
b 14745
b 14746
b 14747
b 14748
b 14749
b 14750
b 14751
b 14752
b 14753
b 14754
b 14755
b 14756
b 14757
b 14758
b 14759
b 14760
b 14761
b 14762
b 14763
b 14764
b 14765
b 14766
b 14767
b 14768
d 1 13953
d 1 13954
d 1 13955
d 1 13956
d 1 13957
d 1 13958
d 1 13959
d 1 13960
d 1 13961
d 1 13962
d 1 13963
d 1 13964
d 1 13965
d 1 13966
d 1 13967
d 1 13968
b 14769
b 14770
b 14771
b 14772
b 14773
b 14774
b 14775
b 14776
b 14777
b 14778
b 14779
b 14780
b 14781
b 14782
b 14783
b 14784
d 1 13969
d 1 13970
d 1 13971
d 1 13972
d 1 13973
d 1 13974
d 1 13975
d 1 13976
d 1 13977
d 1 13978
d 1 13979
d 1 13980
d 1 13981
d 1 13982
d 1 13983
d 1 13984
d 1 13985
d 1 13986
d 1 13987
d 1 13988
d 1 13989
d 1 13990
d 1 13991
d 1 13992
d 1 13993
d 1 13994
d 1 13995
d 1 13996
d 1 13997
d 1 13998
d 1 13999
d 1 14000
d 1 14001
d 1 14002
d 1 14003
d 1 14004
d 1 14005
d 1 14006
d 1 14007
d 1 14008
d 1 14009
d 1 14010
d 1 14011
d 1 14012
d 1 14013
d 1 14014
d 1 14015
d 1 14016
d 1 14017
d 1 14018
d 1 14019
d 1 14020
d 1 14021
d 1 14022
d 1 14023
d 1 14024
d 1 14025
d 1 14026
d 1 14027
d 1 14028
d 1 14029
d 1 14030
d 1 14031
d 1 14032
d 1 14033
d 1 14034
d 1 14035
d 1 14036
d 1 14037
d 1 14038
d 1 14039
d 1 14040
d 1 14041
d 1 14042
d 1 14043
d 1 14044
d 1 14045
d 1 14046
d 1 14047
d 1 14048
d 1 14049
d 1 14050
d 1 14051
d 1 14052
d 1 14053
d 1 14054
d 1 14055
d 1 14056
d 1 14057
d 1 14058
d 1 14059
d 1 14060
d 1 14061
d 1 14062
d 1 14063
d 1 14064
d 1 14065
d 1 14066
d 1 14067
d 1 14068
d 1 14069
d 1 14070
d 1 14071
d 1 14072
d 1 14073
d 1 14074
d 1 14075
d 1 14076
d 1 14077
d 1 14078
d 1 14079
d 1 14080
d 1 14081
d 1 14082
d 1 14083
d 1 14084
d 1 14085
d 1 14086
d 1 14087
d 1 14088
d 1 14089
d 1 14090
d 1 14091
d 1 14092
d 1 14093
d 1 14094
d 1 14095
d 1 14096
d 1 14097
d 1 14098
d 1 14099
d 1 14100
d 1 14101
d 1 14102
d 1 14103
d 1 14104
d 1 14105
d 1 14106
d 1 14107
d 1 14108
d 1 14109
d 1 14110
d 1 14111
d 1 14112
d 1 14113
d 1 14114
d 1 14115
d 1 14116
d 1 14117
d 1 14118
d 1 14119
d 1 14120
d 1 14121
d 1 14122
d 1 14123
d 1 14124
d 1 14125
d 1 14126
d 1 14127
d 1 14128
d 1 14129
d 1 14130
d 1 14131
d 1 14132
d 1 14133
d 1 14134
d 1 14135
d 1 14136
d 1 14137
d 1 14138
d 1 14139
d 1 14140
d 1 14141
d 1 14142
d 1 14143
d 1 14144
d 1 14145
d 1 14146
d 1 14147
d 1 14148
d 1 14149
d 1 14150
d 1 14151
d 1 14152
d 1 14153
d 1 14154
d 1 14155
d 1 14156
d 1 14157
d 1 14158
d 1 14159
d 1 14160
d 1 14161
d 1 14162
d 1 14163
d 1 14164
d 1 14165
d 1 14166
d 1 14167
d 1 14168
b 14785
b 14786
b 14787
b 14788
b 14789
b 14790
b 14791
b 14792
b 14793
b 14794
b 14795
b 14796
b 14797
b 14798
b 14799
b 14800
b 14801
b 14802
b 14803
b 14804
b 14805
b 14806
b 14807
b 14808
b 14809
b 14810
b 14811
b 14812
b 14813
b 14814
b 14815
b 14816
b 14817
b 14818
b 14819
b 14820
b 14821
b 14822
b 14823
b 14824
b 14825
b 14826
b 14827
b 14828
b 14829
b 14830
b 14831
b 14832
b 14833
b 14834
b 14835
b 14836
b 14837
b 14838
b 14839
b 14840
b 14841
b 14842
b 14843
b 14844
b 14845
b 14846
b 14847
b 14848
b 14849
b 14850
b 14851
b 14852
b 14853
b 14854
b 14855
b 14856
b 14857
b 14858
b 14859
b 14860
b 14861
b 14862
b 14863
b 14864
b 14865
b 14866
b 14867
b 14868
b 14869
b 14870
b 14871
b 14872
b 14873
b 14874
b 14875
b 14876
b 14877
b 14878
b 14879
b 14880
b 14881
b 14882
b 14883
b 14884
b 14885
b 14886
b 14887
b 14888
b 14889
b 14890
b 14891
b 14892
b 14893
b 14894
b 14895
b 14896
b 14897
b 14898
b 14899
b 14900
b 14901
b 14902
b 14903
b 14904
b 14905
b 14906
b 14907
b 14908
b 14909
b 14910
b 14911
b 14912
b 14913
b 14914
b 14915
b 14916
b 14917
b 14918
b 14919
b 14920
b 14921
b 14922
b 14923
b 14924
b 14925
b 14926
b 14927
b 14928
b 14929
b 14930
b 14931
b 14932
b 14933
b 14934
b 14935
b 14936
b 14937
b 14938
b 14939
b 14940
b 14941
b 14942
b 14943
b 14944
b 14945
b 14946
b 14947
b 14948
b 14949
b 14950
b 14951
b 14952
b 14953
b 14954
b 14955
b 14956
b 14957
b 14958
b 14959
b 14960
b 14961
b 14962
b 14963
b 14964
b 14965
b 14966
b 14967
b 14968
b 14969
b 14970
b 14971
b 14972
b 14973
b 14974
b 14975
b 14976
b 14977
b 14978
b 14979
b 14980
b 14981
b 14982
b 14983
b 14984
d 1 14169
d 1 14170
d 1 14171
d 1 14172
d 1 14173
d 1 14174
d 1 14175
d 1 14176
d 1 14177
d 1 14178
d 1 14179
d 1 14180
d 1 14181
d 1 14182
d 1 14183
d 1 14184
d 1 14185
d 1 14186
d 1 14187
d 1 14188
d 1 14189
d 1 14190
d 1 14191
d 1 14192
d 1 14193
d 1 14194
d 1 14195
d 1 14196
d 1 14197
d 1 14198
d 1 14199
d 1 14200
d 1 14201
d 1 14202
d 1 14203
d 1 14204
d 1 14205
d 1 14206
d 1 14207
d 1 14208
d 1 14209
d 1 14210
d 1 14211
d 1 14212
d 1 14213
d 1 14214
d 1 14215
d 1 14216
d 1 14217
d 1 14218
d 1 14219
d 1 14220
d 1 14221
d 1 14222
d 1 14223
d 1 14224
d 1 14225
d 1 14226
d 1 14227
d 1 14228
d 1 14229
d 1 14230
d 1 14231
d 1 14232
d 1 14233
d 1 14234
d 1 14235
d 1 14236
d 1 14237
d 1 14238
d 1 14239
d 1 14240
d 1 14241
d 1 14242
d 1 14243
d 1 14244
d 1 14245
d 1 14246
d 1 14247
d 1 14248
d 1 14249
d 1 14250
d 1 14251
d 1 14252
d 1 14253
d 1 14254
d 1 14255
d 1 14256
d 1 14257
d 1 14258
d 1 14259
d 1 14260
d 1 14261
d 1 14262
d 1 14263
d 1 14264
d 1 14265
d 1 14266
d 1 14267
d 1 14268
d 1 14269
d 1 14270
d 1 14271
d 1 14272
d 1 14273
d 1 14274
d 1 14275
d 1 14276
d 1 14277
d 1 14278
d 1 14279
d 1 14280
d 1 14281
d 1 14282
d 1 14283
d 1 14284
d 1 14285
d 1 14286
d 1 14287
d 1 14288
d 1 14289
d 1 14290
d 1 14291
d 1 14292
d 1 14293
d 1 14294
d 1 14295
d 1 14296
d 1 14297
d 1 14298
d 1 14299
d 1 14300
d 1 14301
d 1 14302
d 1 14303
d 1 14304
d 1 14305
d 1 14306
d 1 14307
d 1 14308
d 1 14309
d 1 14310
d 1 14311
d 1 14312
d 1 14313
d 1 14314
d 1 14315
d 1 14316
d 1 14317
d 1 14318
d 1 14319
d 1 14320
d 1 14321
d 1 14322
d 1 14323
d 1 14324
d 1 14325
d 1 14326
d 1 14327
d 1 14328
d 1 14329
d 1 14330
d 1 14331
d 1 14332
d 1 14333
d 1 14334
d 1 14335
d 1 14336
d 1 14337
d 1 14338
d 1 14339
d 1 14340
d 1 14341
d 1 14342
d 1 14343
d 1 14344
b 14985
b 14986
b 14987
b 14988
b 14989
b 14990
b 14991
b 14992
b 14993
b 14994
b 14995
b 14996
b 14997
b 14998
b 14999
b 15000
b 15001
b 15002
b 15003
b 15004
b 15005
b 15006
b 15007
b 15008
b 15009
b 15010
b 15011
b 15012
b 15013
b 15014
b 15015
b 15016
b 15017
b 15018
b 15019
b 15020
b 15021
b 15022
b 15023
b 15024
b 15025
b 15026
b 15027
b 15028
b 15029
b 15030
b 15031
b 15032
b 15033
b 15034
b 15035
b 15036
b 15037
b 15038
b 15039
b 15040
b 15041
b 15042
b 15043
b 15044
b 15045
b 15046
b 15047
b 15048
b 15049
b 15050
b 15051
b 15052
b 15053
b 15054
b 15055
b 15056
b 15057
b 15058
b 15059
b 15060
b 15061
b 15062
b 15063
b 15064
b 15065
b 15066
b 15067
b 15068
b 15069
b 15070
b 15071
b 15072
b 15073
b 15074
b 15075
b 15076
b 15077
b 15078
b 15079
b 15080
b 15081
b 15082
b 15083
b 15084
b 15085
b 15086
b 15087
b 15088
b 15089
b 15090
b 15091
b 15092
b 15093
b 15094
b 15095
b 15096
b 15097
b 15098
b 15099
b 15100
b 15101
b 15102
b 15103
b 15104
b 15105
b 15106
b 15107
b 15108
b 15109
b 15110
b 15111
b 15112
b 15113
b 15114
b 15115
b 15116
b 15117
b 15118
b 15119
b 15120
b 15121
b 15122
b 15123
b 15124
b 15125
b 15126
b 15127
b 15128
b 15129
b 15130
b 15131
b 15132
b 15133
b 15134
b 15135
b 15136
b 15137
b 15138
b 15139
b 15140
b 15141
b 15142
b 15143
b 15144
b 15145
b 15146
b 15147
b 15148
b 15149
b 15150
b 15151
b 15152
b 15153
b 15154
b 15155
b 15156
b 15157
b 15158
b 15159
b 15160
d 1 14345
d 1 14346
d 1 14347
d 1 14348
d 1 14349
d 1 14350
d 1 14351
d 1 14352
d 1 14353
d 1 14354
d 1 14355
d 1 14356
d 1 14357
d 1 14358
d 1 14359
d 1 14360
d 1 14361
d 1 14362
d 1 14363
d 1 14364
d 1 14365
d 1 14366
d 1 14367
d 1 14368
d 1 14369
d 1 14370
d 1 14371
d 1 14372
d 1 14373
d 1 14374
d 1 14375
d 1 14376
b 15161
b 15162
b 15163
b 15164
b 15165
b 15166
b 15167
b 15168
b 15169
b 15170
b 15171
b 15172
b 15173
b 15174
b 15175
b 15176
b 15177
b 15178
b 15179
b 15180
b 15181
b 15182
b 15183
b 15184
b 15185
b 15186
b 15187
b 15188
b 15189
b 15190
b 15191
b 15192
d 1 14377
d 1 14378
d 1 14379
d 1 14380
d 1 14381
d 1 14382
d 1 14383
d 1 14384
d 1 14385
d 1 14386
d 1 14387
d 1 14388
d 1 14389
d 1 14390
d 1 14391
d 1 14392
d 1 14393
d 1 14394
d 1 14395
d 1 14396
d 1 14397
d 1 14398
d 1 14399
d 1 14400
d 1 14401
d 1 14402
d 1 14403
d 1 14404
d 1 14405
d 1 14406
d 1 14407
d 1 14408
d 1 14409
d 1 14410
d 1 14411
d 1 14412
d 1 14413
d 1 14414
d 1 14415
d 1 14416
d 1 14417
d 1 14418
d 1 14419
d 1 14420
d 1 14421
d 1 14422
d 1 14423
d 1 14424
d 1 14425
d 1 14426
d 1 14427
d 1 14428
d 1 14429
d 1 14430
d 1 14431
d 1 14432
d 1 14433
d 1 14434
d 1 14435
d 1 14436
d 1 14437
d 1 14438
d 1 14439
d 1 14440
d 1 14441
d 1 14442
d 1 14443
d 1 14444
d 1 14445
d 1 14446
d 1 14447
d 1 14448
d 1 14449
d 1 14450
d 1 14451
d 1 14452
d 1 14453
d 1 14454
d 1 14455
d 1 14456
d 1 14457
d 1 14458
d 1 14459
d 1 14460
d 1 14461
d 1 14462
d 1 14463
d 1 14464
d 1 14465
d 1 14466
d 1 14467
d 1 14468
d 1 14469
d 1 14470
d 1 14471
d 1 14472
d 1 14473
d 1 14474
d 1 14475
d 1 14476
d 1 14477
d 1 14478
d 1 14479
d 1 14480
d 1 14481
d 1 14482
d 1 14483
d 1 14484
d 1 14485
d 1 14486
d 1 14487
d 1 14488
d 1 14489
d 1 14490
d 1 14491
d 1 14492
d 1 14493
d 1 14494
d 1 14495
d 1 14496
d 1 14497
d 1 14498
d 1 14499
d 1 14500
d 1 14501
d 1 14502
d 1 14503
d 1 14504
d 1 14505
d 1 14506
d 1 14507
d 1 14508
d 1 14509
d 1 14510
d 1 14511
d 1 14512
d 1 14513
d 1 14514
d 1 14515
d 1 14516
d 1 14517
d 1 14518
d 1 14519
d 1 14520
d 1 14521
d 1 14522
d 1 14523
d 1 14524
d 1 14525
d 1 14526
d 1 14527
d 1 14528
d 1 14529
d 1 14530
d 1 14531
d 1 14532
d 1 14533
d 1 14534
d 1 14535
d 1 14536
d 1 14537
d 1 14538
d 1 14539
d 1 14540
d 1 14541
d 1 14542
d 1 14543
d 1 14544
d 1 14545
d 1 14546
d 1 14547
d 1 14548
d 1 14549
d 1 14550
d 1 14551
d 1 14552
d 1 14553
d 1 14554
d 1 14555
d 1 14556
d 1 14557
d 1 14558
d 1 14559
d 1 14560
b 15193
b 15194
b 15195
b 15196
b 15197
b 15198
b 15199
b 15200
b 15201
b 15202
b 15203
b 15204
b 15205
b 15206
b 15207
b 15208
b 15209
b 15210
b 15211
b 15212
b 15213
b 15214
b 15215
b 15216
b 15217
b 15218
b 15219
b 15220
b 15221
b 15222
b 15223
b 15224
b 15225
b 15226
b 15227
b 15228
b 15229
b 15230
b 15231
b 15232
b 15233
b 15234
b 15235
b 15236
b 15237
b 15238
b 15239
b 15240
b 15241
b 15242
b 15243
b 15244
b 15245
b 15246
b 15247
b 15248
b 15249
b 15250
b 15251
b 15252
b 15253
b 15254
b 15255
b 15256
b 15257
b 15258
b 15259
b 15260
b 15261
b 15262
b 15263
b 15264
b 15265
b 15266
b 15267
b 15268
b 15269
b 15270
b 15271
b 15272
b 15273
b 15274
b 15275
b 15276
b 15277
b 15278
b 15279
b 15280
b 15281
b 15282
b 15283
b 15284
b 15285
b 15286
b 15287
b 15288
b 15289
b 15290
b 15291
b 15292
b 15293
b 15294
b 15295
b 15296
b 15297
b 15298
b 15299
b 15300
b 15301
b 15302
b 15303
b 15304
b 15305
b 15306
b 15307
b 15308
b 15309
b 15310
b 15311
b 15312
b 15313
b 15314
b 15315
b 15316
b 15317
b 15318
b 15319
b 15320
b 15321
b 15322
b 15323
b 15324
b 15325
b 15326
b 15327
b 15328
b 15329
b 15330
b 15331
b 15332
b 15333
b 15334
b 15335
b 15336
b 15337
b 15338
b 15339
b 15340
b 15341
b 15342
b 15343
b 15344
b 15345
b 15346
b 15347
b 15348
b 15349
b 15350
b 15351
b 15352
b 15353
b 15354
b 15355
b 15356
b 15357
b 15358
b 15359
b 15360
b 15361
b 15362
b 15363
b 15364
b 15365
b 15366
b 15367
b 15368
b 15369
b 15370
b 15371
b 15372
b 15373
b 15374
b 15375
b 15376
d 1 14561
d 1 14562
d 1 14563
d 1 14564
d 1 14565
d 1 14566
d 1 14567
d 1 14568
d 1 14569
d 1 14570
d 1 14571
d 1 14572
d 1 14573
d 1 14574
d 1 14575
d 1 14576
d 1 14577
d 1 14578
d 1 14579
d 1 14580
d 1 14581
d 1 14582
d 1 14583
d 1 14584
d 1 14585
d 1 14586
d 1 14587
d 1 14588
d 1 14589
d 1 14590
d 1 14591
d 1 14592
d 1 14593
d 1 14594
d 1 14595
d 1 14596
d 1 14597
d 1 14598
d 1 14599
d 1 14600
d 1 14601
d 1 14602
d 1 14603
d 1 14604
d 1 14605
d 1 14606
d 1 14607
d 1 14608
d 1 14609
d 1 14610
d 1 14611
d 1 14612
d 1 14613
d 1 14614
d 1 14615
d 1 14616
d 1 14617
d 1 14618
d 1 14619
d 1 14620
d 1 14621
d 1 14622
d 1 14623
d 1 14624
d 1 14625
d 1 14626
d 1 14627
d 1 14628
d 1 14629
d 1 14630
d 1 14631
d 1 14632
d 1 14633
d 1 14634
d 1 14635
d 1 14636
d 1 14637
d 1 14638
d 1 14639
d 1 14640
d 1 14641
d 1 14642
d 1 14643
d 1 14644
d 1 14645
d 1 14646
d 1 14647
d 1 14648
d 1 14649
d 1 14650
d 1 14651
d 1 14652
d 1 14653
d 1 14654
d 1 14655
d 1 14656
d 1 14657
d 1 14658
d 1 14659
d 1 14660
d 1 14661
d 1 14662
d 1 14663
d 1 14664
d 1 14665
d 1 14666
d 1 14667
d 1 14668
d 1 14669
d 1 14670
d 1 14671
d 1 14672
d 1 14673
d 1 14674
d 1 14675
d 1 14676
d 1 14677
d 1 14678
d 1 14679
d 1 14680
d 1 14681
d 1 14682
d 1 14683
d 1 14684
d 1 14685
d 1 14686
d 1 14687
d 1 14688
d 1 14689
d 1 14690
d 1 14691
d 1 14692
d 1 14693
d 1 14694
d 1 14695
d 1 14696
d 1 14697
d 1 14698
d 1 14699
d 1 14700
d 1 14701
d 1 14702
d 1 14703
d 1 14704
d 1 14705
d 1 14706
d 1 14707
d 1 14708
d 1 14709
d 1 14710
d 1 14711
d 1 14712
d 1 14713
d 1 14714
d 1 14715
d 1 14716
d 1 14717
d 1 14718
d 1 14719
d 1 14720
d 1 14721
d 1 14722
d 1 14723
d 1 14724
d 1 14725
d 1 14726
d 1 14727
d 1 14728
d 1 14729
d 1 14730
d 1 14731
d 1 14732
d 1 14733
d 1 14734
d 1 14735
d 1 14736
d 1 14737
d 1 14738
d 1 14739
d 1 14740
d 1 14741
d 1 14742
d 1 14743
d 1 14744
d 1 14745
d 1 14746
d 1 14747
d 1 14748
d 1 14749
d 1 14750
d 1 14751
d 1 14752
d 1 14753
d 1 14754
d 1 14755
d 1 14756
d 1 14757
d 1 14758
d 1 14759
d 1 14760
d 1 14761
d 1 14762
d 1 14763
d 1 14764
d 1 14765
d 1 14766
d 1 14767
d 1 14768
d 1 14769
d 1 14770
d 1 14771
d 1 14772
d 1 14773
d 1 14774
d 1 14775
d 1 14776
d 1 14777
d 1 14778
d 1 14779
d 1 14780
d 1 14781
d 1 14782
d 1 14783
d 1 14784
b 15377
b 15378
b 15379
b 15380
b 15381
b 15382
b 15383
b 15384
b 15385
b 15386
b 15387
b 15388
b 15389
b 15390
b 15391
b 15392
b 15393
b 15394
b 15395
b 15396
b 15397
b 15398
b 15399
b 15400
b 15401
b 15402
b 15403
b 15404
b 15405
b 15406
b 15407
b 15408
b 15409
b 15410
b 15411
b 15412
b 15413
b 15414
b 15415
b 15416
b 15417
b 15418
b 15419
b 15420
b 15421
b 15422
b 15423
b 15424
b 15425
b 15426
b 15427
b 15428
b 15429
b 15430
b 15431
b 15432
b 15433
b 15434
b 15435
b 15436
b 15437
b 15438
b 15439
b 15440
b 15441
b 15442
b 15443
b 15444
b 15445
b 15446
b 15447
b 15448
b 15449
b 15450
b 15451
b 15452
b 15453
b 15454
b 15455
b 15456
b 15457
b 15458
b 15459
b 15460
b 15461
b 15462
b 15463
b 15464
b 15465
b 15466
b 15467
b 15468
b 15469
b 15470
b 15471
b 15472
b 15473
b 15474
b 15475
b 15476
b 15477
b 15478
b 15479
b 15480
b 15481
b 15482
b 15483
b 15484
b 15485
b 15486
b 15487
b 15488
b 15489
b 15490
b 15491
b 15492
b 15493
b 15494
b 15495
b 15496
b 15497
b 15498
b 15499
b 15500
b 15501
b 15502
b 15503
b 15504
b 15505
b 15506
b 15507
b 15508
b 15509
b 15510
b 15511
b 15512
b 15513
b 15514
b 15515
b 15516
b 15517
b 15518
b 15519
b 15520
b 15521
b 15522
b 15523
b 15524
b 15525
b 15526
b 15527
b 15528
b 15529
b 15530
b 15531
b 15532
b 15533
b 15534
b 15535
b 15536
b 15537
b 15538
b 15539
b 15540
b 15541
b 15542
b 15543
b 15544
b 15545
b 15546
b 15547
b 15548
b 15549
b 15550
b 15551
b 15552
b 15553
b 15554
b 15555
b 15556
b 15557
b 15558
b 15559
b 15560
b 15561
b 15562
b 15563
b 15564
b 15565
b 15566
b 15567
b 15568
b 15569
b 15570
b 15571
b 15572
b 15573
b 15574
b 15575
b 15576
b 15577
b 15578
b 15579
b 15580
b 15581
b 15582
b 15583
b 15584
b 15585
b 15586
b 15587
b 15588
b 15589
b 15590
b 15591
b 15592
b 15593
b 15594
b 15595
b 15596
b 15597
b 15598
b 15599
b 15600
d 1 14785
d 1 14786
d 1 14787
d 1 14788
d 1 14789
d 1 14790
d 1 14791
d 1 14792
d 1 14793
d 1 14794
d 1 14795
d 1 14796
d 1 14797
d 1 14798
d 1 14799
d 1 14800
d 1 14801
d 1 14802
d 1 14803
d 1 14804
d 1 14805
d 1 14806
d 1 14807
d 1 14808
d 1 14809
d 1 14810
d 1 14811
d 1 14812
d 1 14813
d 1 14814
d 1 14815
d 1 14816
d 1 14817
d 1 14818
d 1 14819
d 1 14820
d 1 14821
d 1 14822
d 1 14823
d 1 14824
d 1 14825
d 1 14826
d 1 14827
d 1 14828
d 1 14829
d 1 14830
d 1 14831
d 1 14832
d 1 14833
d 1 14834
d 1 14835
d 1 14836
d 1 14837
d 1 14838
d 1 14839
d 1 14840
d 1 14841
d 1 14842
d 1 14843
d 1 14844
d 1 14845
d 1 14846
d 1 14847
d 1 14848
d 1 14849
d 1 14850
d 1 14851
d 1 14852
d 1 14853
d 1 14854
d 1 14855
d 1 14856
d 1 14857
d 1 14858
d 1 14859
d 1 14860
d 1 14861
d 1 14862
d 1 14863
d 1 14864
d 1 14865
d 1 14866
d 1 14867
d 1 14868
d 1 14869
d 1 14870
d 1 14871
d 1 14872
d 1 14873
d 1 14874
d 1 14875
d 1 14876
d 1 14877
d 1 14878
d 1 14879
d 1 14880
d 1 14881
d 1 14882
d 1 14883
d 1 14884
d 1 14885
d 1 14886
d 1 14887
d 1 14888
d 1 14889
d 1 14890
d 1 14891
d 1 14892
d 1 14893
d 1 14894
d 1 14895
d 1 14896
d 1 14897
d 1 14898
d 1 14899
d 1 14900
d 1 14901
d 1 14902
d 1 14903
d 1 14904
d 1 14905
d 1 14906
d 1 14907
d 1 14908
d 1 14909
d 1 14910
d 1 14911
d 1 14912
b 15601
b 15602
b 15603
b 15604
b 15605
b 15606
b 15607
b 15608
b 15609
b 15610
b 15611
b 15612
b 15613
b 15614
b 15615
b 15616
b 15617
b 15618
b 15619
b 15620
b 15621
b 15622
b 15623
b 15624
b 15625
b 15626
b 15627
b 15628
b 15629
b 15630
b 15631
b 15632
b 15633
b 15634
b 15635
b 15636
b 15637
b 15638
b 15639
b 15640
b 15641
b 15642
b 15643
b 15644
b 15645
b 15646
b 15647
b 15648
b 15649
b 15650
b 15651
b 15652
b 15653
b 15654
b 15655
b 15656
b 15657
b 15658
b 15659
b 15660
b 15661
b 15662
b 15663
b 15664
b 15665
b 15666
b 15667
b 15668
b 15669
b 15670
b 15671
b 15672
b 15673
b 15674
b 15675
b 15676
b 15677
b 15678
b 15679
b 15680
b 15681
b 15682
b 15683
b 15684
b 15685
b 15686
b 15687
b 15688
b 15689
b 15690
b 15691
b 15692
b 15693
b 15694
b 15695
b 15696
b 15697
b 15698
b 15699
b 15700
b 15701
b 15702
b 15703
b 15704
b 15705
b 15706
b 15707
b 15708
b 15709
b 15710
b 15711
b 15712
b 15713
b 15714
b 15715
b 15716
b 15717
b 15718
b 15719
b 15720
b 15721
b 15722
b 15723
b 15724
b 15725
b 15726
b 15727
b 15728
d 1 14913
d 1 14914
d 1 14915
d 1 14916
d 1 14917
d 1 14918
d 1 14919
d 1 14920
d 1 14921
d 1 14922
d 1 14923
d 1 14924
d 1 14925
d 1 14926
d 1 14927
d 1 14928
d 1 14929
d 1 14930
d 1 14931
d 1 14932
d 1 14933
d 1 14934
d 1 14935
d 1 14936
d 1 14937
d 1 14938
d 1 14939
d 1 14940
d 1 14941
d 1 14942
d 1 14943
d 1 14944
d 1 14945
d 1 14946
d 1 14947
d 1 14948
d 1 14949
d 1 14950
d 1 14951
d 1 14952
d 1 14953
d 1 14954
d 1 14955
d 1 14956
d 1 14957
d 1 14958
d 1 14959
d 1 14960
d 1 14961
d 1 14962
d 1 14963
d 1 14964
d 1 14965
d 1 14966
d 1 14967
d 1 14968
d 1 14969
d 1 14970
d 1 14971
d 1 14972
d 1 14973
d 1 14974
d 1 14975
d 1 14976
d 1 14977
d 1 14978
d 1 14979
d 1 14980
d 1 14981
d 1 14982
d 1 14983
d 1 14984
d 1 14985
d 1 14986
d 1 14987
d 1 14988
d 1 14989
d 1 14990
d 1 14991
d 1 14992
d 1 14993
d 1 14994
d 1 14995
d 1 14996
d 1 14997
d 1 14998
d 1 14999
d 1 15000
d 1 15001
d 1 15002
d 1 15003
d 1 15004
d 1 15005
d 1 15006
d 1 15007
d 1 15008
d 1 15009
d 1 15010
d 1 15011
d 1 15012
d 1 15013
d 1 15014
d 1 15015
d 1 15016
d 1 15017
d 1 15018
d 1 15019
d 1 15020
d 1 15021
d 1 15022
d 1 15023
d 1 15024
d 1 15025
d 1 15026
d 1 15027
d 1 15028
d 1 15029
d 1 15030
d 1 15031
d 1 15032
d 1 15033
d 1 15034
d 1 15035
d 1 15036
d 1 15037
d 1 15038
d 1 15039
d 1 15040
d 1 15041
d 1 15042
d 1 15043
d 1 15044
d 1 15045
d 1 15046
d 1 15047
d 1 15048
d 1 15049
d 1 15050
d 1 15051
d 1 15052
d 1 15053
d 1 15054
d 1 15055
d 1 15056
d 1 15057
d 1 15058
d 1 15059
d 1 15060
d 1 15061
d 1 15062
d 1 15063
d 1 15064
d 1 15065
d 1 15066
d 1 15067
d 1 15068
d 1 15069
d 1 15070
d 1 15071
d 1 15072
d 1 15073
d 1 15074
d 1 15075
d 1 15076
d 1 15077
d 1 15078
d 1 15079
d 1 15080
d 1 15081
d 1 15082
d 1 15083
d 1 15084
d 1 15085
d 1 15086
d 1 15087
d 1 15088
d 1 15089
d 1 15090
d 1 15091
d 1 15092
d 1 15093
d 1 15094
d 1 15095
d 1 15096
d 1 15097
d 1 15098
d 1 15099
d 1 15100
d 1 15101
d 1 15102
d 1 15103
d 1 15104
d 1 15105
d 1 15106
d 1 15107
d 1 15108
d 1 15109
d 1 15110
d 1 15111
d 1 15112
d 1 15113
d 1 15114
d 1 15115
d 1 15116
d 1 15117
d 1 15118
d 1 15119
d 1 15120
d 1 15121
d 1 15122
d 1 15123
d 1 15124
d 1 15125
d 1 15126
d 1 15127
d 1 15128
d 1 15129
d 1 15130
d 1 15131
d 1 15132
d 1 15133
d 1 15134
d 1 15135
d 1 15136
d 1 15137
d 1 15138
d 1 15139
d 1 15140
d 1 15141
d 1 15142
d 1 15143
d 1 15144
d 1 15145
d 1 15146
d 1 15147
d 1 15148
d 1 15149
d 1 15150
d 1 15151
d 1 15152
d 1 15153
d 1 15154
d 1 15155
d 1 15156
d 1 15157
d 1 15158
d 1 15159
d 1 15160
d 1 15161
d 1 15162
d 1 15163
d 1 15164
d 1 15165
d 1 15166
d 1 15167
d 1 15168
d 1 15169
d 1 15170
d 1 15171
d 1 15172
d 1 15173
d 1 15174
d 1 15175
d 1 15176
d 1 15177
d 1 15178
d 1 15179
d 1 15180
d 1 15181
d 1 15182
d 1 15183
d 1 15184
d 1 15185
d 1 15186
d 1 15187
d 1 15188
d 1 15189
d 1 15190
d 1 15191
d 1 15192
d 1 15193
d 1 15194
d 1 15195
d 1 15196
d 1 15197
d 1 15198
d 1 15199
d 1 15200
d 1 15201
d 1 15202
d 1 15203
d 1 15204
d 1 15205
d 1 15206
d 1 15207
d 1 15208
b 15729
b 15730
b 15731
b 15732
b 15733
b 15734
b 15735
b 15736
b 15737
b 15738
b 15739
b 15740
b 15741
b 15742
b 15743
b 15744
b 15745
b 15746
b 15747
b 15748
b 15749
b 15750
b 15751
b 15752
b 15753
b 15754
b 15755
b 15756
b 15757
b 15758
b 15759
b 15760
b 15761
b 15762
b 15763
b 15764
b 15765
b 15766
b 15767
b 15768
b 15769
b 15770
b 15771
b 15772
b 15773
b 15774
b 15775
b 15776
b 15777
b 15778
b 15779
b 15780
b 15781
b 15782
b 15783
b 15784
b 15785
b 15786
b 15787
b 15788
b 15789
b 15790
b 15791
b 15792
b 15793
b 15794
b 15795
b 15796
b 15797
b 15798
b 15799
b 15800
b 15801
b 15802
b 15803
b 15804
b 15805
b 15806
b 15807
b 15808
b 15809
b 15810
b 15811
b 15812
b 15813
b 15814
b 15815
b 15816
b 15817
b 15818
b 15819
b 15820
b 15821
b 15822
b 15823
b 15824
b 15825
b 15826
b 15827
b 15828
b 15829
b 15830
b 15831
b 15832
b 15833
b 15834
b 15835
b 15836
b 15837
b 15838
b 15839
b 15840
b 15841
b 15842
b 15843
b 15844
b 15845
b 15846
b 15847
b 15848
b 15849
b 15850
b 15851
b 15852
b 15853
b 15854
b 15855
b 15856
b 15857
b 15858
b 15859
b 15860
b 15861
b 15862
b 15863
b 15864
b 15865
b 15866
b 15867
b 15868
b 15869
b 15870
b 15871
b 15872
b 15873
b 15874
b 15875
b 15876
b 15877
b 15878
b 15879
b 15880
b 15881
b 15882
b 15883
b 15884
b 15885
b 15886
b 15887
b 15888
b 15889
b 15890
b 15891
b 15892
b 15893
b 15894
b 15895
b 15896
b 15897
b 15898
b 15899
b 15900
b 15901
b 15902
b 15903
b 15904
b 15905
b 15906
b 15907
b 15908
b 15909
b 15910
b 15911
b 15912
b 15913
b 15914
b 15915
b 15916
b 15917
b 15918
b 15919
b 15920
b 15921
b 15922
b 15923
b 15924
b 15925
b 15926
b 15927
b 15928
b 15929
b 15930
b 15931
b 15932
b 15933
b 15934
b 15935
b 15936
b 15937
b 15938
b 15939
b 15940
b 15941
b 15942
b 15943
b 15944
b 15945
b 15946
b 15947
b 15948
b 15949
b 15950
b 15951
b 15952
b 15953
b 15954
b 15955
b 15956
b 15957
b 15958
b 15959
b 15960
b 15961
b 15962
b 15963
b 15964
b 15965
b 15966
b 15967
b 15968
b 15969
b 15970
b 15971
b 15972
b 15973
b 15974
b 15975
b 15976
b 15977
b 15978
b 15979
b 15980
b 15981
b 15982
b 15983
b 15984
b 15985
b 15986
b 15987
b 15988
b 15989
b 15990
b 15991
b 15992
b 15993
b 15994
b 15995
b 15996
b 15997
b 15998
b 15999
b 16000
b 16001
b 16002
b 16003
b 16004
b 16005
b 16006
b 16007
b 16008
b 16009
b 16010
b 16011
b 16012
b 16013
b 16014
b 16015
b 16016
b 16017
b 16018
b 16019
b 16020
b 16021
b 16022
b 16023
b 16024
d 1 15209
d 1 15210
d 1 15211
d 1 15212
d 1 15213
d 1 15214
d 1 15215
d 1 15216
d 1 15217
d 1 15218
d 1 15219
d 1 15220
d 1 15221
d 1 15222
d 1 15223
d 1 15224
d 1 15225
d 1 15226
d 1 15227
d 1 15228
d 1 15229
d 1 15230
d 1 15231
d 1 15232
d 1 15233
d 1 15234
d 1 15235
d 1 15236
d 1 15237
d 1 15238
d 1 15239
d 1 15240
d 1 15241
d 1 15242
d 1 15243
d 1 15244
d 1 15245
d 1 15246
d 1 15247
d 1 15248
d 1 15249
d 1 15250
d 1 15251
d 1 15252
d 1 15253
d 1 15254
d 1 15255
d 1 15256
d 1 15257
d 1 15258
d 1 15259
d 1 15260
d 1 15261
d 1 15262
d 1 15263
d 1 15264
d 1 15265
d 1 15266
d 1 15267
d 1 15268
d 1 15269
d 1 15270
d 1 15271
d 1 15272
d 1 15273
d 1 15274
d 1 15275
d 1 15276
d 1 15277
d 1 15278
d 1 15279
d 1 15280
d 1 15281
d 1 15282
d 1 15283
d 1 15284
d 1 15285
d 1 15286
d 1 15287
d 1 15288
d 1 15289
d 1 15290
d 1 15291
d 1 15292
d 1 15293
d 1 15294
d 1 15295
d 1 15296
d 1 15297
d 1 15298
d 1 15299
d 1 15300
d 1 15301
d 1 15302
d 1 15303
d 1 15304
d 1 15305
d 1 15306
d 1 15307
d 1 15308
d 1 15309
d 1 15310
d 1 15311
d 1 15312
d 1 15313
d 1 15314
d 1 15315
d 1 15316
d 1 15317
d 1 15318
d 1 15319
d 1 15320
d 1 15321
d 1 15322
d 1 15323
d 1 15324
d 1 15325
d 1 15326
d 1 15327
d 1 15328
d 1 15329
d 1 15330
d 1 15331
d 1 15332
d 1 15333
d 1 15334
d 1 15335
d 1 15336
d 1 15337
d 1 15338
d 1 15339
d 1 15340
d 1 15341
d 1 15342
d 1 15343
d 1 15344
d 1 15345
d 1 15346
d 1 15347
d 1 15348
d 1 15349
d 1 15350
d 1 15351
d 1 15352
d 1 15353
d 1 15354
d 1 15355
d 1 15356
d 1 15357
d 1 15358
d 1 15359
d 1 15360
d 1 15361
d 1 15362
d 1 15363
d 1 15364
d 1 15365
d 1 15366
d 1 15367
d 1 15368
b 16025
b 16026
b 16027
b 16028
b 16029
b 16030
b 16031
b 16032
b 16033
b 16034
b 16035
b 16036
b 16037
b 16038
b 16039
b 16040
b 16041
b 16042
b 16043
b 16044
b 16045
b 16046
b 16047
b 16048
b 16049
b 16050
b 16051
b 16052
b 16053
b 16054
b 16055
b 16056
b 16057
b 16058
b 16059
b 16060
b 16061
b 16062
b 16063
b 16064
b 16065
b 16066
b 16067
b 16068
b 16069
b 16070
b 16071
b 16072
b 16073
b 16074
b 16075
b 16076
b 16077
b 16078
b 16079
b 16080
b 16081
b 16082
b 16083
b 16084
b 16085
b 16086
b 16087
b 16088
b 16089
b 16090
b 16091
b 16092
b 16093
b 16094
b 16095
b 16096
b 16097
b 16098
b 16099
b 16100
b 16101
b 16102
b 16103
b 16104
b 16105
b 16106
b 16107
b 16108
b 16109
b 16110
b 16111
b 16112
b 16113
b 16114
b 16115
b 16116
b 16117
b 16118
b 16119
b 16120
b 16121
b 16122
b 16123
b 16124
b 16125
b 16126
b 16127
b 16128
b 16129
b 16130
b 16131
b 16132
b 16133
b 16134
b 16135
b 16136
b 16137
b 16138
b 16139
b 16140
b 16141
b 16142
b 16143
b 16144
b 16145
b 16146
b 16147
b 16148
b 16149
b 16150
b 16151
b 16152
b 16153
b 16154
b 16155
b 16156
b 16157
b 16158
b 16159
b 16160
b 16161
b 16162
b 16163
b 16164
b 16165
b 16166
b 16167
b 16168
b 16169
b 16170
b 16171
b 16172
b 16173
b 16174
b 16175
b 16176
b 16177
b 16178
b 16179
b 16180
b 16181
b 16182
b 16183
b 16184
d 1 15369
d 1 15370
d 1 15371
d 1 15372
d 1 15373
d 1 15374
d 1 15375
d 1 15376
d 1 15377
d 1 15378
d 1 15379
d 1 15380
d 1 15381
d 1 15382
d 1 15383
d 1 15384
d 1 15385
d 1 15386
d 1 15387
d 1 15388
d 1 15389
d 1 15390
d 1 15391
d 1 15392
d 1 15393
d 1 15394
d 1 15395
d 1 15396
d 1 15397
d 1 15398
d 1 15399
d 1 15400
d 1 15401
d 1 15402
d 1 15403
d 1 15404
d 1 15405
d 1 15406
d 1 15407
d 1 15408
d 1 15409
d 1 15410
d 1 15411
d 1 15412
d 1 15413
d 1 15414
d 1 15415
d 1 15416
d 1 15417
d 1 15418
d 1 15419
d 1 15420
d 1 15421
d 1 15422
d 1 15423
d 1 15424
d 1 15425
d 1 15426
d 1 15427
d 1 15428
d 1 15429
d 1 15430
d 1 15431
d 1 15432
d 1 15433
d 1 15434
d 1 15435
d 1 15436
d 1 15437
d 1 15438
d 1 15439
d 1 15440
d 1 15441
d 1 15442
d 1 15443
d 1 15444
d 1 15445
d 1 15446
d 1 15447
d 1 15448
d 1 15449
d 1 15450
d 1 15451
d 1 15452
d 1 15453
d 1 15454
d 1 15455
d 1 15456
d 1 15457
d 1 15458
d 1 15459
d 1 15460
d 1 15461
d 1 15462
d 1 15463
d 1 15464
b 16185
b 16186
b 16187
b 16188
b 16189
b 16190
b 16191
b 16192
b 16193
b 16194
b 16195
b 16196
b 16197
b 16198
b 16199
b 16200
b 16201
b 16202
b 16203
b 16204
b 16205
b 16206
b 16207
b 16208
b 16209
b 16210
b 16211
b 16212
b 16213
b 16214
b 16215
b 16216
b 16217
b 16218
b 16219
b 16220
b 16221
b 16222
b 16223
b 16224
b 16225
b 16226
b 16227
b 16228
b 16229
b 16230
b 16231
b 16232
b 16233
b 16234
b 16235
b 16236
b 16237
b 16238
b 16239
b 16240
b 16241
b 16242
b 16243
b 16244
b 16245
b 16246
b 16247
b 16248
b 16249
b 16250
b 16251
b 16252
b 16253
b 16254
b 16255
b 16256
b 16257
b 16258
b 16259
b 16260
b 16261
b 16262
b 16263
b 16264
b 16265
b 16266
b 16267
b 16268
b 16269
b 16270
b 16271
b 16272
b 16273
b 16274
b 16275
b 16276
b 16277
b 16278
b 16279
b 16280
d 1 15465
d 1 15466
d 1 15467
d 1 15468
d 1 15469
d 1 15470
d 1 15471
d 1 15472
d 1 15473
d 1 15474
d 1 15475
d 1 15476
d 1 15477
d 1 15478
d 1 15479
d 1 15480
d 1 15481
d 1 15482
d 1 15483
d 1 15484
d 1 15485
d 1 15486
d 1 15487
d 1 15488
d 1 15489
d 1 15490
d 1 15491
d 1 15492
d 1 15493
d 1 15494
d 1 15495
d 1 15496
d 1 15497
d 1 15498
d 1 15499
d 1 15500
d 1 15501
d 1 15502
d 1 15503
d 1 15504
d 1 15505
d 1 15506
d 1 15507
d 1 15508
d 1 15509
d 1 15510
d 1 15511
d 1 15512
d 1 15513
d 1 15514
d 1 15515
d 1 15516
d 1 15517
d 1 15518
d 1 15519
d 1 15520
d 1 15521
d 1 15522
d 1 15523
d 1 15524
d 1 15525
d 1 15526
d 1 15527
d 1 15528
d 1 15529
d 1 15530
d 1 15531
d 1 15532
d 1 15533
d 1 15534
d 1 15535
d 1 15536
d 1 15537
d 1 15538
d 1 15539
d 1 15540
d 1 15541
d 1 15542
d 1 15543
d 1 15544
d 1 15545
d 1 15546
d 1 15547
d 1 15548
d 1 15549
d 1 15550
d 1 15551
d 1 15552
d 1 15553
d 1 15554
d 1 15555
d 1 15556
d 1 15557
d 1 15558
d 1 15559
d 1 15560
d 1 15561
d 1 15562
d 1 15563
d 1 15564
d 1 15565
d 1 15566
d 1 15567
d 1 15568
d 1 15569
d 1 15570
d 1 15571
d 1 15572
d 1 15573
d 1 15574
d 1 15575
d 1 15576
d 1 15577
d 1 15578
d 1 15579
d 1 15580
d 1 15581
d 1 15582
d 1 15583
d 1 15584
d 1 15585
d 1 15586
d 1 15587
d 1 15588
d 1 15589
d 1 15590
d 1 15591
d 1 15592
d 1 15593
d 1 15594
d 1 15595
d 1 15596
d 1 15597
d 1 15598
d 1 15599
d 1 15600
d 1 15601
d 1 15602
d 1 15603
d 1 15604
d 1 15605
d 1 15606
d 1 15607
d 1 15608
d 1 15609
d 1 15610
d 1 15611
d 1 15612
d 1 15613
d 1 15614
d 1 15615
d 1 15616
d 1 15617
d 1 15618
d 1 15619
d 1 15620
d 1 15621
d 1 15622
d 1 15623
d 1 15624
d 1 15625
d 1 15626
d 1 15627
d 1 15628
d 1 15629
d 1 15630
d 1 15631
d 1 15632
d 1 15633
d 1 15634
d 1 15635
d 1 15636
d 1 15637
d 1 15638
d 1 15639
d 1 15640
d 1 15641
d 1 15642
d 1 15643
d 1 15644
d 1 15645
d 1 15646
d 1 15647
d 1 15648
d 1 15649
d 1 15650
d 1 15651
d 1 15652
d 1 15653
d 1 15654
d 1 15655
d 1 15656
d 1 15657
d 1 15658
d 1 15659
d 1 15660
d 1 15661
d 1 15662
d 1 15663
d 1 15664
d 1 15665
d 1 15666
d 1 15667
d 1 15668
d 1 15669
d 1 15670
d 1 15671
d 1 15672
d 1 15673
d 1 15674
d 1 15675
d 1 15676
d 1 15677
d 1 15678
d 1 15679
d 1 15680
d 1 15681
d 1 15682
d 1 15683
d 1 15684
d 1 15685
d 1 15686
d 1 15687
d 1 15688
d 1 15689
d 1 15690
d 1 15691
d 1 15692
d 1 15693
d 1 15694
d 1 15695
d 1 15696
d 1 15697
d 1 15698
d 1 15699
d 1 15700
d 1 15701
d 1 15702
d 1 15703
d 1 15704
d 1 15705
d 1 15706
d 1 15707
d 1 15708
d 1 15709
d 1 15710
d 1 15711
d 1 15712
d 1 15713
d 1 15714
d 1 15715
d 1 15716
d 1 15717
d 1 15718
d 1 15719
d 1 15720
d 1 15721
d 1 15722
d 1 15723
d 1 15724
d 1 15725
d 1 15726
d 1 15727
d 1 15728
d 1 15729
d 1 15730
d 1 15731
d 1 15732
d 1 15733
d 1 15734
d 1 15735
d 1 15736
d 1 15737
d 1 15738
d 1 15739
d 1 15740
d 1 15741
d 1 15742
d 1 15743
d 1 15744
d 1 15745
d 1 15746
d 1 15747
d 1 15748
d 1 15749
d 1 15750
d 1 15751
d 1 15752
d 1 15753
d 1 15754
d 1 15755
d 1 15756
d 1 15757
d 1 15758
d 1 15759
d 1 15760
d 1 15761
d 1 15762
d 1 15763
d 1 15764
d 1 15765
d 1 15766
d 1 15767
d 1 15768
d 1 15769
d 1 15770
d 1 15771
d 1 15772
d 1 15773
d 1 15774
d 1 15775
d 1 15776
b 16281
b 16282
b 16283
b 16284
b 16285
b 16286
b 16287
b 16288
b 16289
b 16290
b 16291
b 16292
b 16293
b 16294
b 16295
b 16296
b 16297
b 16298
b 16299
b 16300
b 16301
b 16302
b 16303
b 16304
b 16305
b 16306
b 16307
b 16308
b 16309
b 16310
b 16311
b 16312
b 16313
b 16314
b 16315
b 16316
b 16317
b 16318
b 16319
b 16320
b 16321
b 16322
b 16323
b 16324
b 16325
b 16326
b 16327
b 16328
b 16329
b 16330
b 16331
b 16332
b 16333
b 16334
b 16335
b 16336
b 16337
b 16338
b 16339
b 16340
b 16341
b 16342
b 16343
b 16344
b 16345
b 16346
b 16347
b 16348
b 16349
b 16350
b 16351
b 16352
b 16353
b 16354
b 16355
b 16356
b 16357
b 16358
b 16359
b 16360
b 16361
b 16362
b 16363
b 16364
b 16365
b 16366
b 16367
b 16368
b 16369
b 16370
b 16371
b 16372
b 16373
b 16374
b 16375
b 16376
b 16377
b 16378
b 16379
b 16380
b 16381
b 16382
b 16383
b 16384
b 16385
b 16386
b 16387
b 16388
b 16389
b 16390
b 16391
b 16392
b 16393
b 16394
b 16395
b 16396
b 16397
b 16398
b 16399
b 16400
b 16401
b 16402
b 16403
b 16404
b 16405
b 16406
b 16407
b 16408
b 16409
b 16410
b 16411
b 16412
b 16413
b 16414
b 16415
b 16416
b 16417
b 16418
b 16419
b 16420
b 16421
b 16422
b 16423
b 16424
b 16425
b 16426
b 16427
b 16428
b 16429
b 16430
b 16431
b 16432
b 16433
b 16434
b 16435
b 16436
b 16437
b 16438
b 16439
b 16440
b 16441
b 16442
b 16443
b 16444
b 16445
b 16446
b 16447
b 16448
b 16449
b 16450
b 16451
b 16452
b 16453
b 16454
b 16455
b 16456
b 16457
b 16458
b 16459
b 16460
b 16461
b 16462
b 16463
b 16464
b 16465
b 16466
b 16467
b 16468
b 16469
b 16470
b 16471
b 16472
b 16473
b 16474
b 16475
b 16476
b 16477
b 16478
b 16479
b 16480
b 16481
b 16482
b 16483
b 16484
b 16485
b 16486
b 16487
b 16488
b 16489
b 16490
b 16491
b 16492
b 16493
b 16494
b 16495
b 16496
b 16497
b 16498
b 16499
b 16500
b 16501
b 16502
b 16503
b 16504
b 16505
b 16506
b 16507
b 16508
b 16509
b 16510
b 16511
b 16512
b 16513
b 16514
b 16515
b 16516
b 16517
b 16518
b 16519
b 16520
b 16521
b 16522
b 16523
b 16524
b 16525
b 16526
b 16527
b 16528
b 16529
b 16530
b 16531
b 16532
b 16533
b 16534
b 16535
b 16536
b 16537
b 16538
b 16539
b 16540
b 16541
b 16542
b 16543
b 16544
b 16545
b 16546
b 16547
b 16548
b 16549
b 16550
b 16551
b 16552
b 16553
b 16554
b 16555
b 16556
b 16557
b 16558
b 16559
b 16560
b 16561
b 16562
b 16563
b 16564
b 16565
b 16566
b 16567
b 16568
b 16569
b 16570
b 16571
b 16572
b 16573
b 16574
b 16575
b 16576
b 16577
b 16578
b 16579
b 16580
b 16581
b 16582
b 16583
b 16584
b 16585
b 16586
b 16587
b 16588
b 16589
b 16590
b 16591
b 16592
